country,city,co_aqi_value,ozone_aqi_value,no2_aqi_value,pm2_5_aqi_value,aqi_category
Russian Federation,Praskoveya,1,36,0,51,Moderate
Brazil,Presidente Dutra,1,5,1,41,Good
Italy,Priolo Gargallo,1,39,2,66,Moderate
Poland,Przasnysz,1,34,0,20,Good
France,Punaauia,0,22,0,6,Good
United States of America,Punta Gorda,1,14,11,54,Moderate
Germany,Puttlingen,1,35,3,62,Moderate
Belgium,Puurs,1,29,7,64,Moderate
Russian Federation,Pyatigorsk,1,41,1,54,Moderate
Egypt,Qalyub,3,89,9,142,Unhealthy for Sensitive Groups
China,Qinzhou,2,68,1,58,Moderate
Netherlands,Raalte,1,24,6,41,Good
India,Radaur,3,139,1,158,Unhealthy
Pakistan,Radhan,1,50,1,158,Unhealthy
Republic of North Macedonia,Radovis,1,46,0,83,Moderate
France,Raismes,1,30,4,59,Moderate
India,Rajgir,3,100,2,154,Unhealthy
Italy,Ramacca,1,47,0,55,Moderate
United States of America,Phoenix,1,4,23,72,Moderate
India,Phulabani,2,71,0,161,Unhealthy
Poland,Piaseczno,1,28,2,28,Good
India,Pimpri,2,30,2,118,Unhealthy for Sensitive Groups
Brazil,Pindobacu,0,10,1,33,Good
China,Pingyin,3,95,6,150,Unhealthy
Brazil,Pinheiral,5,0,13,154,Unhealthy
India,Piravam,1,24,1,81,Moderate
Colombia,Plato,1,16,2,67,Moderate
Romania,Poiana Mare,1,37,1,62,Moderate
Russian Federation,Polevskoy,1,31,0,17,Good
France,Pontarlier,1,35,0,56,Moderate
United States of America,Pontiac,2,22,15,77,Moderate
Indonesia,Pontianak,1,15,0,44,Good
Brazil,Porecatu,1,9,2,30,Good
Finland,Pori,1,30,1,15,Good
South Africa,Port Elizabeth,3,18,5,79,Moderate
United States of America,Port Neches,1,19,7,34,Good
United Kingdom of Great Britain and Northern Ireland,Port Talbot,1,20,5,51,Moderate
United States of America,Portales,1,34,0,77,Moderate
United States of America,Post Falls,1,32,3,61,Moderate
Brazil,Pouso Alegre,1,7,2,32,Good
China,Dalinghe,3,64,4,64,Moderate
Russian Federation,Dalnegorsk,0,29,0,25,Good
United Republic of Tanzania,Dar Es Salaam,1,23,0,51,Moderate
India,Darbhanga,3,162,1,247,Very Unhealthy
United States of America,Dayton,1,32,7,45,Good
Belgium,Deinze,1,25,3,36,Good
Egypt,Dekernes,2,81,4,56,Moderate
Haiti,Delmas,2,15,5,124,Unhealthy for Sensitive Groups
United States of America,Deming,1,26,2,72,Moderate
United Kingdom of Great Britain and Northern Ireland,Denton,0,32,1,55,Moderate
United States of America,Destin,0,31,0,25,Good
Pakistan,Dhadar,1,89,0,157,Unhealthy
India,Dharmapuri,1,31,1,60,Moderate
Pakistan,Digri,1,40,0,153,Unhealthy
Somalia,Dinsor,0,19,0,22,Good
Philippines,Dipolog,1,17,0,30,Good
Latvia,Dobele,1,34,0,44,Good
United States of America,Grandville,1,37,4,47,Good
Netherlands,Grave,0,32,2,37,Good
United States of America,Green Valley,1,14,8,44,Good
United States of America,Greendale,2,14,24,58,Moderate
Poland,Grudziadz,0,33,0,37,Good
Colombia,Guamo,3,3,6,89,Moderate
Italy,Guardiagrele,2,38,7,52,Moderate
Chad,Guelengdeng,2,16,0,59,Moderate
United Kingdom of Great Britain and Northern Ireland,Guildford,1,25,6,51,Moderate
Philippines,Guiset,1,26,1,66,Moderate
Russian Federation,Gukovo,1,38,0,13,Good
United States of America,Havre De Grace,1,30,7,34,Good
United States of America,Hazelwood,2,11,20,88,Moderate
Germany,Heddesheim,1,31,3,54,Moderate
Germany,Heiligenhaus,1,28,3,44,Good
United Kingdom of Great Britain and Northern Ireland,Hemel Hempstead,1,26,6,51,Moderate
United States of America,Hicksville,2,15,23,67,Moderate
Brazil,Hidrolandia,1,5,2,42,Good
India,Gyanpur,2,99,1,189,Unhealthy
Germany,Haiger,1,25,3,49,Good
China,Hangzhou,5,203,5,151,Very Unhealthy
Germany,Harrislee,0,32,0,35,Good
United States of America,Harrison,1,25,2,90,Moderate
India,Harur,1,26,1,67,Moderate
Germany,Hasbergen,0,34,1,36,Good
France,Haubourdin,1,28,4,48,Good
United States of America,Taunton,1,28,10,41,Good
New Zealand,Tauranga,0,19,1,17,Good
Tunisia,Tawzar,1,43,0,73,Moderate
Viet Nam,Tay Ninh,0,18,1,45,Good
Iran (Islamic Republic of),Taybad,1,43,0,170,Unhealthy
Italy,Teano,1,47,1,36,Good
India,Tekkali,3,82,1,155,Unhealthy
Brazil,Teodoro Sampaio,1,9,1,46,Good
Mexico,Tepeaca,5,2,11,172,Unhealthy
Mexico,Tequila,1,15,2,64,Moderate
Italy,Teramo,1,44,1,38,Good
Viet Nam,Thai Nguyen,3,150,1,105,Unhealthy
China,Tianjin,4,113,9,142,Unhealthy for Sensitive Groups
Indonesia,Tidore,0,13,0,21,Good
Romania,Timisoara,1,42,0,47,Good
Tunisia,Tinjah,1,48,1,29,Good
Philippines,Toboso,1,20,0,54,Moderate
Japan,Tokorozawa,1,44,3,60,Moderate
Mexico,Toluca,4,8,19,166,Unhealthy
Brazil,Itapissuma,0,23,1,27,Good
Brazil,Itarantim,1,7,1,23,Good
Brazil,Itumbiara,1,13,0,31,Good
Mexico,Ixtaczoquitlan,3,13,9,88,Moderate
El Salvador,Izalco,2,22,9,90,Moderate
United Republic of Tanzania,Izazi,1,15,0,28,Good
Russian Federation,Izberbash,1,38,0,51,Moderate
India,Jabalpur,1,38,0,170,Unhealthy
Brazil,Jaguaquara,0,9,1,22,Good
India,Jahanabad,4,168,1,156,Unhealthy
Bulgaria,Jambol,1,40,0,32,Good
Poland,Jarocin,1,27,2,47,Good
Philippines,Jasaan,1,32,0,59,Moderate
Nigeria,Ilobu,4,23,3,133,Unhealthy for Sensitive Groups
Finland,Imatra,1,29,1,7,Good
Brazil,Indaial,2,2,8,73,Moderate
Philippines,Indang,0,24,0,50,Good
Brazil,Itagi,0,9,1,25,Good
Nigeria,Iseyin,3,18,2,90,Moderate
Mexico,Isla,2,26,3,81,Moderate
Brazil,Itaitinga,0,20,1,29,Good
Brazil,Itambe,0,8,1,21,Good
Brazil,Itapemirim,1,16,1,44,Good
South Sudan,Torit,1,12,0,65,Moderate
Guatemala,Totonicapan,2,7,6,66,Moderate
United States of America,Trenton,1,28,10,53,Moderate
United States of America,Trujillo Alto,0,23,0,56,Moderate
Ireland,Tullamore,1,26,3,57,Moderate
Turkey,Tunceli,0,35,0,62,Moderate
Viet Nam,Tuyen Quang,4,167,1,107,Unhealthy
United States of America,Two Rivers,1,27,4,49,Good
United States of America,Tysons Corner,2,25,11,55,Moderate
Russian Federation,Tyukalinsk,1,34,0,32,Good
India,Udupi,1,25,0,80,Moderate
India,Umaria,2,92,0,163,Unhealthy
United States of America,Willowbrook,4,3,36,126,Unhealthy for Sensitive Groups
United States of America,Wilmette,2,9,22,63,Moderate
United States of America,Wolf Trap,2,27,10,53,Moderate
United States of America,Woodhaven,2,38,10,86,Moderate
China,Wulanhaote,2,47,0,25,Good
China,Xiangdong,2,25,7,78,Moderate
China,Xiaoweizhai,2,61,0,54,Moderate
China,Xushan,2,44,4,112,Unhealthy for Sensitive Groups
Peru,Yanacancha,0,6,1,27,Good
China,Yancheng,3,155,2,151,Unhealthy
Democratic Republic of the Congo,Yangambi,4,24,0,121,Unhealthy for Sensitive Groups
China,Yanggu,3,138,5,160,Unhealthy
China,Yangliuqing,4,109,9,144,Unhealthy for Sensitive Groups
China,Yanji,2,48,0,69,Moderate
United States of America,Yankton,1,34,3,47,Good
Germany,Wenden,1,34,4,69,Moderate
United States of America,West Carrollton City,3,9,24,84,Moderate
Belgium,Wetteren,1,32,6,64,Moderate
Canada,Whitehorse,1,20,1,10,Good
Ireland,Wicklow,1,30,3,38,Good
Switzerland,Wil,1,27,3,59,Moderate
Germany,Wildeshausen,1,30,5,67,Moderate
United States of America,Williamsport,2,13,16,75,Moderate
United States of America,Fox Lake,2,18,21,60,Moderate
Brazil,Foz Do Iguacu,1,13,0,22,Good
Denmark,Frederikssund,1,36,0,25,Good
United States of America,Friendly,1,30,8,41,Good
Germany,Fuldatal,1,28,2,44,Good
Japan,Furano,1,26,1,29,Good
China,Fuzhou,3,168,5,99,Unhealthy
United Kingdom of Great Britain and Northern Ireland,Galashiels,1,25,3,23,Good
Germany,Gangelt,1,26,4,41,Good
Germany,Garbsen,0,33,1,36,Good
Cameroon,Garoua,2,12,0,59,Moderate
Somalia,Garowe,0,17,0,98,Moderate
Netherlands,Geertruidenberg,0,33,2,35,Good
Australia,Geraldton,0,29,0,13,Good
Germany,Germersheim,1,29,3,51,Moderate
Colombia,Girardot,4,9,6,103,Unhealthy for Sensitive Groups
Russian Federation,Glubokiy,1,35,0,17,Good
United Kingdom of Great Britain and Northern Ireland,Golborne,1,30,4,35,Good
Portugal,Gondomar,0,27,2,21,Good
Russian Federation,Goryachevodskiy,1,39,1,48,Good
India,Govindgarh,1,45,0,307,Hazardous
Côte d'Ivoire,Grand Lahou,1,25,0,54,Moderate
United States of America,Hoffman Estates,2,26,16,61,Moderate
Sweden,Hoganas,1,36,1,30,Good
United States of America,Holly Springs,1,42,2,37,Good
Germany,Holzminden,0,32,1,42,Good
China,Huaicheng,4,45,4,151,Unhealthy
Ethiopia,Huruta,1,23,0,102,Unhealthy for Sensitive Groups
Nigeria,Idanre,3,24,2,115,Unhealthy for Sensitive Groups
Italy,Iglesias,1,53,1,64,Moderate
Germany,Ihlow,1,30,2,40,Good
Japan,Iizuka,1,45,0,38,Good
Thailand,Sungai Kolok,1,34,0,65,Moderate
Indonesia,Sungaipenuh,1,13,0,17,Good
Russian Federation,Suvorovskaya,1,39,1,52,Moderate
Japan,Suzu,1,69,1,60,Moderate
Poland,Swiecie,1,33,1,44,Good
Hungary,Szeged,1,41,1,50,Good
Hungary,Szerencs,1,42,1,72,Moderate
Tunisia,Taburbah,1,49,1,32,Good
India,Tadepallegudem,2,65,1,127,Unhealthy for Sensitive Groups
Iran (Islamic Republic of),Tafresh,2,125,1,82,Unhealthy for Sensitive Groups
Philippines,Tagaytay,1,25,1,41,Good
Japan,Tajimi,1,34,3,52,Moderate
Japan,Takahagi,1,47,1,44,Good
Japan,Takahashi,1,36,3,34,Good
India,Tal,1,39,0,155,Unhealthy
Philippines,Talacogon,1,19,0,37,Good
Russian Federation,Taldom,1,27,1,46,Good
Kazakhstan,Talgar,1,42,0,69,Moderate
United States of America,Tamiami,1,18,12,64,Moderate
Israel,Tamra,2,52,8,92,Moderate
Japan,Tanashi,1,43,3,58,Moderate
Romania,Tandarei,1,41,0,38,Good
Philippines,Tantangan,1,20,0,35,Good
Indonesia,Tarogong,2,53,1,88,Moderate
Turkey,Tatvan,0,45,0,43,Good
India,Yaval,1,38,0,102,Unhealthy for Sensitive Groups
United Kingdom of Great Britain and Northern Ireland,Yeovil,1,24,7,58,Moderate
China,Yuanping,2,35,5,143,Unhealthy for Sensitive Groups
China,Yuncheng,2,36,8,187,Unhealthy
Poland,Zambrow,1,35,0,17,Good
Poland,Zamosc,1,35,1,48,Good
Belgium,Zaventem,1,29,6,58,Moderate
Belgium,Zemst,1,27,8,65,Moderate
China,Zhaozhou,2,66,0,73,Moderate
China,Zhicheng,4,36,13,160,Unhealthy
China,Zhongshan,3,33,9,98,Moderate
China,Zhuji,4,45,10,156,Unhealthy
Mexico,Zimatlan,2,9,6,75,Moderate
Mexico,Zinacantepec,4,8,18,163,Unhealthy
Russian Federation,Zmeinogorsk,1,35,0,21,Good
Netherlands,Aalburg,0,30,2,29,Good
Spain,Abaran,1,21,2,47,Good
Italy,Abbiategrasso,1,37,4,69,Moderate
Côte d'Ivoire,Abidjan,4,15,4,105,Unhealthy for Sensitive Groups
Mexico,Acuautla,2,9,15,189,Unhealthy
United States of America,Acworth,2,37,8,64,Moderate
United States of America,Adelphi,1,32,5,54,Moderate
India,Afzalgarh,4,198,3,188,Unhealthy
Nigeria,Agbor,7,13,5,139,Unhealthy for Sensitive Groups
France,Aix En Provence,1,26,3,55,Moderate
Myanmar,Akyab,1,46,0,145,Unhealthy for Sensitive Groups
United States of America,Alabaster,1,18,10,80,Moderate
Russian Federation,Alagir,1,36,1,50,Good
Belgium,Alken,1,25,3,35,Good
Canada,Alma,1,27,0,55,Moderate
Brazil,Almirante Tamandare,1,12,1,13,Good
Spain,Almoradi,1,23,3,48,Good
Papua New Guinea,Alotau,0,28,0,13,Good
Germany,Altotting,1,29,3,50,Good
Madagascar,Ambovombe,0,26,0,20,Good
China,Anqiu,2,107,5,86,Unhealthy for Sensitive Groups
Madagascar,Antalaha,0,22,0,20,Good
United States of America,Antioch,3,7,25,76,Moderate
Lithuania,Anyksciai,1,32,0,47,Good
Ghana,Apam,2,14,1,104,Unhealthy for Sensitive Groups
Mexico,Apaseo El Grande,1,16,5,60,Moderate
Brazil,Aragarcas,1,3,2,32,Good
Russian Federation,Arkadak,1,28,1,15,Good
France,Armentieres,0,28,2,34,Good
Russian Federation,Arsk,1,28,1,19,Good
Azerbaijan,Artyom,1,35,0,48,Good
Armenia,Ashtarak,1,29,1,39,Good
Ethiopia,Asosa,1,14,0,97,Moderate
Iran (Islamic Republic of),Astaneh Ye Ashrafiyeh,1,37,0,75,Moderate
India,Atarra,1,44,0,194,Unhealthy
Guatemala,Atescatempa,3,5,10,104,Unhealthy for Sensitive Groups
Italy,Atri,1,40,3,57,Moderate
Ukraine,Avdiyivka,1,41,3,27,Good
Portugal,Avintes,1,16,7,37,Good
Malaysia,Ayer Keroh,1,34,0,59,Moderate
United Kingdom of Great Britain and Northern Ireland,Ayr,1,29,2,20,Good
Netherlands,Baarn,0,34,1,26,Good
Serbia,Backa Palanka,1,41,0,70,Moderate
Germany,Bad Langensalza,0,30,1,32,Good
Pakistan,Bahawalnagar,1,38,1,466,Hazardous
South Africa,Balfour,31,1,26,380,Hazardous
South Africa,Ballitoville,12,5,14,222,Very Unhealthy
Thailand,Ban Phai,0,28,0,52,Moderate
Malaysia,Bandar Penggaram,1,39,0,76,Moderate
Philippines,Bangued,0,23,0,27,Good
Slovakia,Banovce,1,26,2,59,Moderate
Germany,Bargteheide,0,28,2,38,Good
United States of America,Bartlesville,1,23,6,56,Moderate
Gambia,Basse,1,18,0,127,Unhealthy for Sensitive Groups
Pakistan,Bat Khela,1,117,1,78,Unhealthy for Sensitive Groups
Malaysia,Batu Gajah,2,57,1,92,Moderate
India,Bazpur,5,170,5,182,Unhealthy
Italy,Castel Goffredo,2,32,7,124,Unhealthy for Sensitive Groups
Italy,Catanzaro,2,68,6,57,Moderate
Philippines,Catbalogan,1,26,0,68,Moderate
Ecuador,Cayambe,1,4,2,39,Good
Bosnia and Herzegovina,Cazin,1,33,0,50,Good
Italy,Cernusco Sul Naviglio,1,33,6,103,Unhealthy for Sensitive Groups
Italy,Cesenatico,1,36,5,38,Good
Czechia,Ceske Budejovice,1,38,1,61,Moderate
Argentina,Chacabuco,0,17,1,17,Good
Peru,Chachapoyas,0,4,0,21,Good
France,Chalon Sur Saone,1,32,1,20,Good
China,Chaoyang,3,119,1,151,Unhealthy
Viet Nam,Chau Doc,1,32,0,57,Moderate
Russian Federation,Cherepanovo,1,38,0,35,Good
Russian Federation,Cherkessk,1,40,0,49,Good
India,Chhabra,1,42,0,171,Unhealthy
India,Chilakalurupet,1,28,1,91,Moderate
Mexico,Chilpancingo,2,4,5,72,Moderate
India,Chipurupalle,2,22,6,153,Unhealthy
Poland,Chojnow,1,25,2,59,Moderate
India,Chotila,0,31,1,157,Unhealthy
United States of America,Cimarron Hills,1,32,2,73,Moderate
Brazil,Claudio,2,3,6,71,Moderate
Brazil,Clevelandia,0,17,0,11,Good
Brazil,Coari,1,2,0,46,Good
United Kingdom of Great Britain and Northern Ireland,Coatbridge,1,12,9,35,Good
Ireland,Cobh,0,24,1,16,Good
Brazil,Colatina,1,14,2,45,Good
Romania,Comanesti,1,40,0,61,Moderate
Dominican Republic,Comendador,1,12,6,65,Moderate
Italy,Como,1,34,4,112,Unhealthy for Sensitive Groups
Brazil,Conde,0,19,0,11,Good
United Kingdom of Great Britain and Northern Ireland,Consett,0,31,2,22,Good
United States of America,Cooper City,4,4,19,152,Unhealthy
United States of America,Copperas Cove,1,21,1,31,Good
Brazil,Cornelio Procopio,1,12,1,37,Good
Argentina,Corrientes,1,12,0,13,Good
Mexico,Cotija,1,8,3,41,Good
Italy,Crevalcore,2,28,9,103,Unhealthy for Sensitive Groups
Azerbaijan,Culfa,1,35,0,52,Moderate
Spain,Culleredo,0,30,2,13,Good
India,Cuncolim,0,25,0,73,Moderate
Brazil,Curvelo,1,2,4,42,Good
Germany,Cuxhaven,0,35,0,30,Good
United States of America,Cypress Lake,1,25,5,46,Good
Poland,Czestochowa,1,27,4,93,Moderate
Guinea,Dalaba,2,13,0,63,Moderate
Pakistan,Dalbandin,0,39,0,160,Unhealthy
France,Beaune,1,26,1,39,Good
United States of America,Bedford,1,18,6,56,Moderate
Ghana,Begoro,2,13,2,105,Unhealthy for Sensitive Groups
China,Beipiao,2,90,1,93,Moderate
Brazil,Bela Cruz,0,22,0,45,Good
Bolivia (Plurinational State of),Bermejo,1,8,1,54,Moderate
Germany,Bernburg,0,29,2,36,Good
United States of America,Berwick,1,35,5,50,Good
India,Betma,1,34,0,153,Unhealthy
United States of America,Beverly,1,36,5,48,Good
Russian Federation,Bezhetsk,0,24,0,24,Good
Bangladesh,Bhairab Bazar,3,44,4,132,Unhealthy for Sensitive Groups
Pakistan,Bhalwal,3,179,2,166,Unhealthy
India,Bhimavaram,1,36,1,124,Unhealthy for Sensitive Groups
India,Bhinmal,0,34,0,202,Very Unhealthy
India,Bhiwandi,1,26,1,151,Unhealthy
Indonesia,Binjai,2,45,0,92,Moderate
Brazil,Baiao,1,5,0,39,Good
Russian Federation,Baksan,1,39,1,48,Good
Sudan,Bara,2,17,0,52,Moderate
Colombia,Baranoa,1,16,2,104,Unhealthy for Sensitive Groups
Philippines,Baras,1,27,1,51,Moderate
Iran (Islamic Republic of),Bardsir,1,49,0,91,Moderate
India,Bari Sadri,1,32,0,167,Unhealthy
Thailand,Nong Bua,0,20,0,38,Good
Thailand,Nong Han,0,25,0,57,Moderate
Netherlands,Noordwijkerhout,1,27,5,41,Good
United States of America,North Andrews Gardens,1,11,12,78,Moderate
United States of America,Northbridge,1,46,2,47,Good
United Kingdom of Great Britain and Northern Ireland,Norwich,0,29,3,18,Good
Serbia,Novi Becej,1,34,1,60,Moderate
Netherlands,Nuenen,1,32,3,37,Good
Chile,Nueva Imperial,2,2,9,61,Moderate
Panama,Nuevo Arraijan,2,20,5,67,Moderate
Mexico,Nuevo Casas Grandes,1,17,2,46,Good
United States of America,Oak Lawn,2,13,27,79,Moderate
United States of America,Oakdale,1,24,9,53,Moderate
Ghana,Obuasi,1,18,0,81,Moderate
Japan,Odawara,1,38,2,39,Good
Germany,Oer Erkenschwick,1,34,2,27,Good
Republic of North Macedonia,Ohrid,1,41,0,42,Good
Japan,Okawa,2,36,5,41,Good
Poland,Olecko,1,36,0,47,Good
Germany,Olfen,1,27,4,32,Good
Brazil,Olindina,0,6,1,25,Good
Japan,Omagari,1,35,0,15,Good
Netherlands,Oostburg,1,26,3,36,Good
United States of America,Orem,2,26,7,73,Moderate
United States of America,Orinda,1,22,11,52,Moderate
Poland,Ostrzeszow,1,32,1,35,Good
Guatemala,Ostuncalco,3,9,11,94,Moderate
Congo,Ouesso,3,18,0,71,Moderate
Brazil,Ouro Preto,2,3,5,61,Moderate
Nigeria,Oyo,2,22,1,80,Moderate
Kyrgyzstan,Ozgon,1,60,0,101,Unhealthy for Sensitive Groups
Italy,Pachino,1,45,0,48,Good
India,Padra,1,33,0,156,Unhealthy
Mauritius,Pailles,0,28,0,30,Good
France,Paita,0,27,0,10,Good
India,Palakkodu,0,30,0,57,Moderate
Philippines,Palo,1,20,0,55,Moderate
Indonesia,Pamekasan,1,35,0,54,Moderate
China,Panchiao,1,45,4,69,Moderate
China,Panshi,3,32,2,76,Moderate
China,Panzhihua,3,29,2,74,Moderate
Brazil,Paragominas,1,2,0,36,Good
Brazil,Paraguacu,1,7,4,51,Moderate
Peru,Paramonga,1,18,1,41,Good
United States of America,Parkville,1,44,4,56,Moderate
United States of America,Pasadena,1,43,5,58,Moderate
United States of America,Pataskala,1,32,7,45,Good
Kazakhstan,Pavlodar,1,41,0,50,Good
India,Payyannur,0,24,0,68,Moderate
United States of America,Pelham,1,46,2,31,Good
Greece,Perama,1,44,2,67,Moderate
Mexico,Perote,3,7,8,77,Moderate
Serbia,Petrovaradin,1,33,1,63,Moderate
Thailand,Phanom Thuan,0,19,0,42,Good
Thailand,Phatthalung,1,27,0,59,Moderate
Thailand,Phetchaburi,0,17,0,35,Good
India,Phillaur,2,111,1,391,Hazardous
Egypt,Rosetta,2,60,3,55,Moderate
Italy,Rossano,1,48,0,12,Good
Russian Federation,Rostov,1,32,0,26,Good
United Kingdom of Great Britain and Northern Ireland,Royton,0,32,1,56,Moderate
Germany,Rudolstadt,1,32,1,30,Good
Czechia,Rumburk,0,29,2,29,Good
Malawi,Rumphi,0,19,0,28,Good
Switzerland,Ruti,1,25,2,34,Good
Brazil,Ruy Barbosa,0,8,0,18,Good
Serbia,Sabac,1,32,1,68,Moderate
Cuba,Sagua La Grande,1,22,1,89,Moderate
India,Sahibganj,3,152,1,208,Very Unhealthy
United States of America,Saint Matthews,2,29,12,58,Moderate
United States of America,Saint Pete Beach,1,40,6,53,Moderate
Canada,Saint Thomas,1,35,3,34,Good
France,Saint Cyr Sur Loire,1,25,2,37,Good
Belgium,Saint Nicolas,1,32,3,35,Good
France,Saint Quentin,1,25,2,39,Good
Saudi Arabia,Sakakah,1,49,0,122,Unhealthy for Sensitive Groups
Japan,Sakurai,1,40,2,34,Good
United Kingdom of Great Britain and Northern Ireland,Salford,0,32,1,58,Moderate
India,Salon,1,48,0,260,Hazardous
Brazil,Salvador,0,16,1,30,Good
India,Sambhar,0,38,0,193,Unhealthy
Turkey,Samsun,1,36,0,30,Good
Indonesia,Prabumulih,1,30,0,49,Good
Brazil,Presidente Prudente,1,14,1,32,Good
United States of America,Prichard,1,22,4,28,Good
Canada,Prince George,1,21,1,13,Good
Indonesia,Pringsewu,2,40,0,63,Moderate
Peru,Pucallpa,1,1,0,30,Good
Spain,Puertollano,1,30,1,32,Good
Mexico,Purepero,1,5,4,48,Good
Israel,Qiryat Gat,1,62,4,80,Moderate
Chile,Quillota,14,1,23,182,Unhealthy
India,Rafiganj,1,60,0,284,Hazardous
United States of America,Rahway,1,44,5,62,Moderate
Bangladesh,Rajshahi,2,133,2,191,Unhealthy
India,Rajur,1,41,0,150,Unhealthy
Thailand,Phrai Bung,0,27,0,53,Moderate
India,Phulpur,1,48,1,226,Very Unhealthy
Brazil,Picos,0,12,0,16,Good
Finland,Pietarsaari,1,34,1,17,Good
Germany,Pirmasens,1,27,2,30,Good
United States of America,Plum,2,26,12,55,Moderate
Benin,Pobe,1,20,1,73,Moderate
Italy,Policoro,1,46,0,14,Good
Sierra Leone,Port Loko,1,16,0,48,Good
Haiti,Port De Paix,1,25,1,103,Unhealthy for Sensitive Groups
Portugal,Porto Salvo,0,30,2,46,Good
United States of America,Poughkeepsie,1,43,2,39,Good
United States of America,Randallstown,1,44,4,52,Moderate
India,Rania,1,40,0,464,Hazardous
Thailand,Ranong,0,16,0,36,Good
Germany,Rathenow,0,39,0,23,Good
Russian Federation,Reutov,1,25,9,58,Moderate
Brazil,Ribeira Do Pombal,0,7,1,24,Good
Brazil,Ribeirao Bonito,1,4,3,52,Moderate
United States of America,Richardson,1,21,6,56,Moderate
United States of America,Richmond,2,15,17,76,Moderate
Brazil,Rio Bonito,3,23,8,95,Moderate
Peru,Rioja,1,3,0,25,Good
France,Riom,1,30,1,40,Good
Lebanon,Riyaq,1,46,1,78,Moderate
Italy,Rocca Priora,1,47,2,27,Good
France,Rodez,1,31,1,42,Good
Brazil,Rolandia,1,14,2,39,Good
France,Romans Sur Isere,1,30,1,37,Good
Philippines,Romblon,1,23,0,50,Good
India,Dalmau,2,98,1,190,Unhealthy
United States of America,Daly City,1,18,13,62,Moderate
India,Damnagar,0,29,0,152,Unhealthy
Thailand,Dan Khun Thot,1,31,0,56,Moderate
China,Dancheng,2,145,3,82,Unhealthy for Sensitive Groups
India,Dankaur,3,136,3,292,Very Unhealthy
United Republic of Tanzania,Dareda,0,14,0,20,Good
India,Dattapur,0,29,0,153,Unhealthy
Brazil,Delmiro Gouveia,0,9,1,25,Good
Uruguay,Delta Del Tigre,1,19,2,38,Good
India,Delvada,0,25,0,158,Unhealthy
Russian Federation,Desnogorsk,1,34,0,10,Good
Turkey,Develi,1,29,0,46,Good
India,Dewa,3,159,1,173,Unhealthy
Turkey,Dinar,1,33,0,44,Good
Ukraine,Dniprorudne,1,39,0,12,Good
Benin,Dogbo,3,18,2,101,Unhealthy for Sensitive Groups
Russian Federation,Donskoye,1,37,0,30,Good
United States of America,Dumas,1,22,3,60,Moderate
United Republic of Tanzania,Dunda,0,17,0,23,Good
United States of America,Dyersburg,1,24,5,93,Moderate
United States of America,Eatontown,1,28,8,25,Good
Mexico,Ebano,2,22,3,91,Moderate
United States of America,El Campo,1,22,1,39,Good
Mexico,El Pueblito,1,10,5,66,Moderate
Bolivia (Plurinational State of),El Torno,0,5,0,6,Good
United States of America,Ellicott City,1,27,10,44,Good
Pakistan,Eminabad,3,153,1,152,Unhealthy
Japan,Ena,1,42,0,12,Good
Italy,Giussano,1,32,4,62,Moderate
United Kingdom of Great Britain and Northern Ireland,Glenrothes,1,22,6,35,Good
United Kingdom of Great Britain and Northern Ireland,Glossop,1,25,3,27,Good
Namibia,Gobabis,0,18,0,19,Good
India,Gobindapur,3,91,3,198,Unhealthy
India,Gobindpur,1,51,1,175,Unhealthy
Spain,Godella,1,33,1,28,Good
India,Gohad,1,46,0,194,Unhealthy
India,Gohana,1,47,1,500,Hazardous
Brazil,Goiatuba,1,3,3,37,Good
Netherlands,Goirle,0,30,2,27,Good
United States of America,Golden Glades,1,10,16,61,Moderate
Poland,Goleniow,1,24,3,32,Good
Iran (Islamic Republic of),Gonbad E Qabus,1,45,0,84,Moderate
Russian Federation,Gorodishche,1,33,1,21,Good
Japan,Gotsu,1,44,0,15,Good
Albania,Gramsh,1,39,1,68,Moderate
United States of America,Granger,2,21,11,57,Moderate
United States of America,Grants Pass,1,29,2,27,Good
United States of America,Granville,1,30,3,25,Good
Mexico,Guasave,1,22,1,35,Good
Germany,Guben,1,21,4,37,Good
Cameroon,Guider,3,8,1,76,Moderate
China,Guilin,3,46,3,90,Moderate
France,Guipavas,1,26,9,34,Good
United States of America,Fort Walton Beach,1,30,1,65,Moderate
France,Fosses,0,28,2,29,Good
United States of America,Fountain Hills,1,27,8,37,Good
United States of America,Fountain,1,29,3,72,Moderate
Brazil,Francisco Morato,7,0,21,169,Unhealthy
Germany,Freiberg,1,25,3,36,Good
United States of America,Front Royal,1,37,2,46,Good
Japan,Fuchu,1,71,3,49,Moderate
Germany,Gaggenau,0,29,2,26,Good
Israel,Gan Yavne,1,43,6,77,Moderate
India,Gauribidanur,0,24,0,48,Good
Spain,Gava,1,19,10,57,Moderate
Italy,Gela,1,38,2,53,Moderate
Netherlands,Gennep,0,25,3,30,Good
Germany,Genthin,0,30,1,31,Good
Guyana,Georgetown,0,19,0,27,Good
Germany,Gera,0,28,2,30,Good
India,Gevrai,1,30,0,120,Unhealthy for Sensitive Groups
United States of America,Lake Jackson,0,24,2,25,Good
United States of America,Lakeside,2,22,14,57,Moderate
Thailand,Lam Luk Ka,1,28,1,66,Moderate
Philippines,Lamacan,1,21,0,70,Moderate
Iran (Islamic Republic of),Lar,1,49,0,105,Unhealthy for Sensitive Groups
Brazil,Laranjeiras Do Sul,1,12,0,11,Good
China,Lasa,0,25,0,12,Good
India,Lasalgaon,0,30,0,129,Unhealthy for Sensitive Groups
Germany,Lauda Konigshofen,1,27,3,32,Good
France,Le Port,1,28,0,42,Good
Brazil,Lencois Paulista,1,13,1,34,Good
Colombia,Lerida,2,8,4,60,Moderate
Netherlands,Leusden,0,33,1,26,Good
United Kingdom of Great Britain and Northern Ireland,Lewes,1,12,13,37,Good
Philippines,Lianga,1,20,0,50,Good
France,Libourne,1,26,2,46,Good
Germany,Limbach Oberfrohna,0,28,1,31,Good
Malaysia,Limbang,9,95,0,46,Moderate
China,Lishan,4,192,6,124,Unhealthy
Czechia,Litovel,1,24,2,49,Good
Belgium,Lokeren,0,31,2,31,Good
Belgium,Londerzeel,0,29,3,34,Good
Netherlands,Loon Op Zand,0,27,3,32,Good
Congo,Loubomo,1,16,0,100,Unhealthy for Sensitive Groups
Senegal,Louga,2,21,3,176,Unhealthy
Poland,Lubin,1,20,3,35,Good
Poland,Lublin,1,32,1,28,Good
Indonesia,Lubuk Pakam,2,47,0,98,Moderate
Philippines,Lucena,1,29,0,32,Good
India,Lunavada,1,35,0,164,Unhealthy
Ukraine,Lvov,1,29,1,61,Moderate
Brazil,Macapa,1,12,0,16,Good
Pakistan,Madeji,1,49,1,167,Unhealthy
Lesotho,Mafeteng,4,14,7,117,Unhealthy for Sensitive Groups
United States of America,Magnolia,1,25,2,56,Moderate
United Republic of Tanzania,Magomeni,0,23,0,50,Good
India,Mahbubabad,1,35,0,119,Unhealthy for Sensitive Groups
India,Mahoba,1,45,0,180,Unhealthy
India,Maihar,1,36,0,171,Unhealthy
India,Mainpuri,1,53,1,362,Hazardous
United States of America,Maitland,1,18,14,53,Moderate
Ukraine,Makiyivka,1,24,11,50,Good
France,Malakoff,1,26,3,40,Good
Philippines,Malandag,1,19,0,55,Moderate
Benin,Malanville,1,18,1,34,Good
Iran (Islamic Republic of),Malard,3,172,5,145,Unhealthy
Italy,Malnate,1,22,6,69,Moderate
Mongolia,Mandalgovi,0,38,0,34,Good
India,Mangawan,1,39,1,184,Unhealthy
Democratic Republic of the Congo,Manono,2,23,1,74,Moderate
Venezuela (Bolivarian Republic of),Maracaibo,1,17,4,118,Unhealthy for Sensitive Groups
Italy,Marano Di Napoli,1,52,1,36,Moderate
India,Gunnaur,1,73,1,500,Hazardous
Germany,Hagen,0,30,1,25,Good
China,Haian,4,207,3,150,Very Unhealthy
France,Halluin,0,28,2,35,Good
Germany,Hamburg,0,28,2,34,Good
United States of America,Hanahan,2,35,8,73,Moderate
Japan,Hanamaki,1,38,0,20,Good
India,Hangal,0,22,0,70,Moderate
Bulgaria,Harmanli,1,40,1,24,Good
Pakistan,Harunabad,1,43,0,443,Hazardous
Germany,Hattingen,0,27,2,28,Good
United States of America,Hauppauge,1,27,12,52,Moderate
United States of America,Hayward,2,20,20,70,Moderate
Finland,Heinola,0,33,0,5,Good
Japan,Hekinan,1,59,1,23,Moderate
Germany,Hemsbach,0,30,1,24,Good
China,Hengyang,4,169,3,150,Unhealthy
Japan,Hirata,1,45,0,16,Good
Japan,Hobara,1,44,0,22,Good
United States of America,Hoboken,1,27,11,61,Moderate
Somalia,Hobyo,0,21,0,58,Moderate
Japan,Hofu,1,44,0,32,Good
Solomon Islands,Honiara,0,18,0,6,Good
India,Honnali,0,22,0,65,Moderate
Paraguay,Horqueta,0,20,0,20,Good
Armenia,Hrazdan,0,31,0,30,Good
China,Hsinchu,3,138,2,112,Unhealthy for Sensitive Groups
Peru,Huaura,1,19,1,39,Good
Zimbabwe,Hwange,0,17,0,44,Good
Japan,Ichihara,1,74,1,35,Moderate
India,Idukki,0,23,0,51,Moderate
Nigeria,Ikom,5,16,2,125,Unhealthy for Sensitive Groups
India,Khed,0,22,0,95,Moderate
India,Khetri,1,40,0,376,Hazardous
Russian Federation,Khimki,1,30,8,40,Good
India,Khopoli,0,23,0,108,Unhealthy for Sensitive Groups
Namibia,Khorixas,0,19,0,72,Moderate
Ukraine,Khotyn,1,37,1,75,Moderate
United Republic of Tanzania,Kibara,0,14,0,20,Good
Turkey,Kilis,1,41,0,64,Moderate
Ukraine,Kiliya,1,37,0,30,Good
United States of America,Killeen,0,21,1,40,Good
Russian Federation,Kinel Cherkassy,1,35,0,15,Good
United Kingdom,Kingston Upon Hull,1,17,8,33,Good
Austria,Klosterneuburg,1,30,3,59,Moderate
Croatia,Knin,1,48,0,35,Good
Papua New Guinea,Kokopo,0,22,0,104,Unhealthy for Sensitive Groups
Russian Federation,Kola,1,30,0,10,Good
Czechia,Kolin,1,23,4,50,Good
Poland,Kolo,1,32,1,29,Good
Russian Federation,Komsomolsk Na Amure,1,32,0,42,Good
Poland,Konskie,1,21,4,46,Good
Pakistan,Kot Radha Kishan,5,130,9,230,Very Unhealthy
Russian Federation,Kotelnikovo,1,39,0,20,Good
India,Kottaiyur,1,28,2,72,Moderate
Chad,Koumra,2,6,0,59,Moderate
India,Koyilandi,0,26,0,69,Moderate
Ukraine,Kozyatyn,1,38,0,78,Moderate
Russian Federation,Krasnovishersk,1,28,0,29,Good
Russian Federation,Krasnyy Yar,1,34,1,24,Good
Germany,Kronach,1,26,2,36,Good
Germany,Kronberg,0,30,1,27,Good
Ukraine,Kryvyy Rih,1,36,1,52,Moderate
India,Kudligi,0,24,0,74,Moderate
Russian Federation,Kulebaki,1,33,1,48,Good
India,Kushalnagar,0,21,0,54,Moderate
Japan,Kushiro,1,33,0,9,Good
Myanmar,Kyaiklat,0,21,0,61,Moderate
Mexico,La Barca,1,8,3,37,Good
France,La Crau,1,30,6,60,Moderate
Honduras,La Entrada,2,5,4,55,Moderate
United States of America,La Presa,2,14,19,58,Moderate
Brazil,Ladario,1,17,0,12,Good
Brazil,Lagoa Da Canoa,0,15,2,34,Good
Germany,Ilsede,0,28,2,41,Good
Brazil,Imbituba,1,15,1,31,Good
Brazil,Imbituva,1,8,0,24,Good
Japan,Inagi,1,78,3,51,Moderate
Spain,Inca,1,43,0,30,Good
India,Indergarh,1,54,1,335,Hazardous
India,Indore,1,30,0,150,Unhealthy
Nigeria,Inisa,6,16,5,159,Unhealthy
United Kingdom of Great Britain and Northern Ireland,Inverurie,1,31,2,25,Good
Japan,Ishigaki,2,116,0,64,Unhealthy for Sensitive Groups
Côte d'Ivoire,Issia,2,10,1,84,Moderate
Brazil,Itabera,0,16,0,16,Good
Brazil,Itaiba,0,14,1,28,Good
Ukraine,Izyaslav,1,31,0,59,Moderate
Ukraine,Izyum,1,34,1,51,Moderate
Spain,Jaen,1,17,3,36,Good
India,Jagtial,1,31,0,139,Unhealthy for Sensitive Groups
India,Jahangirpur,1,49,1,493,Hazardous
India,Jamadoba,1,59,1,174,Unhealthy
India,Jandiala,5,124,10,156,Unhealthy
China,Jijiang,10,79,25,162,Unhealthy
Mexico,Jilotepec,2,9,9,95,Moderate
India,Jintur,1,31,0,130,Unhealthy for Sensitive Groups
China,Jinxi,2,51,2,93,Moderate
Poland,Jozefow,1,30,3,43,Good
Germany,Juchen,1,23,3,34,Good
United Republic of Tanzania,Kabanga,6,10,3,171,Unhealthy
China,Kaitong,2,79,0,95,Moderate
Finland,Kajaani,1,32,0,24,Good
India,Kakrala,2,95,2,478,Hazardous
India,Kalavai,1,32,0,59,Moderate
Russian Federation,Kalyazin,1,24,0,19,Good
Ukraine,Kalynivka,1,36,1,78,Moderate
Cambodia,Kampot,1,27,0,59,Moderate
Pakistan,Kamra,2,135,1,86,Unhealthy for Sensitive Groups
India,Kandhla,3,53,8,500,Hazardous
Finland,Kangasala,1,30,2,14,Good
China,Kangshan,3,201,4,142,Very Unhealthy
India,Karambakkudi,1,40,1,84,Moderate
India,Kargil,1,21,0,23,Good
India,Kartarpur,3,168,2,146,Unhealthy
India,Katol,1,36,0,144,Unhealthy for Sensitive Groups
Russian Federation,Kavkazskaya,1,37,1,38,Good
Japan,Kawaguchi,1,75,1,34,Moderate
United States of America,Kearns,1,6,14,54,Moderate
Hungary,Kecskemet,1,27,2,65,Moderate
Belgium,Keerbergen,1,23,5,39,Good
Turkey,Kemalpasa,1,31,5,37,Good
United States of America,Kerrville,0,20,1,36,Good
United States of America,Kettering,1,31,6,53,Moderate
India,Khammam,1,29,2,112,Unhealthy for Sensitive Groups
India,Khandwa,0,31,0,130,Unhealthy for Sensitive Groups
Italy,Marsciano,1,40,2,23,Good
France,Marseille,1,37,6,59,Moderate
United States of America,Mashpee,1,29,2,17,Good
Uganda,Masindi,2,17,0,62,Moderate
Malaysia,Masjid Tanah,2,36,0,79,Moderate
Chad,Massakory,2,23,1,65,Moderate
United Republic of Tanzania,Matai,0,19,0,19,Good
Tunisia,Matir,1,57,1,53,Moderate
Germany,Maxhutte Haidhof,1,35,2,44,Good
Philippines,Medellin,1,31,0,78,Moderate
Cuba,Media Luna,1,25,1,56,Moderate
Senegal,Mekhe,2,20,3,171,Unhealthy
Colombia,Melgar,4,7,8,121,Unhealthy for Sensitive Groups
Argentina,Mercedes,1,14,0,3,Good
United States of America,Merriam,1,23,10,95,Moderate
United States of America,Merrill,1,33,3,52,Moderate
Hungary,Mezokovesd,1,36,2,67,Moderate
Netherlands,Middelharnis,0,34,2,32,Good
Turkey,Midyat,1,42,1,72,Moderate
Brazil,Miguel Alves,1,7,1,47,Good
Uruguay,Minas,0,19,0,22,Good
Brazil,Miranorte,0,11,0,41,Good
India,Misrikh,4,178,2,170,Unhealthy
India,Moga,2,134,1,159,Unhealthy
Italy,Mogliano Veneto,2,33,5,89,Moderate
Indonesia,Mojoagung,3,91,2,155,Unhealthy
Japan,Mombetsu,1,36,0,28,Good
Philippines,Montalban,1,23,2,70,Moderate
France,Montauban,1,32,2,32,Good
France,Montigny Le Bretonneux,1,17,7,62,Moderate
Hungary,Mor,1,39,1,61,Moderate
Bangladesh,Morrelganj,3,48,2,142,Unhealthy for Sensitive Groups
Belgium,Mortsel,1,29,3,40,Good
United States of America,Moscow,1,19,4,30,Good
India,Mudhol,0,24,0,73,Moderate
Italy,Muggio,1,34,6,104,Unhealthy for Sensitive Groups
Germany,Mulheim Karlich,1,23,4,51,Moderate
Mexico,Muna,1,21,1,59,Moderate
Poland,Myslowice,2,28,8,106,Unhealthy for Sensitive Groups
India,Nandurbar,0,29,0,140,Unhealthy for Sensitive Groups
India,Nangloi Jat,3,113,3,326,Hazardous
Mexico,Naranjos,2,34,1,92,Moderate
India,Naravarikuppam,2,27,2,118,Unhealthy for Sensitive Groups
Italy,Nardo,1,54,2,18,Moderate
Pakistan,Narowal,3,164,1,138,Unhealthy
India,Nawa,1,36,0,195,Unhealthy
India,Nazira,2,34,1,62,Moderate
Romania,Nehoiu,1,40,0,52,Moderate
Germany,Neustadt,0,33,0,32,Good
United States of America,New Lenox,2,30,11,54,Moderate
Canada,New Waterford,1,18,9,20,Good
United Kingdom of Great Britain and Northern Ireland,Newburn,0,31,2,21,Good
United Kingdom of Great Britain and Northern Ireland,Newbury,1,22,7,50,Good
Republic of Moldova,Nisporeni,1,36,1,53,Moderate
Japan,Nisshin,1,44,1,16,Good
Russian Federation,Nizhniye Sergi,1,35,0,37,Good
Germany,Nohfelden,1,30,3,54,Moderate
India,Khargapur,1,42,0,197,Unhealthy
India,Kharhial,1,32,1,161,Unhealthy
India,Khategaon,1,36,0,157,Unhealthy
India,Kheda,1,38,0,158,Unhealthy
Thailand,Khiri Mat,0,23,0,81,Moderate
Sudan,Kinanah,1,21,0,54,Moderate
United States of America,Kingsgate,2,17,15,58,Moderate
Saint Vincent and the Grenadines,Kingstown,0,25,0,163,Unhealthy
India,Kinwat,1,33,0,151,Unhealthy
India,Kishangarh,1,44,0,356,Hazardous
Hungary,Kiskunfelegyhaza,1,40,1,71,Moderate
United States of America,Klamath Falls,1,7,6,40,Good
India,Kodarma,2,108,1,186,Unhealthy
Pakistan,Kohat,1,62,0,101,Unhealthy for Sensitive Groups
South Africa,Koppies,7,9,18,191,Unhealthy
China,Korla,1,45,0,160,Unhealthy
Russian Federation,Kormilovka,1,38,0,15,Good
Ukraine,Korostyshiv,1,39,0,89,Moderate
Guinea,Kouroussa,1,13,0,56,Moderate
Bulgaria,Kozloduj,1,35,2,51,Moderate
United States of America,Littleton,1,8,13,74,Moderate
Italy,Lizzano,1,48,3,36,Good
Bolivia (Plurinational State of),Llallagua,0,12,0,11,Good
United States of America,Lochearn,1,28,10,42,Good
India,Lohardaga,1,55,0,185,Unhealthy
Finland,Lohja,1,27,4,19,Good
Myanmar,Loikaw,0,15,0,10,Good
Italy,Lonate Pozzolo,1,42,2,82,Moderate
Russian Federation,Lopatinskiy,1,33,2,24,Good
Chile,Lota,2,10,8,67,Moderate
Angola,Lubango,1,14,0,40,Good
Germany,Lubeck,0,33,1,32,Good
Democratic Republic of the Congo,Luebo,4,20,0,90,Moderate
India,Lumding,2,21,0,43,Good
Belgium,Maasmechelen,1,24,4,44,Good
Colombia,Magangue,1,15,1,35,Good
India,Mahendragarh,1,42,0,435,Hazardous
India,Mahesana,0,33,0,170,Unhealthy
Turkey,Malatya,1,29,0,55,Moderate
Turkey,Malazgirt,1,36,0,47,Good
Philippines,Manay,0,15,0,25,Good
India,Mandvi,0,27,0,150,Unhealthy
Philippines,Manibaug,1,22,1,65,Moderate
India,Manohar Thana,1,42,0,168,Unhealthy
Kingdom of Eswatini,Manzini,3,15,1,75,Moderate
Ukraine,Krasnodon,1,37,0,13,Good
Afghanistan,Kuhestan,1,41,0,151,Unhealthy
India,Kunigal,0,21,0,50,Good
Switzerland,Kusnacht,1,27,3,112,Unhealthy for Sensitive Groups
Peru,La Arena,0,23,0,49,Good
Spain,La Carolina,1,17,3,34,Good
Spain,La Garriga,1,30,5,49,Good
Mexico,La Joya,3,5,9,109,Unhealthy for Sensitive Groups
Spain,La Llagosta,1,26,7,53,Moderate
United States of America,Lady Lake,1,7,14,72,Moderate
Malaysia,Lahad Datu,1,15,0,48,Good
India,Lakhimpur,4,190,1,164,Unhealthy
India,Lalgudi,0,27,0,54,Moderate
Indonesia,Lamongan,3,123,1,167,Unhealthy
Belgium,Lanaken,1,25,4,43,Good
France,Lannion,1,26,4,41,Good
Italy,Lanuvio,1,40,2,20,Good
Mexico,Las Margaritas,1,8,4,61,Moderate
Italy,Lastra A Signa,1,35,3,17,Good
France,Le Blanc Mesnil,1,20,6,60,Moderate
France,Le Tampon,1,26,1,62,Moderate
Portugal,Leca Do Bailio,0,28,2,20,Good
Belgium,Lede,1,28,4,42,Good
Italy,Lentini,1,36,3,67,Moderate
United States of America,Leominster,1,30,3,22,Good
Mexico,Leon,1,14,3,50,Good
Bulgaria,Levski,1,36,1,52,Moderate
China,Liancheng,1,28,2,58,Moderate
United States of America,Lighthouse Point,1,14,10,58,Moderate
Malawi,Lilongwe,0,19,0,33,Good
Pakistan,Kanganpur,2,145,1,175,Unhealthy
Nigeria,Kano,4,25,4,138,Unhealthy for Sensitive Groups
India,Kapasan,1,38,0,162,Unhealthy
Russian Federation,Karabash,1,36,0,33,Good
India,Karamadai,0,23,0,44,Good
Indonesia,Karang Tengah,2,59,1,105,Unhealthy for Sensitive Groups
India,Karauli,1,43,0,213,Very Unhealthy
India,Kareli,1,36,0,169,Unhealthy
India,Karhal,2,91,1,265,Very Unhealthy
United States of America,Kaukauna,1,31,6,49,Good
India,Kayankulam,1,24,0,68,Moderate
Uzbekistan,Kegayli,1,39,0,69,Moderate
Indonesia,Kembaran,1,29,1,54,Moderate
Finland,Kerava,1,23,6,18,Good
Poland,Jawor,1,24,3,63,Moderate
France,Joigny,1,31,1,21,Good
Sweden,Jonkoping,0,33,0,34,Good
Germany,Jork,0,34,1,31,Good
Peru,Juanjui,1,2,0,46,Good
Brazil,Juazeiro Do Norte,0,11,2,32,Good
Tunisia,Jundubah,1,48,1,58,Moderate
China,Juye,4,176,5,129,Unhealthy
Zambia,Kafue,0,16,0,36,Good
United States of America,Mountlake Terrace,1,25,11,49,Good
Morocco,Mrirt,2,16,4,59,Moderate
India,Muktsar,2,151,1,180,Unhealthy
Ireland,Mullingar,0,27,0,13,Good
Pakistan,Multan,3,176,2,194,Unhealthy
Ghana,Mumford,2,17,1,74,Moderate
Japan,Murayama,1,35,1,13,Good
Spain,Murcia,1,29,2,20,Good
India,Musiri,0,25,0,54,Moderate
United States of America,Muskego,2,18,21,58,Moderate
India,Muvattupula,1,25,1,89,Moderate
Netherlands,Naarden,0,35,1,42,Good
Russian Federation,Nakhabino,1,25,7,36,Good
India,Naldurg,0,25,0,91,Moderate
United States of America,Nanakuli,0,27,0,30,Good
China,Nantong,7,206,9,167,Very Unhealthy
Hungary,Jaszbereny,1,38,2,67,Moderate
France,Jeumont,1,22,5,51,Moderate
Pakistan,Johi,1,37,0,162,Unhealthy
India,Kachhwa,2,106,1,187,Unhealthy
India,Kalanaur,3,157,1,126,Unhealthy
Pakistan,Lakhi,1,71,1,163,Unhealthy
India,Lala,1,36,0,87,Moderate
Thailand,Lang Suan,0,16,0,32,Good
Italy,Lavagna,1,38,2,55,Moderate
France,Le Lamentin,0,25,0,85,Moderate
United States of America,League City,1,22,5,45,Good
Ukraine,Lebedyn,1,40,1,55,Moderate
United States of America,Lennox,3,8,37,114,Unhealthy for Sensitive Groups
Slovakia,Levice,1,31,1,50,Good
New Zealand,Levin,0,13,1,12,Good
Brazil,Lima Duarte,3,7,8,88,Moderate
Germany,Limburg,1,33,2,30,Good
Sweden,Lindome,0,38,1,19,Good
Italy,Lissone,1,33,2,23,Good
United States of America,Lockhart,1,21,2,47,Good
Pakistan,Lodhran,1,45,0,364,Hazardous
Germany,Lohmar,1,33,2,29,Good
Portugal,Lordelo,1,22,4,40,Good
Mexico,Los Reyes Acozac,3,5,15,195,Unhealthy
China,Loudi,4,99,5,97,Moderate
China,Luan,4,183,2,115,Unhealthy
Angola,Luena,1,22,0,66,Moderate
Philippines,Lun,0,15,0,15,Good
Belarus,Lyuban,1,28,1,52,Moderate
Russian Federation,Lyudinovo,1,23,2,70,Moderate
Netherlands,Maassluis,1,27,4,38,Good
Guinea,Macenta,1,14,0,32,Good
United States of America,Machesney Park,3,0,10,72,Moderate
Pakistan,Mailsi,1,45,0,386,Hazardous
Germany,Mainburg,0,28,1,29,Good
Indonesia,Malang,1,36,0,67,Moderate
Philippines,Malaya,1,25,1,57,Moderate
United Republic of Tanzania,Malinyi,1,11,0,31,Good
India,Manamadurai,1,37,0,60,Moderate
Philippines,Manapla,1,22,0,54,Moderate
Italy,Manfredonia,1,49,0,36,Good
India,Manmad,1,32,0,148,Unhealthy for Sensitive Groups
Spain,Maracena,1,32,1,15,Good
Philippines,Margosatubig,0,16,0,17,Good
Russian Federation,Kotelnich,1,33,0,10,Good
Russian Federation,Krasnodar,1,44,4,31,Good
Russian Federation,Krasnogorsk,1,24,10,61,Moderate
Russian Federation,Krasnokamsk,1,25,0,19,Good
Netherlands,Krimpen,1,27,5,39,Good
Norway,Kristiansand,0,34,1,52,Moderate
Thailand,Kumphawapi,0,24,0,57,Moderate
Pakistan,Kunjah,2,163,1,191,Unhealthy
Germany,Kunzelsau,1,28,2,25,Good
India,Kurinjippadi,2,40,1,85,Moderate
Russian Federation,Kurtamysh,1,31,0,31,Good
Indonesia,Kutoarjo,1,28,0,58,Moderate
Belgium,Kuurne,1,23,3,38,Good
France,La Baule Escoublac,0,33,0,21,Good
France,La Madeleine,1,23,3,38,Good
Mexico,La Piedad,1,6,5,52,Moderate
Italy,Ladispoli,1,48,2,34,Good
Nigeria,Lafiagi,2,27,0,79,Moderate
Portugal,Marinha Grande,0,29,1,40,Good
Russian Federation,Markha,1,36,0,24,Good
Morocco,Martil,1,39,4,38,Good
Iran (Islamic Republic of),Masjed E Soleyman,1,61,0,151,Unhealthy
Azerbaijan,Mastaga,1,38,0,70,Moderate
Pakistan,Mastung,0,43,0,102,Unhealthy for Sensitive Groups
Indonesia,Mataram,1,25,0,34,Good
Egypt,Matay,2,71,3,110,Unhealthy for Sensitive Groups
China,Matou,2,42,8,111,Unhealthy for Sensitive Groups
United States of America,Matteson,2,10,27,77,Moderate
India,Mavur,1,25,0,66,Moderate
Brazil,Medeiros Neto,1,6,1,52,Moderate
Guatemala,Melchor De Mencos,1,12,0,55,Moderate
Italy,Melegnano,1,33,3,44,Good
Indonesia,Mertoyudan,1,32,1,66,Moderate
Viet Nam,Dong Hoi,0,26,0,55,Moderate
China,Dongying,2,110,1,59,Unhealthy for Sensitive Groups
India,Doraha,1,102,1,400,Hazardous
Germany,Dreieich,1,37,1,30,Good
Indonesia,Driyorejo,2,84,2,157,Unhealthy
United Kingdom of Great Britain and Northern Ireland,Dronfield,0,31,1,39,Good
India,Dumjor,3,102,4,179,Unhealthy
Hungary,Dunaharaszti,1,27,2,51,Moderate
Hungary,Dunaujvaros,1,27,2,52,Moderate
United Kingdom of Great Britain and Northern Ireland,East Grinstead,0,27,3,36,Good
United Kingdom of Great Britain and Northern Ireland,Ebbw Vale,0,29,1,50,Good
United States of America,Ecorse,1,28,9,51,Moderate
Ecuador,El Carmen,3,5,9,79,Moderate
Venezuela (Bolivarian Republic of),El Hatillo,1,18,5,48,Good
Spain,El Prat De Llobregat,1,30,6,57,Moderate
Guatemala,El Quetzal,3,11,11,99,Moderate
Spain,Elgoibar,0,32,0,21,Good
United States of America,Elko,1,24,2,17,Good
Germany,Elmshorn,1,32,2,26,Good
Brazil,Eloi Mendes,1,7,4,51,Moderate
India,Elur,1,26,0,72,Moderate
United States of America,Enumclaw,1,29,2,23,Good
Iran (Islamic Republic of),Eqbaliyeh,2,172,4,150,Unhealthy
Mongolia,Erdenet,1,34,0,81,Moderate
Spain,Ermua,0,32,1,22,Good
Turkey,Erzurum,0,40,0,74,Moderate
Kazakhstan,Esik,1,30,0,130,Unhealthy for Sensitive Groups
Brazil,Esperantina,2,1,3,55,Moderate
Belgium,Essen,1,28,4,38,Good
Spain,Estepa,1,31,2,25,Good
Mexico,Etzatlan,2,1,5,56,Moderate
Italy,Fabriano,1,40,1,30,Good
United States of America,Fairview Heights,1,32,8,45,Good
Pakistan,Faisalabad,1,82,1,301,Hazardous
United States of America,Falls Church,2,41,5,59,Moderate
United Kingdom of Great Britain and Northern Ireland,Falmouth,0,37,0,78,Moderate
France,Fameck,1,27,2,28,Good
Italy,Fano,1,44,0,33,Good
Brazil,Feijo,1,2,0,13,Good
Brazil,Feira Nova,1,12,4,51,Moderate
Germany,Fellbach,0,30,2,26,Good
Malta,Fgura,1,49,0,47,Good
France,Fontenay Le Fleury,1,19,4,46,Good
India,Forbesganj,3,103,1,217,Very Unhealthy
Italy,Forlimpopoli,1,38,1,36,Good
Argentina,Formosa,0,13,0,32,Good
United States of America,Fort Atkinson,2,5,15,64,Moderate
United States of America,Fort Morgan,1,24,4,58,Moderate
Rwanda,Gisenyi,4,17,2,157,Unhealthy
United States of America,Gladeview,1,9,15,84,Moderate
United States of America,Goodings Grove,2,9,28,78,Moderate
Turkey,Gorele,1,31,0,28,Good
Netherlands,Gorinchem,1,28,4,40,Good
Sweden,Goteborg,0,38,1,19,Good
France,Goussainville,1,21,5,51,Moderate
United States of America,Grand Junction,1,17,4,43,Good
Portugal,Grandola,0,28,1,37,Good
France,Grasse,1,34,3,72,Moderate
United States of America,Greeneville,2,12,15,66,Moderate
United States of America,Greenwood Village,2,5,14,75,Moderate
Denmark,Greve Strand,0,39,0,19,Good
Colombia,Guacari,1,8,3,44,Good
Brazil,Guapiacu,1,6,2,57,Moderate
Ecuador,Guaranda,2,1,6,59,Moderate
Portugal,Guarda,1,25,1,32,Good
Italy,Guastalla,1,27,6,85,Moderate
Senegal,Guinguineo,1,24,2,150,Unhealthy
China,Guiyang,3,41,6,99,Moderate
Germany,Gummersbach,1,34,2,27,Good
Germany,Hille,1,37,1,24,Good
Haiti,Hinche,3,4,12,144,Unhealthy for Sensitive Groups
United States of America,Hollins,1,29,4,64,Moderate
Sri Lanka,Homagama,1,27,1,58,Moderate
Germany,Homburg,1,25,3,31,Good
China,Hongan,3,129,3,78,Unhealthy for Sensitive Groups
United States of America,Hot Springs,2,17,7,72,Moderate
China,Houlung,1,56,4,62,Moderate
China,Huadian,2,28,2,70,Moderate
China,Huangchuan,3,159,2,94,Unhealthy
Mexico,Huatusco,3,8,11,95,Moderate
Germany,Huckelhoven,1,33,2,34,Good
China,Huinan,2,29,2,68,Moderate
China,Huizhou,4,44,7,124,Unhealthy for Sensitive Groups
Mexico,Hunucma,1,23,1,36,Good
Egypt,Hurghada,1,63,1,70,Moderate
Germany,Husum,1,32,2,24,Good
Poland,Gdansk,1,33,1,33,Good
Netherlands,Geldermalsen,1,29,4,39,Good
Romania,Gheorgheni,1,40,0,61,Moderate
Malaysia,Gurun,1,47,0,54,Moderate
India,Gwalior,1,46,0,174,Unhealthy
Japan,Haibara,1,40,2,33,Good
India,Hailakandi,2,36,1,89,Moderate
United States of America,Hallandale Beach,1,11,12,83,Moderate
Sweden,Halmstad,0,38,0,20,Good
Germany,Hameln,1,37,1,24,Good
Germany,Hamminkeln,1,28,4,34,Good
India,Hardoi,1,49,1,323,Hazardous
Hungary,Hatvan,1,32,1,38,Good
United States of America,Havelock,1,45,1,53,Moderate
Japan,Hayato,1,48,1,33,Good
Ukraine,Hayvoron,1,44,0,64,Moderate
United States of America,Healdsburg,1,31,1,26,Good
Germany,Herrenberg,0,32,1,26,Good
China,Heyang,9,38,23,174,Unhealthy
Netherlands,Heythuysen,1,33,2,35,Good
United States of America,Hialeah,2,6,17,93,Moderate
Brazil,Fortaleza,1,7,1,25,Good
France,Fougeres,0,29,1,17,Good
United States of America,Frisco,1,20,7,56,Moderate
Japan,Furukawa,1,38,0,14,Good
Botswana,Gabane,1,18,0,31,Good
India,Gajraula,1,55,1,500,Hazardous
Ethiopia,Gambela,1,15,0,69,Moderate
Colombia,Garagoa,1,5,3,36,Good
United States of America,Gardner,1,45,1,25,Good
United States of America,Middleburg Heights,1,30,8,47,Good
Poland,Mielec,1,27,2,61,Moderate
Spain,Mieres,1,26,4,46,Good
Russian Federation,Mikhaylovka,1,31,0,43,Good
United Republic of Tanzania,Mikumi,0,16,0,26,Good
Ecuador,Milagro,1,13,6,59,Moderate
United States of America,Millcreek,1,21,8,44,Good
United States of America,Milledgeville,2,16,10,72,Moderate
Botswana,Mogoditshane,1,17,0,32,Good
France,Moissy Cramayel,1,23,4,46,Good
Germany,Mombris,1,35,1,29,Good
Sri Lanka,Monaragala,1,32,0,46,Good
Guatemala,Monjas,2,9,7,64,Moderate
United States of America,Montebello,4,4,36,125,Unhealthy for Sensitive Groups
Brazil,Monteiro,0,13,0,24,Good
France,Montgeron,1,22,5,50,Good
France,Montigny Les Cormeilles,1,19,5,50,Good
India,Mubarakpur,1,72,1,333,Hazardous
Nigeria,Mubi,2,21,0,48,Good
China,Mujiayingzi,1,47,0,62,Moderate
United Republic of Tanzania,Mungaa,0,16,0,30,Good
Burundi,Muramvya,4,20,1,67,Moderate
Brazil,Murici,1,14,2,42,Good
United States of America,Muscle Shoals,1,19,6,54,Moderate
Poland,Myslenice,1,28,1,52,Moderate
India,Nadbai,1,44,0,209,Very Unhealthy
India,Nagaur,0,35,0,426,Hazardous
India,Nagpur,1,41,0,152,Unhealthy
India,Nainpur,0,38,0,153,Unhealthy
Japan,Nakatsugawa,1,51,1,44,Moderate
India,Nalbari,2,47,1,108,Unhealthy for Sensitive Groups
Mexico,Nanchital,1,23,2,64,Moderate
India,Nanded,1,38,0,142,Unhealthy for Sensitive Groups
Pakistan,Nankana Sahib,2,100,1,354,Hazardous
United States of America,Narragansett,2,43,6,78,Moderate
China,Nehe,1,39,0,18,Good
United States of America,Nesconset,2,40,10,73,Moderate
Germany,Netphen,1,34,2,28,Good
Italy,Nettuno,1,53,1,23,Moderate
Germany,Neu Anspach,1,25,5,34,Good
United States of America,New Haven,1,45,4,57,Moderate
United States of America,New Iberia,1,20,4,39,Good
United Kingdom of Great Britain and Northern Ireland,Newport,0,27,3,47,Good
Indonesia,Ngaglik,1,29,1,60,Moderate
United Republic of Tanzania,Ngara,3,14,1,64,Moderate
United Republic of Tanzania,Ngorongoro,0,15,0,33,Good
Russian Federation,Nikel,1,32,0,9,Good
France,Nimes,1,37,0,39,Good
France,Niort,0,32,1,18,Good
Russian Federation,Nizhniy Lomov,0,31,0,51,Moderate
Turkey,Nizip,1,47,0,112,Unhealthy for Sensitive Groups
Italy,Noci,1,55,0,42,Moderate
Thailand,Phu Khieo,0,26,0,37,Good
Thailand,Phuket,1,33,0,43,Good
India,Phulera,1,41,0,291,Very Unhealthy
United States of America,Pickerington,1,48,3,52,Moderate
Italy,Pieve Di Soligo,2,37,4,61,Moderate
India,Pindwara,1,33,0,192,Unhealthy
China,Pingyi,3,151,2,97,Unhealthy
Italy,Poggibonsi,1,47,3,58,Moderate
Brazil,Pojuca,1,9,4,48,Good
Italy,Pontinia,1,39,4,42,Good
Brazil,Porangatu,1,6,1,29,Good
Jamaica,Port Antonio,0,26,1,41,Good
Canada,Powell River,1,28,0,12,Good
Brazil,Presidente Bernardes,1,14,1,43,Good
Russian Federation,Privolzhsk,1,32,1,29,Good
Germany,Puchheim,1,35,4,52,Moderate
Colombia,Puebloviejo,1,16,0,71,Moderate
Chile,Punta Arenas,0,17,0,3,Good
Venezuela (Bolivarian Republic of),Punta Cardon,1,22,1,37,Good
Indonesia,Purwakarta,2,90,1,101,Unhealthy for Sensitive Groups
Belgium,Quaregnon,1,27,4,55,Moderate
Italy,Quartucciu,1,36,3,54,Moderate
Brazil,Quatis,3,0,7,88,Moderate
Brazil,Quipapa,0,16,1,24,Good
Poland,Radomsko,1,39,1,76,Moderate
India,Raghunathpur,4,146,1,151,Unhealthy
India,Ramapuram,0,26,0,61,Moderate
United States of America,Olive Branch,1,28,4,65,Moderate
Russian Federation,Onega,1,35,0,16,Good
Romania,Onesti,1,37,0,16,Good
Switzerland,Opfikon,2,23,5,43,Good
United States of America,Oregon City,1,12,13,48,Good
France,Orleans,1,24,4,71,Moderate
United States of America,Ormond Beach,1,23,7,63,Moderate
Sweden,Ornskoldsvik,0,27,0,10,Good
Germany,Oschatz,1,39,1,64,Moderate
Japan,Ota,1,24,3,28,Good
Belgium,Overpelt,1,30,3,37,Good
Italy,Ozieri,2,23,6,53,Moderate
Uganda,Paidha,1,17,0,59,Moderate
Thailand,Pakxan,1,27,0,53,Moderate
Indonesia,Palembang,2,47,0,74,Moderate
Italy,Palma Di Montechiaro,1,27,5,50,Good
Indonesia,Pameungpeuk,2,70,1,97,Moderate
India,Panagar,1,44,0,171,Unhealthy
Philippines,Pantubig,1,23,1,62,Moderate
India,Paonta Sahib,3,148,0,140,Unhealthy for Sensitive Groups
Central African Republic,Paoua,2,17,0,67,Moderate
United States of America,Paradise Valley,1,19,15,51,Moderate
Brazil,Paraibano,0,14,0,15,Good
Bolivia (Plurinational State of),Patacamaya,0,7,1,20,Good
India,Patan,0,22,0,69,Moderate
United States of America,Patchogue,3,20,26,74,Moderate
Russian Federation,Pavlovo,1,34,0,28,Good
United States of America,Pearland,1,19,4,103,Unhealthy for Sensitive Groups
Brazil,Pedras De Fogo,0,18,1,32,Good
China,Peitou,2,49,7,62,Moderate
China,Pengcheng,5,200,7,163,Unhealthy
Greece,Peraia,1,45,1,94,Moderate
Italy,Pergine Valsugana,2,31,4,58,Moderate
France,Pertuis,1,31,5,151,Unhealthy
Brazil,Peruibe,8,2,21,156,Unhealthy
Brazil,Petrolina,0,14,0,13,Good
Russian Federation,Petushki,1,28,6,49,Good
Germany,Pfullendorf,1,22,6,51,Moderate
South Africa,Phalaborwa,1,31,0,49,Good
China,Donghai,3,159,1,79,Unhealthy
Netherlands,Dordrecht,1,30,3,20,Good
Romania,Dorohoi,1,35,1,40,Good
United States of America,Dracut,2,15,16,72,Moderate
Greece,Drama,1,35,0,51,Moderate
India,Dumka,2,85,1,61,Moderate
Russian Federation,Dyurtyuli,1,26,0,37,Good
United States of America,East Islip,4,14,33,87,Moderate
United States of America,East Rockaway,3,16,31,109,Unhealthy for Sensitive Groups
Germany,Eberbach,1,35,4,56,Moderate
Germany,Ebersbach,2,26,6,53,Moderate
Germany,Eichenzell,1,38,2,69,Moderate
Dominican Republic,El Seibo,1,19,3,57,Moderate
Turkey,Elbistan,1,33,1,62,Moderate
Kenya,Eldama Ravine,3,25,1,78,Moderate
Brazil,Elias Fausto,2,7,8,90,Moderate
Germany,Ellwangen,1,29,6,52,Moderate
Norway,Elverum,0,30,0,26,Good
Mexico,Empalme,1,30,1,56,Moderate
Netherlands,Enschede,0,32,1,17,Good
France,Epernay,1,23,3,53,Moderate
Germany,Erbach,1,43,2,57,Moderate
Germany,Erkelenz,1,35,2,45,Good
United States of America,Erlanger,2,35,13,67,Moderate
Portugal,Esmoriz,1,34,2,30,Good
United States of America,Fernandina Beach,1,25,6,54,Moderate
Niger,Filingue,1,21,1,65,Moderate
United States of America,Finneytown,2,28,16,70,Moderate
Italy,Fiumicino,2,39,7,51,Moderate
United States of America,Florham Park,3,12,26,105,Unhealthy for Sensitive Groups
Germany,Forchheim,1,36,4,59,Moderate
Hungary,Fot,1,38,3,83,Moderate
United Kingdom of Great Britain and Northern Ireland,Fraserburgh,0,33,1,9,Good
Japan,Fujishiro,1,40,2,30,Good
Mexico,Gabriel Leyva Solano,2,19,3,84,Moderate
Côte d'Ivoire,Gagnoa,1,18,0,39,Good
Brazil,Garanhuns,0,16,1,20,Good
Italy,Garbagnate Milanese,2,29,8,75,Moderate
United States of America,Garden Acres,1,30,7,32,Good
Democratic Republic of the Congo,Gbadolite,2,10,0,39,Good
India,Ghatal,3,107,2,154,Unhealthy
Rwanda,Gikongoro,6,17,3,78,Moderate
United Kingdom of Great Britain and Northern Ireland,Gillingham,0,32,2,16,Good
India,Pipili,2,52,1,125,Unhealthy for Sensitive Groups
Brazil,Piracanjuba,0,12,1,30,Good
Brazil,Pirajui,1,12,2,52,Moderate
Iran (Islamic Republic of),Pishva,2,144,5,149,Unhealthy for Sensitive Groups
United States of America,Plattsburgh,1,12,5,43,Good
Brazil,Poa,8,0,23,176,Unhealthy
Afghanistan,Qunduz,1,44,0,117,Unhealthy for Sensitive Groups
India,Kharsia,2,46,4,160,Unhealthy
Pakistan,Khushab,4,78,6,165,Unhealthy
India,Khutar,4,14,12,154,Unhealthy
Germany,Kiel,1,42,0,26,Good
Rwanda,Kigali,2,29,1,107,Unhealthy for Sensitive Groups
Russian Federation,Kimry,1,35,0,15,Good
Ghana,Kintampo,1,23,0,35,Good
Hungary,Kiskunhalas,1,58,0,54,Moderate
Uganda,Kitgum,1,15,0,51,Moderate
Papua New Guinea,Kiunga,0,14,0,19,Good
Japan,Kizu,2,13,16,88,Moderate
Lithuania,Klaipeda,1,35,0,25,Good
India,Kodala,3,47,2,109,Unhealthy for Sensitive Groups
Mali,Kolondieba,1,21,0,43,Good
Russian Federation,Konosha,1,28,0,11,Good
Slovenia,Koper,1,49,0,81,Moderate
India,Koratla,2,44,4,174,Unhealthy
Belgium,Kortenberg,1,38,2,53,Moderate
Poland,Koscian,1,41,0,32,Good
India,Kosgi,2,40,5,117,Unhealthy for Sensitive Groups
Russian Federation,Krasnogvardeyskoye,1,48,0,19,Good
Poland,Kudowa Zdroj,1,41,0,61,Moderate
Russian Federation,Kudymkar,1,39,0,43,Good
India,Kukshi,1,35,2,128,Unhealthy for Sensitive Groups
India,Kulpahar,3,125,2,168,Unhealthy
Turkey,Kumluca,1,70,0,44,Moderate
Russian Federation,Kurskaya,1,40,2,30,Good
Venezuela (Bolivarian Republic of),La Asuncion,1,25,0,45,Good
Myanmar,Labutta,1,30,0,28,Good
China,Laizhou,5,124,7,111,Unhealthy for Sensitive Groups
United States of America,Lake Havasu City,1,28,1,66,Moderate
India,Lalpur,0,21,1,55,Moderate
United States of America,Laramie,0,35,0,8,Good
Brazil,Laranjal Paulista,1,33,1,78,Moderate
France,Lattes,1,48,0,29,Good
France,Laxou,1,54,0,75,Moderate
Mauritius,Le Hochet,1,27,0,55,Moderate
France,Le Petit Quevilly,1,44,0,57,Moderate
Italy,Legnago,1,62,0,84,Moderate
United Kingdom of Great Britain and Northern Ireland,Leighton Buzzard,1,29,1,32,Good
Austria,Leoben,1,39,0,63,Moderate
South Sudan,Ler,1,10,0,75,Moderate
Indonesia,Leuwiliang,15,8,52,264,Very Unhealthy
France,Levallois Perret,1,44,1,70,Moderate
Belgium,Liege,1,41,1,56,Moderate
Pakistan,Liliani,5,69,8,169,Unhealthy
France,Limeil Brevannes,1,45,1,73,Moderate
Costa Rica,Limon,1,24,0,51,Moderate
United States of America,Lino Lakes,1,32,1,50,Good
Brazil,Lins,1,29,0,60,Moderate
Brazil,Londrina,1,17,0,35,Good
France,Longuenesse,1,35,0,31,Good
United States of America,Los Angeles,3,19,25,116,Unhealthy for Sensitive Groups
Spain,Los Barrios,1,45,0,28,Good
Germany,Lugde,1,44,0,43,Good
China,Lukang,4,18,44,150,Unhealthy
United Kingdom of Great Britain and Northern Ireland,Luton,1,30,1,34,Good
Brazil,Macatuba,1,21,1,67,Moderate
Italy,Macerata,1,59,0,76,Moderate
China,Shenzhen,3,2,28,154,Unhealthy
China,Shihezi,2,25,6,97,Moderate
China,Shitanjing,1,38,5,218,Very Unhealthy
Kazakhstan,Shu,1,29,1,61,Moderate
Russian Federation,Shushenskoye,1,13,2,27,Good
Indonesia,Sidareja,10,7,25,189,Unhealthy
United States of America,Sierra Madre,3,18,23,148,Unhealthy for Sensitive Groups
United States of America,Sierra Vista,1,21,3,61,Moderate
Latvia,Sigulda,1,35,0,17,Good
United States of America,Siloam Springs,1,46,0,53,Moderate
India,Sitamarhi,4,43,6,141,Unhealthy for Sensitive Groups
Bulgaria,Smoljan,1,44,0,80,Moderate
Colombia,Soacha,2,16,3,71,Moderate
Brazil,Sabara,2,2,9,92,Moderate
United States of America,Sacramento,1,26,9,36,Good
India,Sahaswan,3,169,3,178,Unhealthy
United Kingdom of Great Britain and Northern Ireland,Saint Albans,1,28,3,17,Good
United Kingdom of Great Britain and Northern Ireland,Saint Andrews,1,26,2,15,Good
India,Saint Thomas Mount,2,27,2,112,Unhealthy for Sensitive Groups
Romania,Ramnicu Sarat,1,36,0,15,Good
Italy,Recco,1,43,3,75,Moderate
Germany,Rehau,1,40,1,68,Moderate
United States of America,Reynoldsburg,1,48,3,29,Good
Germany,Rheda Wiedenbruck,1,35,1,35,Good
Italy,Ribera,1,28,4,43,Good
United States of America,Richland,1,33,2,15,Good
Germany,Riegelsberg,1,32,4,46,Good
Germany,Riesa,1,36,2,69,Moderate
Spain,Rincon De La Victoria,1,27,3,36,Good
Denmark,Ringsted,0,36,0,16,Good
Mexico,Rio Grande,1,21,1,58,Moderate
Nicaragua,Rivas,1,21,0,46,Good
Italy,Rocca Di Papa,2,39,7,58,Moderate
France,Ronchin,1,25,5,47,Good
France,Roncq,1,27,5,44,Good
Afghanistan,Rostaq,1,42,0,113,Unhealthy for Sensitive Groups
Germany,Rudersdorf,1,35,1,50,Good
United Kingdom of Great Britain and Northern Ireland,Rugby,1,23,5,28,Good
United Kingdom of Great Britain and Northern Ireland,Rugeley,1,15,10,50,Good
Slovakia,Ruzomberok,1,44,0,73,Moderate
France,Saint Andre Lez Lille,1,29,4,46,Good
France,Saint Claude,1,25,0,109,Unhealthy for Sensitive Groups
Canada,Saint Hyacinthe,2,4,10,59,Moderate
France,Saint Paul Les Dax,1,41,1,17,Good
France,Saint Priest,2,23,5,109,Unhealthy for Sensitive Groups
Mexico,Salamanca,3,9,10,137,Unhealthy for Sensitive Groups
Guatemala,Salcaja,3,7,10,90,Moderate
Russian Federation,Salekhard,1,19,0,11,Good
India,Samalkot,2,23,3,105,Unhealthy for Sensitive Groups
Uzbekistan,Samarkand,1,52,1,108,Unhealthy for Sensitive Groups
United States of America,Daphne,1,29,2,72,Moderate
India,Dasuya,3,146,1,150,Unhealthy
India,Datia,1,48,0,226,Very Unhealthy
United States of America,Deerfield,2,27,13,57,Moderate
Ethiopia,Dembi Dolo,1,14,0,70,Moderate
Germany,Demmin,0,35,1,20,Good
Pakistan,Dera Ismail Khan,2,107,0,180,Unhealthy
India,Devanhalli,0,21,0,65,Moderate
Netherlands,Didam,1,30,2,21,Good
Senegal,Diourbel,2,13,4,154,Unhealthy
Turkey,Sarkikaraagac,1,43,0,42,Good
Japan,Sasaguri,1,49,3,43,Good
India,Sasaram,3,110,2,171,Unhealthy
India,Sattankulam,1,25,1,52,Moderate
India,Savda,2,30,5,151,Unhealthy
Germany,Schenefeld,1,43,0,25,Good
Germany,Schmolln,1,48,0,53,Moderate
Nicaragua,Sebaco,1,23,0,24,Good
United States of America,Sebastian,1,43,2,23,Good
Peru,Sechura,0,24,0,49,Good
South Africa,Secunda,2,0,23,154,Unhealthy
Germany,Seeheim Jugenheim,1,62,0,60,Moderate
Germany,Sehnde,1,44,0,32,Good
Japan,Seki,2,10,16,95,Moderate
Republic of Korea,Seoul,27,0,91,415,Hazardous
Italy,Sesto Calende,1,59,0,96,Moderate
Russian Federation,Sestroretsk,1,28,2,13,Good
France,Sete,1,47,0,29,Good
Japan,Seto,3,6,19,112,Unhealthy for Sensitive Groups
France,Woippy,1,56,0,69,Moderate
United States of America,Wood River,2,41,6,82,Moderate
Cameroon,Wum,1,15,0,54,Moderate
Mexico,Xalpa,1,35,4,180,Unhealthy
China,Xianshuigu,4,89,14,123,Unhealthy for Sensitive Groups
Azerbaijan,Xudat,1,31,0,39,Good
Ethiopia,Yabelo,0,13,0,22,Good
Ukraine,Yahotyn,1,43,0,24,Good
Burkina Faso,Yako,1,34,0,74,Moderate
Myanmar,Yandoon,1,20,1,41,Good
United States of America,West Haverstraw,1,44,1,51,Moderate
United States of America,West Point,1,49,1,60,Moderate
United States of America,Western Springs,1,32,5,57,Moderate
United States of America,Westford,1,35,1,41,Good
United States of America,Williamsburg,1,42,2,50,Good
United States of America,Winter Haven,1,86,1,19,Moderate
United States of America,Wisconsin Rapids,1,29,0,53,Moderate
Indonesia,Wlingi,8,10,17,176,Unhealthy
United States of America,Michigan City,1,41,3,24,Good
United States of America,Middletown,1,29,8,48,Good
Japan,Mihara,1,34,5,36,Good
Poland,Mikolow,1,38,3,89,Moderate
United States of America,Milford Mill,1,45,4,58,Moderate
Cabo Verde,Mindelo,0,36,0,27,Good
Japan,Minokamo,1,42,1,31,Good
United States of America,Mira Loma,3,5,24,87,Moderate
India,Mirganj,4,168,1,165,Unhealthy
United Republic of Tanzania,Missungwi,1,15,0,28,Good
Indonesia,Mlonggo,2,50,1,82,Moderate
Dominican Republic,Moca,1,12,10,74,Moderate
Italy,Modugno,1,45,3,62,Moderate
Russian Federation,Mogocha,1,31,0,20,Good
Spain,Moncada,1,28,1,27,Good
Italy,Monfalcone,1,44,2,64,Moderate
Poland,Monki,1,30,1,59,Moderate
Mexico,Montemorelos,1,11,2,80,Moderate
United States of America,Moorhead,1,43,1,50,Good
Mexico,Moroleon,2,13,5,68,Moderate
Madagascar,Morondava,1,22,0,64,Moderate
Japan,Moroyama,1,32,3,19,Good
Italy,Mortara,2,32,6,74,Moderate
United States of America,Moses Lake,1,32,1,15,Good
United Republic of Tanzania,Moshi,1,18,0,25,Good
Czechia,Most,1,41,2,69,Moderate
India,Mulgund,0,22,0,55,Moderate
United States of America,Mundelein,2,26,13,55,Moderate
India,Nadapuram,0,24,0,69,Moderate
Japan,Nagahama,1,55,1,40,Moderate
Hungary,Nagykoros,1,35,3,87,Moderate
Kenya,Naivasha,2,23,0,60,Moderate
Thailand,Nakhon Sawan,0,21,0,20,Good
Uzbekistan,Namangan,1,74,0,151,Unhealthy
Mozambique,Nampula,0,20,0,19,Good
Japan,Narita,1,40,1,43,Good
India,Nasriganj,4,142,1,154,Unhealthy
United States of America,Natchez,1,17,3,85,Moderate
India,Nawabganj,3,151,1,162,Unhealthy
Argentina,Necochea,0,23,0,17,Good
Czechia,Neratovice,1,43,2,78,Moderate
Israel,Nesher,1,50,4,61,Moderate
Germany,Neuenkirchen,0,32,1,20,Good
Germany,Neuss,1,31,3,47,Good
United States of America,New Port Richey,1,27,7,63,Moderate
Indonesia,Ngoro,2,60,1,121,Unhealthy for Sensitive Groups
Russian Federation,Nikolayevsk Na Amure,0,28,0,19,Good
India,Nilakkottai,1,30,0,56,Moderate
India,Nipani,0,21,0,68,Moderate
Japan,Nishinomiya,2,38,5,56,Moderate
Nigeria,Nkpor,11,18,8,166,Unhealthy
Italy,Nocera Superiore,1,56,1,50,Moderate
Italy,Noicattaro,1,46,3,60,Moderate
France,Noisiel,1,25,4,62,Moderate
United States of America,North Fort Myers,1,16,10,54,Moderate
India,North Guwahati,1,33,1,46,Good
United States of America,North Tonawanda,1,27,4,36,Good
Mauritania,Nouadhibou,0,36,0,157,Unhealthy
Croatia,Nova Gradiska,1,26,1,58,Moderate
Brazil,Novo Aripuana,1,3,0,34,Good
Russian Federation,Novouralsk,1,30,0,27,Good
France,Noyon,1,31,3,76,Moderate
Russian Federation,Nurlat,1,28,0,49,Good
Denmark,Nuuk,1,23,0,17,Good
United States of America,Oak Creek,2,26,11,52,Moderate
Nigeria,Ohafia,7,34,4,161,Unhealthy
Japan,Ojiya,1,31,2,20,Good
Ukraine,Okhtyrka,1,40,1,24,Good
Nigeria,Okrika,6,38,4,165,Unhealthy
United States of America,Old Saybrook,2,30,9,58,Moderate
Sweden,Nassjo,0,38,0,20,Good
India,Nattam,1,34,1,67,Moderate
Russian Federation,Navlya,1,36,0,27,Good
United States of America,Collinsville,3,5,24,98,Moderate
France,Colombes,1,28,2,31,Good
India,Colonelganj,4,111,5,235,Very Unhealthy
Peru,Concepcion,0,5,1,24,Good
Brazil,Contagem,6,0,9,156,Unhealthy
United States of America,Coral Gables,1,12,13,63,Moderate
Turkey,Corlu,1,36,2,23,Good
Canada,Corner Brook,1,35,0,25,Good
United States of America,Coronado,1,30,11,38,Good
Brazil,Coronel Fabriciano,1,3,5,60,Moderate
United States of America,Corvallis,1,15,8,44,Good
Italy,Cosenza,1,54,0,31,Moderate
United States of America,Country Club Hills,2,18,15,70,Moderate
United States of America,Crest Hill,2,18,13,69,Moderate
United States of America,Crestwood,2,15,18,73,Moderate
France,Creutzwald,0,27,2,20,Good
Brazil,Cruzeiro,2,3,6,70,Moderate
Cuba,Cueto,1,15,8,75,Moderate
Turkey,Cumra,1,30,1,29,Good
India,Dahod,1,33,0,160,Unhealthy
Spain,Daimiel,1,24,3,40,Good
United Kingdom of Great Britain and Northern Ireland,Blackpool,0,30,1,21,Good
Russian Federation,Blagodarnyy,1,40,0,25,Good
Brazil,Boa Viagem,1,12,1,34,Good
Republic of North Macedonia,Bogovinje,1,44,0,60,Moderate
France,Bois Colombes,1,28,2,31,Good
India,Bolpur,2,95,2,201,Very Unhealthy
Chad,Bousso,2,7,0,47,Good
Germany,Brackenheim,1,28,2,27,Good
Italy,Brescia,1,35,2,59,Moderate
United States of America,Brockton,1,36,4,43,Good
United States of America,Brooklyn Park,1,40,4,53,Moderate
United States of America,Brookside,1,31,6,51,Moderate
Romania,Bucov,1,45,1,64,Moderate
Hungary,Budaors,1,35,3,64,Moderate
Germany,Budelsdorf,0,28,2,34,Good
Russian Federation,Buy,1,21,0,18,Good
Brazil,Cabreuva,6,0,15,164,Unhealthy
Guinea-Bissau,Cacheu,1,27,1,120,Unhealthy for Sensitive Groups
Brazil,Cafarnaum,0,14,0,15,Good
Spain,Callosa De Segura,1,33,2,46,Good
Canada,Campbell River,1,33,1,19,Good
Brazil,Campestre,1,7,4,53,Moderate
Brazil,Campina Grande,0,18,2,43,Good
Brazil,Campos Altos,1,8,2,28,Good
Brazil,Cantagalo,1,13,3,59,Moderate
Viet Nam,Cao Bang,1,32,0,47,Good
Netherlands,Capelle,0,35,1,27,Good
Brazil,Caraubas,0,19,0,30,Good
Spain,Carmona,1,19,4,23,Good
United States of America,Carney,1,33,4,50,Good
United States of America,Carrollton,2,39,8,60,Moderate
United States of America,Carteret,1,29,9,56,Moderate
Czechia,Caslav,1,23,4,50,Good
Mexico,Catemaco,1,26,2,60,Moderate
Hungary,Cegled,1,31,2,63,Moderate
Turkey,Cesme,1,45,0,20,Good
Malaysia,Chaah,1,44,0,81,Moderate
France,Chamonix Mont Blanc,1,31,0,44,Good
India,Chandur,1,36,0,134,Unhealthy for Sensitive Groups
India,Dalkola,3,88,1,154,Unhealthy
China,Danshui,3,38,13,103,Unhealthy for Sensitive Groups
Romania,Darmanesti,1,43,0,66,Moderate
India,Dataganj,3,61,9,437,Hazardous
Nigeria,Daura,3,14,2,83,Moderate
United States of America,Daytona Beach,1,33,5,40,Good
Switzerland,Delemont,1,24,2,37,Good
India,Devarkonda,1,27,0,93,Moderate
India,Dhule,0,31,0,139,Unhealthy for Sensitive Groups
Chile,Diego De Almagro,0,16,2,14,Good
Armenia,Dilijan,1,27,0,32,Good
India,Dimapur,2,15,1,57,Moderate
Russian Federation,Divnoye,1,39,0,24,Good
Thailand,Dok Kham Tai,0,24,0,17,Good
Russian Federation,Dokshukino,1,27,3,45,Good
Philippines,Domalandan,1,25,1,60,Moderate
United States of America,Chaska,1,42,2,52,Moderate
United Kingdom of Great Britain and Northern Ireland,Chatham,1,23,6,26,Good
France,Chauny,1,25,2,31,Good
India,Chavakkad,0,25,0,66,Moderate
Russian Federation,Chegem Vtoroy,1,25,4,50,Good
China,Chengde,2,70,1,99,Moderate
Russian Federation,Chernigovka,1,35,0,29,Good
Nicaragua,Chichigalpa,1,17,4,66,Moderate
Mexico,Chichihualco,1,11,3,46,Good
Mexico,Chicoloapan,3,10,15,204,Very Unhealthy
Colombia,Chiquinquira,1,4,4,50,Good
United States of America,Chubbuck,2,3,7,52,Moderate
Indonesia,Ciampea,4,154,2,126,Unhealthy
United States of America,Clarksburg,1,40,2,42,Good
United States of America,Clarksdale,1,27,2,55,Moderate
Philippines,Claveria,1,23,0,95,Moderate
China,Dongning,1,35,0,26,Good
Austria,Dornbirn,1,25,3,29,Good
Germany,Dorsten,1,24,3,33,Good
Germany,Dortmund,1,24,3,35,Good
Belgium,Dour,1,23,4,39,Good
United Arab Emirates,Dubai,1,140,3,152,Unhealthy
China,Duobao,3,137,1,96,Unhealthy for Sensitive Groups
United States of America,East Point,2,28,11,66,Moderate
Canada,Edmundston,1,30,0,75,Moderate
United Kingdom of Great Britain and Northern Ireland,Egham,1,6,13,53,Moderate
Germany,Eisenhuttenstadt,1,25,3,34,Good
Albania,Elbasan,1,44,1,71,Moderate
United States of America,Emporia,1,32,3,59,Moderate
China,Encheng,2,27,5,64,Moderate
Kazakhstan,Energeticheskiy,1,47,0,64,Moderate
China,Enshi,2,76,0,82,Moderate
Nigeria,Enugu,8,15,6,170,Unhealthy
Germany,Eppelborn,1,26,3,28,Good
Germany,Eppstein,0,30,1,28,Good
Italy,Ercolano,1,48,1,30,Good
Finland,Espoo,1,24,8,12,Good
France,Evreux,0,29,1,28,Good
United States of America,Fairmount,1,49,2,32,Good
United Kingdom of Great Britain and Northern Ireland,Farnham,1,14,11,29,Good
Austria,Feldkirch,1,25,2,34,Good
China,Fengzhen,1,38,0,18,Good
Bangladesh,Feni,2,36,2,157,Unhealthy
Chad,Fianga,2,7,0,58,Moderate
Germany,Filderstadt,1,26,2,34,Good
Italy,Fiume Veneto,1,46,1,37,Good
Republic of Moldova,Floresti,1,44,0,62,Moderate
United States of America,Florin,2,30,12,65,Moderate
Cuba,Fomento,1,17,3,56,Moderate
United States of America,Forest Hills,2,16,13,72,Moderate
United States of America,Forrest City,1,26,2,58,Moderate
Romania,Bistrita,1,42,0,72,Moderate
Thailand,Bo Phloi,0,19,0,29,Good
Guinea-Bissau,Bolama,1,24,0,121,Unhealthy for Sensitive Groups
United Kingdom of Great Britain and Northern Ireland,Bolton,1,25,3,23,Good
Somalia,Bosaso,0,19,0,160,Unhealthy
India,Bahadurgarh,7,70,18,190,Unhealthy
Kiribati,Bairiki,0,15,0,38,Good
India,Baj Baj,9,6,21,186,Unhealthy
Indonesia,Balaipungut,2,12,2,57,Moderate
Ecuador,Balao,1,18,2,54,Moderate
Australia,Ballarat,0,13,6,22,Good
India,Balurghat,3,32,7,109,Unhealthy for Sensitive Groups
Thailand,Ban Dung,3,8,5,82,Moderate
Iran (Islamic Republic of),Bandar E Torkaman,2,40,2,153,Unhealthy
Mexico,Banderilla,1,29,0,53,Moderate
Indonesia,Bandung,11,6,30,198,Unhealthy
India,Bansbaria,11,3,27,210,Very Unhealthy
Dominican Republic,Barahona,1,29,1,108,Unhealthy for Sensitive Groups
Guatemala,Barberena,1,26,1,63,Moderate
Eritrea,Barentu,1,28,0,76,Moderate
Brazil,Barra Do Corda,0,17,0,24,Good
Switzerland,Basel,1,52,0,60,Moderate
Nigeria,Bauchi,2,40,0,91,Moderate
India,Baudh,2,47,2,151,Unhealthy
United States of America,Beach Park,1,23,4,59,Moderate
Germany,Bebra,1,48,0,57,Moderate
Russian Federation,Belaya Kholunitsa,1,27,1,29,Good
Bulgaria,Belene,1,50,0,44,Good
Brazil,Belo Horizonte,1,21,0,41,Good
Canada,Beloeil,1,26,1,39,Good
Russian Federation,Belorechensk,1,47,1,30,Good
United States of America,Bergenfield,1,46,3,53,Moderate
Netherlands,Beuningen,1,39,0,39,Good
Netherlands,Beverwijk,1,37,0,31,Good
Pakistan,Bhit Shah,1,24,2,157,Unhealthy
Japan,Bibai,1,32,3,44,Good
United States of America,Biddeford,1,31,1,28,Good
Brazil,Birigui,1,24,0,60,Moderate
Russian Federation,Birsk,1,41,0,7,Good
Italy,Bitonto,1,53,0,54,Moderate
Bulgaria,Bjala,1,38,0,54,Moderate
Poland,Blonie,1,41,0,29,Good
United States of America,Bloomfield,1,40,3,52,Moderate
United States of America,Boardman,1,39,2,55,Moderate
Chad,Bol,1,17,0,70,Moderate
Russian Federation,Bolotnoye,1,16,3,43,Good
Brazil,Bom Sucesso,1,23,0,33,Good
Brazil,Bonito,1,9,0,35,Good
Sweden,Borlange,1,34,0,14,Good
Germany,Bornheim,1,48,0,56,Moderate
Tajikistan,Boshkengash,1,18,1,150,Unhealthy
Czechia,Boskovice,1,45,0,72,Moderate
Belgium,Boussu,1,42,1,55,Moderate
Italy,Bovolone,1,59,0,84,Moderate
Indonesia,Boyolali,12,2,28,201,Very Unhealthy
China,Bozhou,8,44,24,162,Unhealthy
Belarus,Braslav,1,34,0,19,Good
Ireland,Bray,1,40,0,31,Good
Indonesia,Brebes,5,23,10,151,Unhealthy
Germany,Breisach,1,60,0,68,Moderate
France,Bressuire,1,39,0,22,Good
Brazil,Breves,0,14,0,19,Good
Barbados,Bridgetown,0,24,0,73,Moderate
United States of America,Bridgewater,1,38,2,45,Good
France,Brie Comte Robert,1,45,1,74,Moderate
United Kingdom of Great Britain and Northern Ireland,Brighouse,1,37,1,41,Good
France,Brignais,1,58,0,68,Moderate
Italy,Bronte,1,46,0,56,Moderate
Australia,Broome,1,19,0,30,Good
Italy,Brunico,1,47,0,51,Moderate
Tunisia,Bu Salim,1,56,0,23,Moderate
India,Bulandshahr,5,48,12,170,Unhealthy
Philippines,Bulihan,1,27,5,75,Moderate
United Republic of Tanzania,Bungu,0,16,0,26,Good
Germany,Burbach,1,48,0,54,Moderate
France,Bures Sur Yvette,1,43,2,72,Moderate
Brazil,Buriti Bravo,0,18,0,20,Good
Brazil,Buritis,0,19,0,18,Good
United States of America,Burlingame,1,34,2,50,Good
Democratic Republic of the Congo,Butembo,1,16,0,45,Good
Uganda,Buwenge,3,16,1,118,Unhealthy for Sensitive Groups
Brazil,Cachoeiro De Itapemirim,0,24,0,29,Good
Mexico,Calpulalpan,2,38,3,279,Very Unhealthy
Brazil,Camapua,1,26,0,27,Good
Brazil,Cambuquira,1,21,0,42,Good
United States of America,Campbell,1,32,3,48,Good
Romania,Campina,1,40,0,57,Moderate
Brazil,Cananeia,0,23,0,20,Good
Chile,Canete,1,19,1,32,Good
Brazil,Caninde,0,21,0,27,Good
United States of America,Cape Canaveral,1,87,1,30,Moderate
Venezuela (Bolivarian Republic of),Caraballeda,1,43,1,74,Moderate
Brazil,Carangola,0,20,0,24,Good
Haiti,Carrefour,1,38,0,112,Unhealthy for Sensitive Groups
Philippines,Casisang,1,9,3,57,Moderate
Brazil,Castanhal,0,18,0,30,Good
United States of America,Castlewood,1,37,2,44,Good
Italy,Castrolibero,1,49,0,45,Good
Philippines,Cavite,2,27,4,74,Moderate
Italy,Cesano Maderno,1,65,0,92,Moderate
India,Chaklasi,3,19,10,159,Unhealthy
France,Challans,1,43,0,16,Good
Belgium,Chapelle Lez Herlaimont,1,42,1,54,Moderate
Russian Federation,Chertkovo,1,45,0,35,Good
Thailand,Chiang Rai,2,13,2,67,Moderate
Mexico,Chihuahua,1,31,1,64,Moderate
Guatemala,Chiquimula,1,22,0,56,Moderate
Republic of Moldova,Chisinau,1,49,0,55,Moderate
India,Chit Baragaon,4,78,5,170,Unhealthy
United Kingdom of Great Britain and Northern Ireland,Christchurch,1,32,2,37,Good
Russian Federation,Chudovo,1,29,0,8,Good
China,Chungho,5,22,34,167,Unhealthy
Colombia,Cienaga De Oro,1,19,0,45,Good
Colombia,Cimitarra,2,25,0,95,Moderate
United States of America,Cinnaminson,1,48,1,40,Good
United States of America,Clark,1,47,2,50,Good
Belgium,Aalst,1,38,2,51,Moderate
Iran (Islamic Republic of),Abadan,1,134,1,164,Unhealthy
Russian Federation,Abaza,1,30,0,15,Good
Nigeria,Abuja,2,36,0,73,Moderate
Mexico,Acahualco,1,39,2,151,Unhealthy
Germany,Achim,0,41,0,26,Good
Brazil,Acu,0,25,0,19,Good
India,Adalaj,3,22,11,162,Unhealthy
Ethiopia,Adet,1,20,0,58,Moderate
Algeria,Adrar,0,45,0,106,Unhealthy for Sensitive Groups
Ethiopia,Adwa,1,27,0,89,Moderate
Japan,Ageo,2,19,23,89,Moderate
Russian Federation,Agidel,1,41,0,18,Good
Italy,Agrate Brianza,1,64,0,89,Moderate
Spain,Aguilas,1,46,0,46,Good
Germany,Ahrensburg,1,44,0,22,Good
Hungary,Ajka,1,60,0,57,Moderate
Pakistan,Akora,5,51,8,182,Unhealthy
Turkey,Aksaray,0,46,0,37,Good
Italy,Alba,1,64,0,65,Moderate
Côte d'Ivoire,Alepe,1,23,0,41,Good
United Kingdom of Great Britain and Northern Ireland,Alfreton,1,33,1,40,Good
Italy,Alghero,1,48,0,27,Good
Brazil,Alianca,0,25,0,20,Good
United States of America,Alice,0,25,1,44,Good
Netherlands,Alkmaar,0,37,0,32,Good
Netherlands,Almelo,1,37,0,29,Good
Guatemala,Alotenango,2,19,4,88,Moderate
United States of America,Alpena,1,28,1,58,Moderate
France,Angouleme,1,42,0,23,Good
India,Angul,3,25,16,150,Unhealthy
Ghana,Anloga,0,21,0,22,Good
United States of America,Annandale,1,50,1,38,Good
France,Annonay,1,51,0,59,Moderate
Greece,Ano Liosia,1,43,4,87,Moderate
Germany,Ansbach,1,51,0,65,Moderate
Brazil,Aracaju,0,22,0,14,Good
Brazil,Areal,1,22,1,46,Good
Ghana,Asamankese,1,23,0,37,Good
Mexico,Atoyac,1,29,0,52,Moderate
Japan,Atsugi,1,31,9,73,Moderate
Germany,Aurich,1,37,0,35,Good
Brazil,Avare,1,20,0,61,Moderate
Russian Federation,Avtury,1,46,1,59,Moderate
Viet Nam,Bac Giang,10,8,22,179,Unhealthy
Germany,Bad Durrenberg,1,47,0,53,Moderate
Germany,Bad Mergentheim,1,53,0,64,Moderate
Germany,Bad Orb,1,54,0,58,Moderate
Germany,Bad Segeberg,1,44,0,23,Good
France,Bagnols Sur Ceze,1,49,0,50,Good
Brazil,Presidente Venceslau,1,10,0,14,Good
Canada,Prince Rupert,0,31,0,6,Good
United States of America,Princeton,1,28,8,53,Moderate
Bosnia and Herzegovina,Prozor,1,34,0,70,Moderate
Venezuela (Bolivarian Republic of),Puerto Ayacucho,1,2,0,28,Good
Poland,Pyrzyce,1,24,4,35,Good
China,Qiyang,4,92,4,118,Unhealthy for Sensitive Groups
Viet Nam,Quang Ngai,1,32,0,62,Moderate
Italy,Quattro Castella,1,36,3,27,Good
Colombia,Quimbaya,3,0,8,106,Unhealthy for Sensitive Groups
Ecuador,Quito,3,0,7,131,Unhealthy for Sensitive Groups
Italy,Racale,1,60,1,70,Moderate
United States of America,Racine,4,3,29,81,Moderate
Lithuania,Radviliskis,1,33,0,24,Good
India,Raghogarh,1,41,0,156,Unhealthy
India,Rajapalaiyam,0,26,0,47,Good
Iraq,Rawah,1,38,1,150,Unhealthy
United States of America,Raymond,1,48,2,42,Good
United States of America,Redland,1,31,5,54,Moderate
Italy,Reggio Di Calabria,1,49,0,62,Moderate
Spain,Requena,1,35,1,26,Good
Romania,Resita,1,36,0,72,Moderate
Brazil,Riachao,1,11,0,32,Good
Italy,Rieti,1,45,1,27,Good
United States of America,Rio Rancho,1,14,10,37,Good
United States of America,Riverbank,2,25,11,53,Moderate
United States of America,Riverdale,2,25,12,67,Moderate
Mauritius,Riviere Du Rempart,0,29,0,30,Good
Saudi Arabia,Riyadh,1,44,1,196,Unhealthy
France,Roanne,1,24,2,39,Good
France,Rombas,1,23,3,24,Good
United States of America,Ronkonkoma,1,28,11,50,Good
Poland,Ropczyce,1,17,6,60,Moderate
Dominica,Roseau,0,25,0,100,Unhealthy for Sensitive Groups
Italy,Rosolini,1,28,4,68,Moderate
Germany,Rosrath,1,23,3,35,Good
United Kingdom of Great Britain and Northern Ireland,Royal Leamington Spa,1,13,8,36,Good
United States of America,Royal Oak,5,4,29,157,Unhealthy
Netherlands,Rozenburg,0,36,1,28,Good
Japan,Ryotsu,1,43,0,30,Good
Japan,Ryugasaki,1,69,2,30,Moderate
Indonesia,Sabang,1,23,0,40,Good
Italy,Sacile,1,43,2,56,Moderate
France,Saint Brieuc,1,24,5,36,Good
France,Saint Cloud,1,27,3,40,Good
France,Saint Leu,1,27,1,50,Good
France,Saint Lo,0,33,1,20,Good
France,Sainte Savine,1,25,2,26,Good
Japan,Sakata,1,37,0,29,Good
Ukraine,Saky,1,43,1,41,Good
Mexico,Salinas,1,25,1,21,Good
Turkey,Samandag,1,44,0,55,Moderate
Thailand,Samut Sakhon,1,23,0,53,Moderate
India,Sanaur,3,180,2,167,Unhealthy
Colombia,Sandona,1,6,3,41,Good
Romania,Sannicolaul Mare,1,37,0,71,Moderate
Brazil,Santa Cruz Do Capibaribe,0,18,1,35,Good
Guatemala,Santa Lucia Milpas Altas,3,7,11,90,Moderate
Italy,Santa Maria A Monte,1,38,2,28,Good
Brazil,Sao Goncalo Do Amarante,0,22,0,48,Good
India,Saraikela,1,67,0,171,Unhealthy
France,Saran,1,29,2,26,Good
Mexico,Papasquiaro,1,23,0,32,Good
Russian Federation,Partizansk,1,33,0,20,Good
Bangladesh,Patiya,2,41,1,152,Unhealthy
Brazil,Patos,0,17,0,31,Good
United States of America,Pawtucket,1,34,4,42,Good
Romania,Pecica,1,35,1,74,Moderate
Colombia,Pelaya,2,5,1,53,Moderate
Czechia,Pelhrimov,1,22,3,56,Moderate
Russian Federation,Petrovsk,1,32,0,6,Good
Thailand,Phibun Mangsahan,1,24,0,57,Moderate
Cambodia,Phumi Samraong,1,30,0,58,Moderate
Brazil,Piedade,1,10,5,64,Moderate
India,Pilkhuwa,2,61,2,500,Hazardous
Philippines,Pinamungahan,1,23,0,58,Moderate
Belarus,Pinsk,1,36,0,27,Good
Spain,Pinto,1,14,8,50,Good
India,Pipri,1,48,0,199,Unhealthy
India,Piro,1,83,1,185,Unhealthy
Peru,Pisco,0,22,0,28,Good
United States of America,Plainview,1,23,16,63,Moderate
United States of America,Pleasant Hill,1,28,15,65,Moderate
Burkina Faso,Po,2,9,1,43,Good
Brazil,Pocoes,0,9,1,21,Good
Ukraine,Pohrebyshche,1,36,1,82,Moderate
Brazil,Pomerode,1,7,3,30,Good
Belgium,Pont A Celles,1,22,5,40,Good
Brazil,Ponta Grossa,1,12,0,9,Good
Brazil,Pontal,4,3,8,131,Unhealthy for Sensitive Groups
Italy,Pontecagnano,1,55,1,39,Moderate
United Kingdom of Great Britain and Northern Ireland,Poole,1,9,12,47,Good
Papua New Guinea,Popondetta,0,20,0,21,Good
Russian Federation,Porkhov,1,30,1,22,Good
India,Port Blair,0,18,0,32,Good
Russian Federation,Abakan,1,43,0,57,Moderate
Canada,Abbotsford,1,27,4,23,Good
Italy,Acireale,1,39,1,55,Moderate
United States of America,Ada,1,26,3,50,Good
Brazil,Adamantina,1,14,1,39,Good
Switzerland,Adliswil,1,28,1,32,Good
Mexico,Adolfo Ruiz Cortines,2,17,3,84,Moderate
Brazil,Aguai,2,4,6,68,Moderate
Romania,Aiud,1,34,1,58,Moderate
Philippines,Alabel,0,16,0,19,Good
India,Alandi,0,24,0,121,Unhealthy for Sensitive Groups
Italy,Alcamo,1,45,0,64,Moderate
Syrian Arab Republic,Aleppo,1,48,0,73,Moderate
Spain,Almansa,0,32,1,22,Good
Brazil,Altamira,1,2,0,39,Good
Italy,Altamura,1,42,1,20,Good
Germany,Altensteig,0,32,1,26,Good
United Kingdom of Great Britain and Northern Ireland,Altrincham,0,32,1,59,Moderate
Colombia,Amaga,4,0,8,125,Unhealthy for Sensitive Groups
India,Amarpur,2,124,1,181,Unhealthy
India,Anandnagar,3,166,1,279,Very Unhealthy
Madagascar,Andapa,0,23,0,10,Good
Spain,Andoain,0,35,0,17,Good
Germany,Angermunde,1,35,1,24,Good
United States of America,Angleton,1,19,8,43,Good
Uzbekistan,Angren,1,37,0,120,Unhealthy for Sensitive Groups
India,Annigeri,0,24,0,82,Moderate
Turkey,Antalya,1,41,0,26,Good
Colombia,Antioquia,2,3,6,85,Moderate
Nigeria,Apomu,4,20,3,101,Unhealthy for Sensitive Groups
Netherlands,Appingedam,1,30,3,27,Good
Turkey,Ardesen,1,31,0,33,Good
United Kingdom,Ardrossan,0,33,0,69,Moderate
Gabon,Port Gentil,0,31,0,108,Unhealthy for Sensitive Groups
Brazil,Portel,1,5,0,62,Moderate
United States of America,Portland,1,48,2,36,Good
Brazil,Posse,0,9,1,16,Good
United States of America,Potomac,1,30,5,54,Moderate
Hungary,Sarbogard,1,27,4,78,Moderate
Japan,Sasayama,1,45,0,18,Good
India,Sattur,1,27,1,62,Moderate
United States of America,Scotch Plains,1,26,10,58,Moderate
United Kingdom of Great Britain and Northern Ireland,Scunthorpe,1,19,7,43,Good
France,Sedan,1,25,3,33,Good
Thailand,Seka,1,28,0,57,Moderate
United States of America,Selma,2,8,17,61,Moderate
Brazil,Serra Talhada,0,15,0,26,Good
Greece,Serrai,1,41,0,42,Good
India,Serula,0,21,0,86,Moderate
Japan,Shisui,1,62,1,28,Moderate
India,Shoranur,1,24,1,74,Moderate
Russian Federation,Sibirskiy,1,49,0,39,Good
Turkey,Siirt,1,29,2,79,Moderate
United States of America,Sikeston,2,12,16,92,Moderate
Russian Federation,Sim,1,31,0,31,Good
Switzerland,Sion,0,32,0,28,Good
India,Sirkali,1,35,0,64,Moderate
India,Siwani,1,38,0,500,Hazardous
Slovakia,Skalica,1,31,2,63,Moderate
Poland,Skawina,1,34,2,58,Moderate
Denmark,Skive,0,33,0,38,Good
Russian Federation,Slavyanka,1,36,0,28,Good
Ukraine,Soledar,1,26,12,51,Moderate
United States of America,Somerset,1,33,5,44,Good
Germany,Sonneberg,0,28,1,29,Good
Russian Federation,Sosnovoborsk,1,34,0,45,Good
Côte d'Ivoire,Soubre,3,4,1,74,Moderate
United States of America,South Ogden,1,10,9,38,Good
United Kingdom of Great Britain and Northern Ireland,Spalding,1,15,9,41,Good
Italy,Spinea,1,39,3,54,Moderate
United States of America,Spring Valley,1,26,10,59,Moderate
United States of America,Stanford,1,30,11,64,Moderate
Sweden,Stockholm,1,31,1,8,Good
Germany,Strausberg,1,22,4,32,Good
Serbia,Subotica,1,37,1,71,Moderate
China,Suileng,1,46,0,57,Moderate
Indonesia,Sumber,1,34,0,54,Moderate
Niger,Say,1,18,1,31,Good
United States of America,Sayville,1,30,9,45,Good
United States of America,Schaumburg,2,9,22,77,Moderate
Germany,Schiffweiler,0,29,1,22,Good
United States of America,Scituate,1,35,5,45,Good
India,Shamsabad,1,75,2,433,Hazardous
China,Shancheng,2,159,2,78,Unhealthy
Mexico,Villa De Alvarez,2,11,4,75,Moderate
Mexico,Villagran,1,26,2,52,Moderate
Italy,Villasanta,1,27,7,67,Moderate
Spain,Villaviciosa,1,31,1,21,Good
Ukraine,Vinnitsa,1,37,1,44,Good
Russian Federation,Vnukovo,1,24,5,52,Moderate
Russian Federation,Volzhsk,1,36,0,62,Moderate
United States of America,Wade Hampton,3,18,17,75,Moderate
United States of America,Waianae,0,24,0,21,Good
Indonesia,Waingapu,0,25,0,55,Moderate
United States of America,Walpole,1,27,10,47,Good
Poland,Warka,1,33,1,27,Good
France,Wasquehal,1,36,2,46,Good
United Kingdom of Great Britain and Northern Ireland,Watford,1,30,5,24,Good
Belgium,Aartselaar,1,29,4,41,Good
United Kingdom of Great Britain and Northern Ireland,Aberystwyth,1,21,4,44,Good
Egypt,Abnub,1,47,2,150,Unhealthy
Italy,Acqui Terme,1,34,3,70,Moderate
Uganda,Adjumani,2,22,0,66,Moderate
Tajikistan,Adrasmon,1,55,0,132,Unhealthy for Sensitive Groups
Somalia,Afgoye,0,22,0,27,Good
India,Afzalpur,0,25,0,84,Moderate
India,Aizawl,1,32,0,13,Good
Egypt,Aja,1,53,3,70,Moderate
India,Ajjampur,0,22,0,39,Good
India,Akaltara,1,74,1,181,Unhealthy
Japan,Akita,1,29,2,18,Good
Germany,Albstadt,1,24,3,72,Moderate
Brazil,Alegre,1,15,1,40,Good
Serbia,Aleksinac,1,39,0,68,Moderate
Brazil,Alhandra,0,23,1,25,Good
Mexico,Allende,2,28,2,88,Moderate
United States of America,Alpharetta,3,23,17,71,Moderate
Ukraine,Alushta,1,44,0,16,Good
India,Amod,0,29,0,151,Unhealthy
Japan,Anan,1,43,1,16,Good
Germany,Andernach,1,23,4,51,Moderate
Philippines,Angeles,1,22,1,65,Moderate
Colombia,Ansermanuevo,3,1,9,98,Moderate
Panama,Anton,2,13,4,61,Moderate
Uganda,Apac,2,26,0,69,Moderate
Italy,Apricena,2,40,4,41,Good
Brazil,Aracatuba,1,13,1,31,Good
Brazil,Araripe,0,14,0,24,Good
Venezuela (Bolivarian Republic of),Araure,3,0,9,84,Moderate
Brazil,Areia Branca,0,21,0,19,Good
France,Argenteuil,1,19,6,62,Moderate
United States of America,Arkadelphia,1,26,3,73,Moderate
Germany,Arnsberg,0,30,2,51,Moderate
Uganda,Arua,2,19,0,63,Moderate
Italy,Asola,2,30,9,106,Unhealthy for Sensitive Groups
Philippines,Astorga,1,15,0,39,Good
India,Atraulia,4,188,1,182,Unhealthy
Kazakhstan,Atyrau,1,39,0,43,Good
France,Audincourt,1,30,1,61,Moderate
Ghana,Axim,1,23,0,33,Good
United States of America,Babylon,2,18,19,57,Moderate
Germany,Bad Sassendorf,0,31,2,51,Moderate
Spain,Baena,1,17,4,33,Good
Australia,Ballina,0,34,1,15,Good
India,Balrampur,4,167,1,168,Unhealthy
Russian Federation,Baltiysk,0,33,0,30,Good
Indonesia,Balung,2,45,1,100,Unhealthy for Sensitive Groups
India,Banat,3,156,2,154,Unhealthy
Iran (Islamic Republic of),Bandar E Anzali,1,36,0,61,Moderate
Iran (Islamic Republic of),Bandar E Lengeh,1,59,0,114,Unhealthy for Sensitive Groups
India,Bankra,5,107,6,178,Unhealthy
India,Bansgaon,5,177,1,179,Unhealthy
India,Baran,1,42,0,173,Unhealthy
Brazil,Barbacena,2,4,5,59,Moderate
India,Barddhaman,4,130,3,160,Unhealthy
India,Barh,4,139,1,167,Unhealthy
United Kingdom of Great Britain and Northern Ireland,Barnstaple,1,23,3,34,Good
Germany,Barsbuttel,0,33,1,32,Good
India,Barwani,1,33,0,151,Unhealthy
India,Basirhat,6,89,6,176,Unhealthy
Turkey,Batman,1,42,2,63,Moderate
Brazil,Bauru,1,11,2,45,Good
Philippines,Bocaue,1,23,1,65,Moderate
Mexico,Bochil,2,17,4,56,Moderate
Russian Federation,Bogdanovich,1,33,2,54,Moderate
Russian Federation,Boguchany,1,30,0,38,Good
Ukraine,Borodyanka,1,37,1,81,Moderate
Brazil,Botelhos,1,9,2,47,Good
Côte d'Ivoire,Bouake,2,15,1,62,Moderate
Romania,Brad,1,39,1,64,Moderate
South Africa,Brakpan,16,10,16,236,Very Unhealthy
United States of America,Brattleboro,1,25,4,31,Good
Romania,Breaza,1,41,0,52,Moderate
Brazil,Brejo Da Madre De Deus,0,15,1,27,Good
Germany,Bruchkobel,1,27,3,51,Moderate
Poland,Brzeszcze,2,31,6,96,Moderate
Poland,Brzeziny,1,28,3,66,Moderate
Philippines,Buayan,0,16,0,36,Good
Mongolia,Bulgan,1,37,0,12,Good
Papua New Guinea,Bulolo,0,13,0,7,Good
Australia,Bundaberg,0,32,0,10,Good
Saudi Arabia,Buqayq,1,54,0,183,Unhealthy
Bulgaria,Burgas,1,40,0,25,Good
Germany,Burglengenfeld,1,35,2,43,Good
Brazil,Caapora,0,23,1,26,Good
Dominican Republic,Cabral,2,10,9,76,Moderate
Mexico,Cacahoatan,3,11,9,102,Unhealthy for Sensitive Groups
Mexico,Cacalomacan,2,10,9,80,Moderate
Spain,Caceres,1,27,2,23,Good
Brazil,Cajati,1,10,1,33,Good
Portugal,Caldas De Vizela,1,24,2,22,Good
Angola,Caluquembe,2,12,0,42,Good
Brazil,Cambui,1,11,3,54,Moderate
Brazil,Canela,1,14,3,51,Moderate
Italy,Canelli,1,37,3,78,Moderate
United States of America,Canon City,1,24,4,74,Moderate
Italy,Cantu,1,34,5,111,Unhealthy for Sensitive Groups
Brazil,Carambei,0,15,0,30,Good
Italy,Carmagnola,1,38,3,82,Moderate
Philippines,Carmen,1,26,0,80,Moderate
United States of America,Casas Adobes,1,14,11,42,Good
Serbia,Surdulica,1,37,0,59,Moderate
United Kingdom of Great Britain and Northern Ireland,Sutton In Ashfield,0,31,2,34,Good
South Africa,Swellendam,2,4,3,71,Moderate
China,Tachi,3,170,1,120,Unhealthy
Philippines,Tacloban,1,23,0,64,Moderate
Japan,Tadotsu,1,45,1,26,Good
Japan,Tahara,1,44,1,19,Good
Iran (Islamic Republic of),Talesh,1,35,0,46,Good
United States of America,Tamarac,4,4,18,150,Unhealthy
Malaysia,Tanah Merah,1,30,0,76,Moderate
China,Tanggu,4,111,5,134,Unhealthy for Sensitive Groups
Malaysia,Tanjong Malim,2,47,0,90,Moderate
France,Tarnos,1,45,1,60,Moderate
France,Tassin La Demi Lune,1,24,3,30,Good
Germany,Tauberbischofsheim,1,34,3,52,Moderate
Sudan,Tawkar,1,27,0,152,Unhealthy
United States of America,Taylorville,1,37,6,57,Moderate
Mexico,Tecoman,1,11,2,28,Good
Mexico,Tecuala,1,12,1,54,Moderate
Mexico,Tejupilco,2,4,6,67,Moderate
United States of America,Tempe,1,12,20,52,Moderate
United States of America,Temple Terrace,1,10,20,73,Moderate
Mexico,Tenancingo,4,0,15,224,Very Unhealthy
Indonesia,Ternate,1,16,0,22,Good
United States of America,Terrell,1,20,4,60,Moderate
United States of America,The Colony,1,17,6,71,Moderate
Greece,Thivai,1,43,0,25,Good
France,Thouars,1,30,2,26,Good
Mexico,Tijuana,2,20,17,59,Moderate
United Republic of Tanzania,Tingi,0,17,0,24,Good
India,Tinsukia,1,27,0,40,Good
India,Tirumullaivasal,1,32,0,59,Moderate
Afghanistan,Tokzar,1,40,0,77,Moderate
Colombia,Tolu,2,0,6,58,Moderate
Russian Federation,Tomilino,1,20,15,60,Moderate
Italy,Torre Del Greco,2,36,10,52,Moderate
Côte d'Ivoire,Touba,1,14,0,29,Good
France,Tournefeuille,1,29,2,31,Good
Greece,Tripoli,1,44,0,30,Good
Peru,Trujillo,1,16,2,47,Good
Brazil,Tucuma,0,18,0,46,Good
Czechia,Turnov,1,26,3,63,Moderate
Russian Federation,Tutayev,1,28,2,35,Good
Viet Nam,Tuy Hoa,1,26,0,51,Moderate
Iran (Islamic Republic of),Tuysarkan,1,48,0,67,Moderate
Brazil,Uaua,0,13,1,20,Good
Mexico,Union Hidalgo,1,19,1,72,Moderate
United States of America,Universal City,1,18,2,31,Good
Philippines,Urdaneta,1,26,1,77,Moderate
Romania,Urlati,1,39,2,46,Good
United Republic of Tanzania,Usa River,1,10,0,45,Good
Czechia,Usti Nad Orlici,1,25,3,58,Moderate
United Republic of Tanzania,Utete,0,17,0,30,Good
India,Uttarkashi,1,57,0,65,Moderate
Finland,Uusikaupunki,1,28,1,5,Good
Ukraine,Uzhhorod,1,41,1,68,Moderate
Brazil,Valenca,0,15,0,15,Good
Italy,Varedo,1,43,2,78,Moderate
United States of America,Vega Alta,1,24,0,113,Unhealthy for Sensitive Groups
Colombia,Velez,2,3,5,53,Moderate
France,Venissieux,1,25,3,31,Good
France,Vernouillet,1,20,6,60,Moderate
South Africa,Verwoerdburg,21,12,16,201,Very Unhealthy
Russian Federation,Vichuga,1,25,5,52,Moderate
India,Vikravandi,1,31,2,70,Moderate
Portugal,Vilar Do Paraiso,0,29,2,21,Good
Argentina,Villeta,2,5,3,90,Moderate
Germany,Villingen Schwenningen,1,25,3,68,Moderate
Turkey,Viransehir,1,39,0,63,Moderate
France,Viroflay,1,18,7,63,Moderate
Brazil,Visconde Do Rio Branco,1,14,1,36,Good
Germany,Visselhovede,0,33,1,33,Good
Italy,Vittoria,2,26,6,57,Moderate
Germany,Vohringen,1,32,2,71,Moderate
France,Voisins Le Bretonneux,1,17,7,63,Moderate
Italy,Volterra,1,35,4,13,Good
Russian Federation,Vurnary,1,29,1,55,Moderate
Germany,Wadern,1,30,3,53,Moderate
Germany,Wadersloh,0,32,2,46,Good
United States of America,Walker,1,37,4,47,Good
Indonesia,Wanaraja,1,29,1,57,Moderate
Germany,Warendorf,0,34,1,39,Good
Germany,Wedel,0,33,1,31,Good
Poland,Wejherowo,0,33,0,25,Good
United States of America,Wells,1,29,5,29,Good
Germany,Wendlingen,1,27,3,64,Moderate
Germany,Wermelskirchen,1,27,3,47,Good
United States of America,West Bend,2,26,12,54,Moderate
United States of America,West Saint Paul,1,37,5,50,Good
Canada,Wetaskiwin,1,41,0,9,Good
Switzerland,Wetzikon,1,28,2,113,Unhealthy for Sensitive Groups
United States of America,Willimantic,1,25,7,35,Good
United States of America,Winnetka,2,23,21,63,Moderate
Poland,Wisla,1,37,2,77,Moderate
United States of America,Woodbury,2,19,16,56,Moderate
United States of America,Wright,1,29,2,72,Moderate
Kenya,Wundanyi,1,14,0,40,Good
China,Xiazhen,3,151,4,99,Unhealthy
China,Xiongyue,3,115,1,99,Unhealthy for Sensitive Groups
Cameroon,Yagoua,2,14,0,57,Moderate
Mexico,Yahualica,1,9,4,51,Moderate
United States of America,Yeadon,2,17,18,59,Moderate
Japan,Yoshikawa,1,46,4,51,Moderate
Japan,Yotsukaido,1,60,3,46,Moderate
China,Yudong,9,24,24,171,Unhealthy
Netherlands,Zevenaar,0,32,2,37,Good
China,Zhangzhou,3,145,3,107,Unhealthy for Sensitive Groups
China,Zhumadian,2,137,2,81,Unhealthy for Sensitive Groups
Belarus,Zlobin,1,35,0,71,Moderate
Peru,Zorritos,1,20,0,26,Good
Iran (Islamic Republic of),Behbahan,1,72,0,133,Unhealthy for Sensitive Groups
France,Bellegarde Sur Valserine,1,28,1,54,Moderate
Russian Federation,Beloretsk,1,37,0,34,Good
Russian Federation,Belyye Berega,1,37,0,10,Good
Viet Nam,Ben Tre,1,27,2,77,Moderate
Egypt,Beni Mazar,1,52,2,95,Moderate
Liberia,Bensonville,1,18,0,56,Moderate
United States of America,Bethel Park,1,44,4,36,Good
France,Bethune,1,28,3,49,Good
Russian Federation,Bezenchuk,1,38,0,49,Good
India,Bhavani,1,29,1,57,Moderate
Poland,Biala Podlaska,1,39,0,42,Good
Poland,Bielawa,1,21,4,69,Moderate
Italy,Biella,1,40,2,90,Moderate
United States of America,Big Spring,1,30,1,61,Moderate
Germany,Bingen,1,27,3,53,Moderate
Denmark,Birkerod,1,36,1,26,Good
United States of America,Bound Brook,2,14,20,64,Moderate
United Kingdom,Broadstairs,0,35,1,41,Good
Spain,Soller,1,51,1,18,Moderate
South Africa,Somerset East,2,7,3,63,Moderate
Germany,Sommerda,1,31,5,58,Moderate
Nicaragua,Somotillo,2,3,7,77,Moderate
India,Soro,2,51,0,97,Moderate
Russian Federation,Sosenskiy,1,34,0,34,Good
United States of America,South Lyon,2,23,14,87,Moderate
United States of America,South River,2,27,11,55,Moderate
Malaysia,Sri Aman,1,10,0,50,Good
India,Sri Madhopur,1,43,0,283,Very Unhealthy
Germany,Stadtallendorf,2,34,7,72,Moderate
Russian Federation,Staraya Russa,1,31,0,20,Good
Russian Federation,Starominskaya,1,38,1,4,Good
India,Suar,3,85,1,126,Unhealthy for Sensitive Groups
United States of America,Suisun City,1,25,10,50,Good
Indonesia,Sukaraja,1,40,1,67,Moderate
United Republic of Tanzania,Sumbawanga,0,21,0,23,Good
United States of America,Sun Prairie,1,26,4,41,Good
United States of America,Upper Arlington,2,27,13,74,Moderate
Uzbekistan,Urtaaul,1,84,2,150,Unhealthy
Russian Federation,Usinsk,1,31,0,32,Good
Russian Federation,Usolye Sibirskoye,1,43,1,52,Moderate
Poland,Ustka,1,25,1,41,Good
Spain,Utiel,1,28,2,55,Moderate
Russian Federation,Uyar,1,32,0,15,Good
Denmark,Vaerlose,1,29,3,36,Good
Romania,Valea Calugareasca,1,42,0,50,Good
United States of America,Valinda,4,2,34,140,Unhealthy for Sensitive Groups
India,Vedaranniyam,1,34,0,57,Moderate
Lao People's Democratic Republic,Vientiane,1,26,0,45,Good
Austria,Enns,1,39,1,62,Moderate
Hungary,Erd,1,39,2,62,Moderate
India,Erode,1,29,1,56,Moderate
Denmark,Espergaerde,1,36,1,27,Good
Italy,Este,1,36,5,94,Moderate
United States of America,Ewa Beach,0,26,0,30,Good
United States of America,Fallbrook,2,0,23,74,Moderate
Brazil,Fartura,1,13,1,32,Good
Iran (Islamic Republic of),Fasa,1,65,0,93,Moderate
Brazil,Ferraz De Vasconcelos,4,3,15,146,Unhealthy for Sensitive Groups
France,Floirac,1,38,1,51,Moderate
United States of America,Florissant,2,11,20,88,Moderate
United States of America,Forest Park,2,15,19,81,Moderate
Brazil,Formiga,1,6,3,44,Good
Greece,Ermoupolis,1,45,0,25,Good
Colombia,Espinal,4,4,7,103,Unhealthy for Sensitive Groups
Guatemala,Olintepeque,3,9,11,94,Moderate
Russian Federation,Olonets,1,28,0,33,Good
Germany,Olpe,1,27,3,50,Good
Belgium,Opwijk,1,28,4,43,Good
United States of America,Oregon,1,42,6,33,Good
Russian Federation,Osa,1,35,0,32,Good
India,Osmanabad,0,25,0,93,Moderate
Netherlands,Oss,0,32,2,37,Good
United States of America,Oswego,2,28,11,54,Moderate
Japan,Otsuki,1,41,1,26,Good
Brazil,Ouricuri,0,14,0,21,Good
Brazil,Ouro Preto Do Oeste,2,0,2,53,Moderate
Colombia,Ovejas,2,1,8,60,Moderate
Germany,Overath,1,24,4,48,Good
Brazil,Pacajus,0,19,1,25,Good
Thailand,Pak Phanang,2,34,0,69,Moderate
Mexico,Palau,1,20,0,54,Moderate
Italy,Palestrina,1,43,3,30,Good
India,Pandaria,1,42,0,186,Unhealthy
India,Pandhana,0,35,0,153,Unhealthy
United States of America,Papillion,1,35,6,47,Good
Finland,Parainen,1,28,3,15,Good
Brazil,Paraipaba,0,21,1,42,Good
India,Parichhatgarh,4,173,3,159,Unhealthy
India,Parli,1,31,0,95,Moderate
India,Pattukkottai,1,35,0,63,Moderate
India,Pawai,1,42,0,196,Unhealthy
Brazil,Pedregulho,1,7,2,42,Good
India,Pennagaram,0,24,1,56,Moderate
India,Peravurani,1,35,0,62,Moderate
Russian Federation,Pestovo,1,34,0,42,Good
Brazil,Petrolandia,0,12,1,22,Good
Romania,Petrosani,1,41,0,57,Moderate
Russian Federation,Petrozavodsk,1,28,1,13,Good
Slovakia,Pezinok,1,38,2,67,Moderate
India,Phalodi,0,34,0,467,Hazardous
United States of America,Pharr,3,15,6,150,Unhealthy
United States of America,Philadelphia,2,16,19,61,Moderate
India,Pinahat,1,54,1,297,Very Unhealthy
United States of America,Pineville,1,15,4,48,Good
China,Pingshan,3,133,2,90,Unhealthy for Sensitive Groups
China,Pingzhuang,2,87,0,101,Unhealthy for Sensitive Groups
Italy,Piombino,1,40,0,19,Good
Brazil,Piracaia,3,7,8,102,Unhealthy for Sensitive Groups
Italy,Pisa,1,39,2,22,Good
France,Ploemeur,1,32,2,31,Good
Russian Federation,Pokrovka,1,42,0,58,Moderate
Russian Federation,Pokrovskoye,1,38,2,15,Good
Ukraine,Polohy,1,40,0,8,Good
Bulgaria,Pomorie,1,40,0,25,Good
India,Porbandar,0,23,0,167,Unhealthy
Malaysia,Port Dickson,2,39,0,90,Moderate
Australia,Port Macquarie,0,29,0,7,Good
Portugal,Porto,0,28,2,21,Good
South Africa,Potchefstroom,11,15,15,188,Unhealthy
Poland,Poznan,1,30,2,36,Good
Thailand,Prachin Buri,1,30,1,57,Moderate
Brazil,Pradopolis,2,7,4,62,Moderate
Italy,Prato,1,37,3,18,Good
Indonesia,Prigen,3,84,2,153,Unhealthy
Italy,Priverno,1,40,2,21,Good
Spain,Puerto Real,1,32,2,32,Good
Italy,Putignano,1,48,2,25,Good
Azerbaijan,Qax,1,32,0,28,Good
China,Qingquan,4,178,3,132,Unhealthy
Portugal,Quarteira,1,38,2,24,Good
United States of America,Quartz Hill,2,28,14,72,Moderate
Pakistan,Rabwah,2,148,1,163,Unhealthy
Italy,Ragusa,1,28,5,54,Moderate
India,Rajpura,2,143,1,138,Unhealthy for Sensitive Groups
United States of America,Rosenberg,1,18,4,34,Good
United Kingdom,Rottingdean,1,28,5,52,Moderate
Czechia,Roznov,1,39,1,60,Moderate
Venezuela (Bolivarian Republic of),Rubio,1,10,3,34,Good
Poland,Ruda Slaska,2,23,11,113,Unhealthy for Sensitive Groups
Bulgaria,Ruse,1,37,1,36,Good
United Kingdom of Great Britain and Northern Ireland,Rushden,1,29,4,50,Good
United States of America,Russellville,1,23,4,79,Moderate
United States of America,Rye,2,12,24,70,Moderate
Japan,Sabae,1,43,0,25,Good
Iran (Islamic Republic of),Sabzevar,1,42,0,116,Unhealthy for Sensitive Groups
Japan,Sagamihara,1,50,3,43,Good
Japan,Sagara,1,46,0,20,Good
India,Sahaspur,3,182,1,151,Unhealthy
United States of America,Saint Helens,1,25,7,39,Good
France,Saint Andre Les Vergers,1,29,2,23,Good
France,Saint Michel Sur Orge,1,20,6,56,Moderate
France,Saint Sebastien Sur Loire,1,27,2,32,Good
France,Sainte Luce Sur Loire,1,27,2,32,Good
Japan,Sakaiminato,1,44,0,34,Good
United Kingdom of Great Britain and Northern Ireland,Sale,1,30,3,34,Good
Mexico,Salina Cruz,1,23,1,60,Moderate
France,Sallaumines,1,25,4,50,Good
Madagascar,Sambava,0,22,0,15,Good
Bhutan,Samdrup Jongkhar,1,27,0,31,Good
Chile,San Bernardo,15,0,24,240,Very Unhealthy
United States of America,San German,1,24,0,129,Unhealthy for Sensitive Groups
Italy,San Giorgio Ionico,1,48,3,39,Good
Colombia,San Jose Del Guaviare,1,7,0,27,Good
United States of America,San Jose,1,17,0,45,Good
Costa Rica,San Josecito,2,2,14,83,Moderate
United States of America,San Pablo,1,15,17,55,Moderate
Costa Rica,San Rafael Arriba,2,5,13,79,Moderate
Spain,Sanlucar La Mayor,1,30,2,25,Good
India,Sanquelim,0,25,0,84,Moderate
Italy,Sansepolcro,1,37,2,20,Good
United States of America,Santa Clara,2,9,20,66,Moderate
Italy,Santa Maria A Vico,2,37,8,41,Good
Ecuador,Santo Domingo,2,3,7,70,Moderate
Colombia,Santo Tomas,2,18,7,85,Moderate
Brazil,Sao Bernardo Do Campo,4,4,16,142,Unhealthy for Sensitive Groups
Brazil,Sao Joao Da Barra,1,13,2,54,Moderate
Brazil,Sao Lourenco Da Serra,3,6,12,112,Unhealthy for Sensitive Groups
Brazil,Saquarema,2,11,7,83,Moderate
Iran (Islamic Republic of),Sarakhs,1,45,0,90,Moderate
France,Saverne,1,21,4,65,Moderate
Italy,Savona,1,37,2,34,Good
Yemen,Sayyan,1,44,0,179,Unhealthy
Germany,Schifferstadt,1,30,3,52,Moderate
France,Schiltigheim,1,23,4,65,Moderate
Germany,Schmelz,1,29,3,52,Moderate
Germany,Schramberg,1,26,3,69,Moderate
Germany,Schriesheim,1,31,3,53,Moderate
Austria,Schwechat,1,37,2,66,Moderate
Germany,Schwedt,0,33,1,35,Good
United States of America,Sebring,1,11,11,55,Moderate
India,Selu,1,34,0,126,Unhealthy for Sensitive Groups
Slovakia,Senica,1,39,1,64,Moderate
Gambia,Serekunda,1,30,1,158,Unhealthy
Italy,Sesto Fiorentino,1,36,3,17,Good
Iran (Islamic Republic of),Shadegan,1,80,0,151,Unhealthy
Russian Federation,Sherlovaya Gora,1,32,0,20,Good
Japan,Shimabara,1,47,1,43,Good
India,Shirhatti,0,23,0,53,Moderate
Indonesia,Sibolga,0,14,0,35,Good
India,Siddapur,0,23,0,52,Moderate
Romania,Simleu Silvaniei,1,37,1,67,Moderate
Portugal,Sines,1,34,3,31,Good
Thailand,Sing Buri,0,26,0,32,Good
United Kingdom of Great Britain and Northern Ireland,Skegness,0,35,1,22,Good
Russian Federation,Skuratovskiy,1,31,1,23,Good
Russian Federation,Slobodskoy,1,25,2,34,Good
Sweden,Sodertalje,1,29,0,21,Good
Poland,Sokolka,0,36,0,31,Good
Italy,Rapallo,1,45,2,34,Good
Pakistan,Rasulnagar,2,155,1,124,Unhealthy
Brazil,Regeneracao,1,9,1,39,Good
India,Richha,4,177,1,156,Unhealthy
Germany,Riedlingen,1,28,3,78,Moderate
Germany,Rielasingen Worblingen,1,29,2,94,Moderate
United States of America,Riverton,1,13,12,54,Moderate
United Kingdom of Great Britain and Northern Ireland,Rochdale,1,30,3,28,Good
United States of America,Rocklin,2,8,23,70,Moderate
Brazil,Rolim De Moura,1,2,0,32,Good
Mexico,Romita,1,14,4,57,Moderate
Thailand,Non Sung,1,28,0,50,Good
United States of America,North Massapequa,2,16,21,63,Moderate
United States of America,Norwood,1,24,8,34,Good
Brazil,Nova Venecia,1,17,1,30,Good
United States of America,Novato,1,22,9,40,Good
Brazil,Novo Cruzeiro,0,12,0,23,Good
Russian Federation,Novorossiysk,1,38,1,46,Good
Mexico,Nueva Rosita,1,23,1,54,Moderate
Russian Federation,Nyagan,1,32,0,15,Good
India,Nyamati,0,22,0,39,Good
United States of America,Oakton,1,25,12,51,Moderate
Japan,Oarai,1,38,1,17,Good
Germany,Oberasbach,1,34,2,47,Good
Nigeria,Ode,4,26,2,118,Unhealthy for Sensitive Groups
Japan,Ohara,1,61,1,41,Moderate
Netherlands,Oldenzaal,0,33,1,35,Good
Russian Federation,Soltsy,1,35,0,60,Moderate
El Salvador,Sonsonate,2,22,9,88,Moderate
Hungary,Sopron,1,34,2,71,Moderate
United States of America,South Pasadena,4,14,38,122,Unhealthy for Sensitive Groups
Germany,Spenge,0,34,1,38,Good
United States of America,Springdale,1,24,4,86,Moderate
Russian Federation,Srednyaya Akhtuba,1,38,0,30,Good
Belgium,Stabroek,1,30,3,37,Good
Belgium,Staden,1,32,3,42,Good
Germany,Stadthagen,0,34,1,36,Good
United Kingdom of Great Britain and Northern Ireland,Stafford,1,30,3,41,Good
South Africa,Stanger,6,15,6,165,Unhealthy
Belgium,Steenokkerzeel,1,27,4,44,Good
Belgium,Stekene,1,30,3,39,Good
Bosnia and Herzegovina,Stijena,1,32,0,50,Good
United States of America,Stow,1,44,3,34,Good
United Kingdom of Great Britain and Northern Ireland,Stroud,1,21,5,51,Moderate
Indonesia,Sumbawa,1,25,0,21,Good
United States of America,Sun City,2,6,20,67,Moderate
India,Kheralu,1,35,0,162,Unhealthy
Ukraine,Kherson,1,43,0,35,Good
Iran (Islamic Republic of),Khomeyn,1,51,0,87,Moderate
United Republic of Tanzania,Kilosa,0,16,0,31,Good
Guinea,Kindia,1,18,0,62,Moderate
Turkey,Kirac,1,40,1,35,Good
Russian Federation,Kirovgrad,1,30,1,33,Good
Russian Federation,Kirs,1,30,0,11,Good
Japan,Kitami,0,32,0,23,Good
Ukraine,Kivertsi,1,33,0,60,Moderate
Indonesia,Klangenan,1,38,1,67,Moderate
Japan,Kogota,1,40,0,14,Good
India,Kokrajhar,2,53,1,150,Unhealthy
Poland,Kolno,1,34,0,45,Good
Greece,Komotini,1,40,0,33,Good
Tajikistan,Konibodom,1,42,0,109,Unhealthy for Sensitive Groups
Russian Federation,Korablino,0,32,0,37,Good
Pakistan,Kot Addu,1,88,1,202,Very Unhealthy
India,Kota,1,42,1,160,Unhealthy
Netherlands,Kampen,1,29,3,32,Good
Myanmar,Kanbe,0,23,0,58,Moderate
India,Kanina,1,41,0,372,Hazardous
Kyrgyzstan,Karakol,0,35,0,42,Good
Russian Federation,Kargat,1,30,0,37,Good
Russian Federation,Kargopol,1,31,0,17,Good
India,Karur,0,28,0,55,Moderate
Iran (Islamic Republic of),Kashan,1,69,1,151,Unhealthy
Thailand,Kathu,0,23,0,40,Good
Netherlands,Katwijk,1,27,5,41,Good
Lithuania,Kaunas,1,33,0,45,Good
Russian Federation,Kayakent,1,35,0,66,Moderate
United States of America,Keansburg,2,45,6,77,Moderate
Indonesia,Kebonarum,1,32,1,65,Moderate
Indonesia,Kebumen,1,34,0,61,Moderate
United States of America,Ken Caryl,3,3,15,89,Moderate
United States of America,Kendall,1,9,14,89,Moderate
Sierra Leone,Kenema,1,16,0,36,Good
Turkey,Kestel,1,40,1,35,Good
Hungary,Keszthely,1,32,1,50,Good
Germany,Kevelaer,1,33,2,33,Good
Russian Federation,Khadyzhensk,1,52,2,15,Moderate
India,Khairagarh,1,44,0,156,Unhealthy
United States of America,Jeffersonville,1,30,11,54,Moderate
Malaysia,Jerantut,1,31,0,48,Good
China,Jidong,1,34,0,30,Good
India,Jiran,1,41,0,156,Unhealthy
China,Jishu,2,47,1,62,Moderate
China,Jiujiang,4,142,4,104,Unhealthy for Sensitive Groups
India,Jobner,1,39,0,192,Unhealthy
Spain,Jodar,1,29,1,25,Good
India,Jodhpur,0,34,0,378,Hazardous
United States of America,Jollyville,1,21,3,46,Good
Philippines,Jolo,1,15,0,30,Good
Nigeria,Jos,2,31,0,64,Moderate
Mexico,Juarez,2,12,6,73,Moderate
United States of America,Juneau,0,25,2,28,Good
Russian Federation,Kachkanar,1,24,0,17,Good
Turkey,Kadirli,1,41,0,72,Moderate
China,Kaili,3,98,1,87,Moderate
Zambia,Kalulushi,1,22,0,58,Moderate
Japan,Kamagaya,1,39,3,40,Good
Russian Federation,Ilovlya,1,35,0,21,Good
India,Indapur,0,23,0,111,Unhealthy for Sensitive Groups
Brazil,Inhumas,1,10,3,54,Moderate
Brazil,Ipiau,1,4,2,37,Good
Peru,Iquitos,1,1,0,28,Good
United Kingdom of Great Britain and Northern Ireland,Irvine,0,34,0,62,Moderate
Germany,Ismaning,0,29,1,31,Good
Brazil,Itaobim,1,4,2,28,Good
Brazil,Itaperucu,1,13,4,50,Good
Brazil,Itaquitinga,1,15,3,50,Good
Serbia,Ivanjica,1,38,0,23,Good
Russian Federation,Ivanteyevka,1,27,5,50,Good
France,Ivry Sur Seine,1,20,5,51,Moderate
United Kingdom of Great Britain and Northern Ireland,Ivybridge,0,35,1,67,Moderate
Mexico,Ixtepec,2,6,4,66,Moderate
Japan,Izumi,1,39,3,44,Good
India,Jagatsinghapur,2,90,1,154,Unhealthy
Czechia,Jaromer,1,29,1,30,Good
India,Tekari,1,68,1,296,Hazardous
Germany,Teningen,1,31,1,31,Good
Italy,Terlizzi,1,47,1,34,Good
Italy,Terni,1,42,2,32,Good
Bangladesh,Thakurgaon,2,73,1,193,Unhealthy
Germany,Thale,1,38,1,28,Good
Denmark,Thisted,0,34,1,46,Good
Peru,Tingo Maria,1,1,1,36,Good
Philippines,Titay,1,17,0,100,Unhealthy for Sensitive Groups
Mexico,Tlajomulco,1,5,6,59,Moderate
Mexico,Tlapacoyan,4,7,10,93,Moderate
Mexico,Tlaxcalancingo,3,2,11,158,Unhealthy
Pakistan,Toba Tek Singh,1,55,1,295,Very Unhealthy
Brazil,Tome Acu,1,5,0,34,Good
United States of America,Shelbyville,1,30,8,45,Good
China,Shizuishan,1,49,0,73,Moderate
Japan,Shizunai,1,32,0,12,Good
Thailand,Si Sa Ket,0,28,0,54,Moderate
India,Sibsagar,2,47,1,69,Moderate
India,Siddhapur,0,34,0,168,Unhealthy
Indonesia,Sidoarjo,2,58,2,153,Unhealthy
Poland,Sieradz,1,30,1,39,Good
Turkey,Silvan,1,49,0,90,Moderate
India,Simdega,1,86,0,169,Unhealthy
Romania,Simeria,1,37,1,57,Moderate
Croatia,Sinj,1,37,0,20,Good
India,Sirsa,1,47,0,239,Very Unhealthy
Ireland,Skerries,0,38,0,64,Moderate
Ukraine,Skvyra,1,43,0,55,Moderate
Republic of Moldova,Slobozia,1,39,0,52,Moderate
United Kingdom of Great Britain and Northern Ireland,Slough,0,27,2,31,Good
Japan,Soja,1,37,3,29,Good
Russian Federation,Sol Iletsk,1,27,0,18,Good
India,Sompeta,2,83,1,154,Unhealthy
Spain,Sopelana,0,32,1,21,Good
Spain,Soria,0,32,0,23,Good
Uganda,Soroti,2,28,0,54,Moderate
United States of America,South Burlington,1,39,1,29,Good
United States of America,Southglenn,2,5,14,76,Moderate
United Kingdom of Great Britain and Northern Ireland,Southport,0,33,0,67,Moderate
United States of America,Springville,3,20,11,123,Unhealthy for Sensitive Groups
India,Srirampur,3,89,3,176,Unhealthy
United Kingdom of Great Britain and Northern Ireland,Stalybridge,0,32,1,55,Moderate
Serbia,Stara Pazova,1,33,2,69,Moderate
United States of America,Staunton,2,24,5,61,Moderate
Germany,Steinau,1,33,2,31,Good
Germany,Steinen,1,29,2,34,Good
Germany,Stolberg,1,32,2,33,Good
United States of America,Stoughton,3,2,12,68,Moderate
Germany,Stralsund,0,38,0,20,Good
Denmark,Struer,0,34,1,43,Good
Pakistan,Sukheke,2,140,1,276,Very Unhealthy
Turkey,Suluova,1,39,0,37,Good
Costa Rica,San Francisco,1,9,7,58,Moderate
Italy,San Gennaro Vesuviano,1,45,2,16,Good
Dominican Republic,San Pedro De Macoris,1,21,2,100,Unhealthy for Sensitive Groups
Argentina,San Ramon De La Nueva Oran,0,9,0,20,Good
Italy,San Vito Al Tagliamento,1,28,2,19,Good
Mexico,Sanctorum,3,4,10,158,Unhealthy
United States of America,Sanford,1,42,2,30,Good
India,Sankeshwar,0,23,0,77,Moderate
China,Sanmenxia,3,167,1,119,Unhealthy
Spain,Santa Pola,1,32,2,33,Good
Portugal,Sao Bras De Alportel,1,33,2,37,Good
Nigeria,Sapele,4,21,3,101,Unhealthy for Sensitive Groups
India,Sarangpur,1,41,0,155,Unhealthy
Canada,Sarnia,1,33,5,37,Good
Hungary,Sarvar,1,31,1,47,Good
India,Sawai Madhopur,1,45,0,164,Unhealthy
Australia,Sawtell,0,24,0,10,Good
Germany,Schalksmuhle,1,34,2,27,Good
Germany,Schneeberg,0,32,1,26,Good
Germany,Schopfheim,1,29,2,34,Good
Germany,Schotten,1,31,4,33,Good
Ethiopia,Sebeta,1,22,0,51,Moderate
Malaysia,Semporna,1,14,0,15,Good
Germany,Senden,1,34,2,25,Good
Germany,Senftenberg,0,33,1,28,Good
Italy,Sestu,1,40,1,67,Moderate
Brazil,Sete Lagoas,4,0,8,119,Unhealthy for Sensitive Groups
Pakistan,Shahdadpur,1,43,0,171,Unhealthy
Peru,Supe,1,18,2,45,Good
Cambodia,Svay Rieng,1,26,0,53,Moderate
Russian Federation,Svetlyy Yar,1,39,0,27,Good
Peru,Tabalosos,1,2,0,34,Good
Togo,Tabligbo,1,22,1,86,Moderate
Colombia,Tado,1,8,1,28,Good
Tunisia,Taklisah,1,46,2,49,Good
Brazil,Tamboril,1,5,2,34,Good
India,Tankara,0,31,0,154,Unhealthy
India,Tarana,1,39,0,155,Unhealthy
Morocco,Tarudant,1,28,1,29,Good
Tunisia,Tastur,1,45,0,35,Good
India,Shertallai,1,24,0,84,Moderate
United States of America,Sherwood,1,29,3,61,Moderate
China,Shilong,4,191,5,121,Unhealthy
Iran (Islamic Republic of),Shiraz,1,51,0,94,Moderate
Italy,Siano,1,46,2,48,Good
United States of America,Signal Hill,4,5,36,110,Unhealthy for Sensitive Groups
United States of America,Silver Spring,1,39,6,42,Good
Portugal,Silves,1,36,3,19,Good
China,Simao,0,20,0,11,Good
Netherlands,Simpelveld,1,35,2,52,Moderate
Turkey,Sinop,1,33,0,47,Good
Iran (Islamic Republic of),Sirjan,1,47,0,117,Unhealthy for Sensitive Groups
India,Sivaganga,1,34,0,61,Moderate
India,Siwan,4,153,1,152,Unhealthy
India,Siwana,1,32,0,241,Very Unhealthy
Czechia,Slany,1,40,3,74,Moderate
Canada,Smiths Falls,1,15,6,46,Good
United States of America,Glen Carbon,2,32,10,56,Moderate
India,Gola Gokarannath,3,92,1,138,Unhealthy for Sensitive Groups
Poland,Gora,1,37,1,56,Moderate
Russian Federation,Goyty,1,45,1,71,Moderate
United States of America,Grand Haven,1,32,5,53,Moderate
Brazil,Gravata,0,10,3,33,Good
United Kingdom of Great Britain and Northern Ireland,Great Malvern,1,29,4,25,Good
United States of America,Green Haven,1,32,8,37,Good
United States of America,Greencastle,2,28,14,65,Moderate
Germany,Greifswald,1,36,2,49,Good
United States of America,Grenada,2,29,4,50,Good
Belgium,Grez Doiceau,1,28,6,66,Moderate
United States of America,Griffin,3,11,27,78,Moderate
United States of America,Groves,1,23,5,27,Good
India,Gua,2,72,0,162,Unhealthy
Russian Federation,Gubkin,1,36,0,40,Good
Canada,Guelph,2,29,6,63,Moderate
Spain,Guia De Isora,0,23,0,8,Good
Cuba,Guira De Melena,1,26,2,75,Moderate
Philippines,Guiuan,1,19,0,52,Moderate
Pakistan,Gujrat,3,160,1,161,Unhealthy
India,Gulbarga,1,38,0,99,Moderate
Germany,Gundelfingen,1,31,3,63,Moderate
France,Guyancourt,2,27,6,69,Moderate
Viet Nam,Hanoi,4,181,1,145,Unhealthy
Netherlands,Harderwijk,1,24,6,29,Good
France,Harnes,1,32,3,51,Moderate
United States of America,Harrisburg,2,20,17,67,Moderate
South Africa,Harrismith,2,21,1,68,Moderate
Iran (Islamic Republic of),Hashtrud,1,46,0,50,Good
Thailand,Hat Yai,1,23,0,61,Moderate
India,Hata,3,58,2,93,Moderate
Pakistan,Haveli,3,166,1,153,Unhealthy
United States of America,Hayden,1,31,3,58,Moderate
Germany,Herdecke,1,30,6,60,Moderate
Germany,Herzberg,1,37,3,69,Moderate
United Kingdom of Great Britain and Northern Ireland,Heswall,1,33,4,24,Good
Netherlands,Hillegom,1,35,4,52,Moderate
India,Himatnagar,1,37,0,157,Unhealthy
India,Hisua,3,100,2,154,Unhealthy
United States of America,Hollister,1,26,5,43,Good
Kenya,Homa Bay,3,33,1,117,Unhealthy for Sensitive Groups
United States of America,Hope,2,28,6,60,Moderate
Azerbaijan,Hovsan,1,32,0,67,Moderate
Czechia,Hradec Kralove,1,35,1,82,Moderate
China,Huayang,3,54,8,154,Unhealthy
United States of America,Huntington Station,2,11,27,74,Moderate
Uganda,Ibanda,2,20,0,68,Moderate
Nigeria,Idah,1,21,1,60,Moderate
United Republic of Tanzania,Ifakara,0,16,0,18,Good
Brazil,Igarape Miri,1,5,0,31,Good
Madagascar,Ikalamavony,0,22,0,14,Good
Peru,Imperial,1,20,1,17,Good
Germany,Ingolstadt,1,26,4,62,Moderate
Japan,Innoshima,2,38,5,36,Good
Austria,Innsbruck,1,32,1,54,Moderate
Colombia,Ipiales,0,8,0,18,Good
Brazil,Irati,1,8,2,38,Good
Iraq,Irbil,1,76,0,53,Moderate
Turkey,Istanbul,1,33,1,59,Moderate
Brazil,Itabirito,2,4,7,97,Moderate
Brazil,Itai,1,8,1,22,Good
Brazil,Itajai,0,20,2,34,Good
Japan,Itako,1,46,1,45,Good
Brazil,Itororo,1,7,1,31,Good
Brazil,Iturama,1,5,1,23,Good
Turkey,Izmit,1,38,0,55,Moderate
Haiti,Jacmel,2,14,5,128,Unhealthy for Sensitive Groups
Brazil,Jaguarao,0,22,0,9,Good
Pakistan,Jalalpur Pirwala,2,135,1,183,Unhealthy
Bangladesh,Jamalpur,2,43,1,68,Moderate
Somalia,Jamame,0,26,0,33,Good
Brazil,Jaragua,1,8,2,55,Moderate
India,Jhalrapatan,1,38,0,176,Unhealthy
Mexico,Jimenez,1,17,3,61,Moderate
Brazil,Joao Pessoa,0,20,0,23,Good
Kenya,Kabarnet,2,26,0,56,Moderate
India,Kadaura,4,171,1,170,Unhealthy
India,Kadi,1,33,0,154,Unhealthy
Kenya,Kajiado,1,21,0,57,Moderate
Indonesia,Kalianget,1,33,0,45,Good
Indonesia,Kaliwungu,3,100,2,113,Unhealthy for Sensitive Groups
Zambia,Kalomo,0,20,0,9,Good
Russian Federation,Kaluga,1,32,0,34,Good
Japan,Kameyama,1,27,5,50,Good
Japan,Kamisu,1,45,1,40,Good
Canada,Fort Saint John,2,30,1,62,Moderate
United States of America,Fortuna Foothills,1,21,7,61,Moderate
United States of America,Fraser,2,18,17,77,Moderate
Mexico,Fresnillo,1,24,0,57,Moderate
Russian Federation,Frolovo,1,36,0,32,Good
Japan,Futtsu,1,42,2,49,Good
Uzbekistan,Gagarin,1,48,0,168,Unhealthy
United States of America,Galt,1,28,8,60,Moderate
Germany,Gauting,2,27,5,62,Moderate
Germany,Gelsenkirchen,1,24,8,58,Moderate
Indonesia,Genteng,1,25,0,41,Good
Germany,Germering,1,38,3,66,Moderate
Italy,Giarre,1,43,1,52,Moderate
Philippines,Gingoog,1,25,0,45,Good
Brazil,Encantado,1,13,2,24,Good
Germany,Engelskirchen,1,34,4,61,Moderate
Germany,Enger,2,20,11,72,Moderate
China,Erdaojiang,2,47,1,64,Moderate
Costa Rica,Escazu,1,9,8,60,Moderate
United States of America,Exeter,1,28,5,55,Moderate
United States of America,Fairview,2,18,20,75,Moderate
Turkey,Fethiye,1,39,2,87,Moderate
Italy,Fiesole,1,40,2,68,Moderate
Germany,Flensburg,1,28,4,51,Moderate
South Africa,Fochville,8,17,12,154,Unhealthy
United States of America,Folsom,1,26,10,69,Moderate
United States of America,Forestville,1,30,9,46,Good
Italy,Formello,1,45,1,98,Moderate
United States of America,Fort Collins,1,11,10,55,Moderate
Indonesia,Gatak,2,45,1,79,Moderate
Thailand,Chanthaburi,0,20,0,34,Good
Mexico,Chapala,1,9,4,47,Good
United States of America,Charlottesville,2,20,7,68,Moderate
Brazil,Charqueada,2,5,5,58,Moderate
United States of America,Chicopee,1,45,2,31,Good
China,Chifeng,2,48,0,67,Moderate
India,Chikitigarh,2,77,0,156,Unhealthy
United States of America,Chillicothe,1,35,6,42,Good
Mozambique,Chimoio,1,20,0,35,Good
Japan,Chitose,1,32,1,14,Good
India,Chittaranjan,1,92,1,174,Unhealthy
India,Chomun,1,39,0,197,Unhealthy
Czechia,Chomutov,1,30,2,29,Good
Indonesia,Cileungsi,3,142,2,146,Unhealthy for Sensitive Groups
Indonesia,Ciranjang,2,87,1,109,Unhealthy for Sensitive Groups
India,Bisalpur,1,77,1,480,Hazardous
Netherlands,Bloemendaal,1,27,5,40,Good
South Africa,Bloemhof,0,21,3,48,Good
United States of America,Bloomingdale,1,12,18,55,Moderate
United States of America,Blue Ash,1,31,9,45,Good
Germany,Bobenheim Roxheim,1,34,1,29,Good
United States of America,Boca Raton,1,14,9,69,Moderate
Turkmenistan,Boldumsaz,1,42,0,84,Moderate
Italy,Bollate,1,28,3,24,Good
China,Boshan,2,123,4,99,Unhealthy for Sensitive Groups
Burkina Faso,Bousse,1,17,0,31,Good
Italy,Bracciano,1,38,4,41,Good
Spain,Brenes,1,31,2,37,Good
France,Brest,0,28,1,25,Good
Denmark,Bronderslev,0,34,1,54,Moderate
Brazil,Brotas,1,5,3,49,Good
United States of America,Brown Deer,2,14,16,51,Moderate
Germany,Bruckmuhl,1,27,1,35,Good
Poland,Brwinow,1,34,1,30,Good
Ukraine,Bryanka,1,38,2,55,Moderate
United States of America,Buena Park,4,7,30,124,Unhealthy for Sensitive Groups
Bosnia and Herzegovina,Bugojno,1,28,0,18,Good
Turkey,Bulancak,1,33,0,30,Good
Malaysia,Buloh Kasap,1,40,0,68,Moderate
Netherlands,Bussum,1,28,4,38,Good
Philippines,Bustos,1,23,1,71,Moderate
United States of America,Butler,1,31,8,50,Good
Russian Federation,Buynaksk,1,42,0,43,Good
Azerbaijan,Buzovna,1,38,0,73,Moderate
Cuba,Caibarien,1,22,1,88,Moderate
Italy,Calcinato,1,32,4,65,Moderate
Colombia,Caldas,4,0,8,125,Unhealthy for Sensitive Groups
Mexico,Calpan,2,4,12,153,Unhealthy
United States of America,Calumet City,2,10,28,79,Moderate
Angola,Camacupa,4,28,3,154,Unhealthy
Spain,Cambre,0,26,2,24,Good
Philippines,Caminawit,1,21,0,45,Good
Colombia,Campo De La Cruz,2,13,9,109,Unhealthy for Sensitive Groups
Brazil,Campo Maior,1,10,1,27,Good
Italy,Camponogara,1,31,4,46,Good
Brazil,Campos Gerais,1,5,4,51,Moderate
United States of America,Canyon,1,26,1,39,Good
Brazil,Capela,0,13,2,35,Good
Brazil,Caraguatatuba,1,24,0,31,Good
Italy,Carbonia,1,38,0,79,Moderate
Afghanistan,Carikar,0,37,0,67,Moderate
Venezuela (Bolivarian Republic of),Carora,1,17,1,72,Moderate
United States of America,Carrboro,2,29,6,60,Moderate
Italy,Casarano,1,65,0,40,Moderate
Italy,Caserta,1,39,4,19,Good
Brazil,Casimiro De Abreu,2,29,3,66,Moderate
Mexico,Castanos,1,28,0,66,Moderate
Italy,Castellammare Del Golfo,1,45,0,67,Moderate
Saint Lucia,Castries,0,26,0,79,Moderate
Germany,Castrop Rauxel,1,27,4,32,Good
Italy,Cattolica,1,43,0,33,Good
Hungary,Celldomolk,1,31,1,50,Good
Peru,Cerro De Pasco,0,7,0,11,Good
Italy,Cerveteri,1,40,4,40,Good
India,Chakan,0,24,0,121,Unhealthy for Sensitive Groups
India,Chakulia,1,71,0,165,Unhealthy
India,Chalisgaon,1,36,0,150,Unhealthy
Zambia,Chambishi,1,18,1,66,Moderate
Brazil,Arroio Dos Ratos,1,14,2,34,Good
Italy,Artena,1,46,1,21,Good
Sweden,Arvika,0,36,0,28,Good
Russian Federation,Asbest,1,34,1,30,Good
Germany,Aschaffenburg,1,35,1,29,Good
Germany,Ascheberg,1,34,2,26,Good
Germany,Aschersleben,1,37,1,29,Good
Kazakhstan,Atasu,1,40,0,32,Good
United States of America,Atlanta,3,0,29,99,Moderate
United States of America,Atlantic City,1,42,4,71,Moderate
India,Azamgarh,1,67,1,334,Hazardous
China,Baishishan,2,36,0,47,Good
Iraq,Balad,1,85,2,118,Unhealthy for Sensitive Groups
Indonesia,Balikpapan,1,19,0,27,Good
India,Balugaon,1,61,0,158,Unhealthy
Mali,Bamako,2,15,0,72,Moderate
Philippines,Bambang,1,26,0,53,Moderate
Mali,Banamba,1,22,1,89,Moderate
Cuba,Banes,1,27,1,103,Unhealthy for Sensitive Groups
India,Bangarapet,0,29,0,67,Moderate
Indonesia,Banjarmasin,1,20,0,42,Good
India,Barela,1,39,0,154,Unhealthy
India,Bareli,1,68,1,478,Hazardous
France,Barentin,1,25,3,41,Good
Italy,Barga,1,40,1,37,Good
Philippines,Barra,1,27,1,52,Moderate
Colombia,Barranquilla,1,13,4,130,Unhealthy for Sensitive Groups
India,Baruipur,3,101,2,172,Unhealthy
Mongolia,Baruun Urt,1,32,0,25,Good
Democratic Republic of the Congo,Basoko,2,9,0,84,Moderate
United Kingdom of Great Britain and Northern Ireland,Bath,0,32,1,47,Good
Canada,Bathurst,1,29,0,35,Good
Portugal,Belas,0,30,2,45,Good
Spain,Benicarlo,0,39,0,16,Good
United States of America,Cloverleaf,1,13,11,53,Moderate
United States of America,Clute,1,24,4,40,Good
Brazil,Cocal,1,6,2,35,Good
Italy,Codroipo,1,27,2,20,Good
Netherlands,Coevorden,1,31,3,28,Good
Belgium,Colfontaine,1,27,2,35,Good
France,Combs La Ville,1,23,4,48,Good
Argentina,Concepcion Del Uruguay,0,16,0,17,Good
United States of America,Concord,1,43,1,24,Good
Argentina,Concordia,0,17,0,19,Good
Canada,Cornwall,1,36,0,25,Good
United States of America,Costa Mesa,2,21,18,56,Moderate
Germany,Cremlingen,1,38,1,22,Good
Brazil,Cuite,0,15,1,30,Good
Costa Rica,Curridabat,1,9,8,59,Moderate
India,Dabra,1,45,0,172,Unhealthy
United States of America,Beavercreek,1,33,7,45,Good
Egypt,Beba,2,77,3,101,Unhealthy for Sensitive Groups
Netherlands,Beesel,1,33,2,34,Good
Uruguay,Bella Union,0,16,0,23,Good
United States of America,Belvedere Park,3,1,29,100,Unhealthy for Sensitive Groups
Israel,Bene Beraq,2,49,6,92,Moderate
United Kingdom of Great Britain and Northern Ireland,Benfleet,0,28,3,24,Good
Switzerland,Bern,0,30,0,28,Good
Germany,Besigheim,0,31,1,26,Good
France,Bezons,1,20,5,50,Good
India,Bikramganj,1,67,1,271,Hazardous
Italy,Giugliano In Campania,1,70,0,54,Moderate
Italy,Giulianova,1,50,0,68,Moderate
United States of America,Glen Rock,1,45,2,52,Moderate
United States of America,Glendale,1,26,1,52,Moderate
India,Goalpara,4,17,8,119,Unhealthy for Sensitive Groups
Turkey,Golcuk,1,61,0,62,Moderate
Australia,Gold Coast,0,28,3,21,Good
Poland,Goldap,1,34,0,21,Good
United States of America,Golden,1,32,3,32,Good
India,Gomoh,4,41,7,158,Unhealthy
Japan,Gotemba,2,28,6,75,Moderate
Chad,Goundi,1,17,0,73,Moderate
Bosnia and Herzegovina,Gradacac,1,62,0,63,Moderate
Germany,Grafing,1,67,0,67,Moderate
United States of America,Grand Forks,1,31,0,45,Good
United States of America,Greenville,1,49,1,58,Moderate
Bolivia (Plurinational State of),Guajara Mirim,1,6,0,28,Good
China,Guangzhou,7,0,30,184,Unhealthy
Turkey,Gumushane,0,43,0,21,Good
China,Haikou,6,9,18,158,Unhealthy
India,Haldibari,4,28,8,143,Unhealthy for Sensitive Groups
United Kingdom of Great Britain and Northern Ireland,Halesowen,1,31,1,34,Good
India,Halvad,1,27,0,151,Unhealthy
Sri Lanka,Hambantota,1,17,2,53,Moderate
Germany,Hanau,1,59,0,59,Moderate
India,Haora,9,10,20,197,Unhealthy
China,Harbin,5,41,17,164,Unhealthy
India,Harda,2,32,3,188,Unhealthy
Netherlands,Hardenberg,0,37,0,27,Good
Kuwait,Hawalli,3,124,18,161,Unhealthy
France,Hazebrouck,1,36,0,35,Good
Germany,Hettstedt,1,45,0,50,Good
Hungary,Heves,1,50,0,56,Moderate
Japan,Hidaka,2,11,22,88,Moderate
United States of America,Hillsborough,1,34,2,50,Good
Uganda,Hima,1,19,0,78,Moderate
Ethiopia,Himora,1,28,0,82,Moderate
India,Hindaun,4,78,5,169,Unhealthy
Japan,Hitoyoshi,1,22,8,52,Moderate
Ukraine,Hlobyne,1,44,0,50,Good
Japan,Hojo,1,38,4,55,Moderate
United States of America,Holliston,1,42,1,47,Good
Brazil,Horizontina,0,20,0,15,Good
India,Hospet,1,19,2,39,Good
China,Huilong,11,6,47,190,Unhealthy
China,Humen,4,4,26,150,Unhealthy
India,Hunsur,1,16,3,63,Moderate
United States of America,Hyattsville,1,43,3,45,Good
Romania,Ianca,1,48,0,48,Good
Philippines,Iba,1,24,2,111,Unhealthy for Sensitive Groups
Spain,Ibi,1,37,0,20,Good
Brazil,Ibiuna,2,23,4,93,Moderate
Turkey,Idil,1,50,0,53,Moderate
Japan,Iiyama,3,15,13,95,Moderate
Japan,Ijuin,1,57,0,40,Moderate
Denmark,Ikast,1,42,0,13,Good
Chile,Illapel,1,17,1,23,Good
Brazil,Imperatriz,0,13,0,30,Good
United States of America,Indian Trail,1,48,1,17,Good
Russian Federation,Ishimbay,1,37,0,21,Good
Mexico,Isla Mujeres,0,29,0,12,Good
Pakistan,Islamabad,5,42,11,178,Unhealthy
Pakistan,Islamkot,1,27,0,211,Very Unhealthy
Brazil,Itapevi,3,24,7,131,Unhealthy for Sensitive Groups
Mexico,Ixmiquilpan,1,31,0,50,Good
Japan,Iyo,1,37,4,47,Good
India,Jagdispur,4,71,5,167,Unhealthy
Brazil,Jaguariuna,1,26,1,63,Moderate
Bangladesh,Jaipur Hat,3,31,7,99,Moderate
India,Jalali,5,43,22,171,Unhealthy
India,Jalesar,5,27,30,178,Unhealthy
Pakistan,Jampur,2,48,4,188,Unhealthy
Brazil,Jaru,1,6,0,40,Good
Mexico,Jerez,3,27,3,130,Unhealthy for Sensitive Groups
India,Jharsuguda,2,67,2,154,Unhealthy
China,Jiangdu,13,1,59,214,Very Unhealthy
China,Jiaojiang,5,40,18,159,Unhealthy
Ecuador,Jipijapa,1,23,0,53,Moderate
Brazil,Jose Bonifacio,1,28,0,57,Moderate
India,Junnar,4,26,7,161,Unhealthy
Japan,Kaita,1,47,3,55,Moderate
Malaysia,Kangar,2,13,8,105,Unhealthy for Sensitive Groups
India,Kannauj,4,45,8,164,Unhealthy
Armenia,Kapan,1,37,0,92,Moderate
India,Kaptanganj,5,30,10,161,Unhealthy
Russian Federation,Karabulak,1,41,1,35,Good
Pakistan,Karachi,2,18,4,151,Unhealthy
Philippines,Kawit,1,28,4,74,Moderate
Nigeria,Keffi,2,35,0,71,Moderate
United States of America,Kenner,1,28,1,39,Good
Turkey,Kesan,1,48,1,65,Moderate
Russian Federation,Khabarovsk,2,30,7,66,Moderate
Pakistan,Khanpur,2,22,9,180,Unhealthy
Guatemala,San Andres Itzapa,1,27,1,63,Moderate
Costa Rica,San Antonio,1,26,0,46,Good
Mexico,San Francisco Del Rincon,1,32,0,45,Good
Italy,San Giuliano Milanese,1,65,0,86,Moderate
Italy,San Giuseppe Vesuviano,1,73,0,56,Moderate
Philippines,San Jacinto,1,27,6,89,Moderate
Dominican Republic,San Juan De La Maguana,1,36,0,102,Unhealthy for Sensitive Groups
Philippines,San Miguel,3,19,9,153,Unhealthy
Mexico,San Nicolas De Los Garza,1,33,4,67,Moderate
Guatemala,San Pedro Sacatepequez,1,25,1,57,Moderate
India,Sanawad,2,31,3,190,Unhealthy
Cuba,Sancti Spiritus,1,25,1,53,Moderate
Bulgaria,Sandanski,1,45,0,55,Moderate
United States of America,Sandy Springs,1,69,3,29,Moderate
Guatemala,Santa Catarina Pinula,1,24,0,57,Moderate
Italy,Santa Flavia,1,47,0,61,Moderate
United States of America,Santa Monica,3,14,25,116,Unhealthy for Sensitive Groups
El Salvador,Santa Rosa De Lima,1,37,3,71,Moderate
Colombia,Santa Rosa,1,31,0,64,Moderate
Venezuela (Bolivarian Republic of),Santa Teresa,1,28,1,53,Moderate
Brazil,Santos Dumont,0,22,0,39,Good
Portugal,Sao Felix Da Marinha,0,41,0,20,Good
Brazil,Sao Joaquim Da Barra,1,26,0,38,Good
Brazil,Sao Joaquim,0,14,0,10,Good
Brazil,Sao Miguel Do Araguaia,0,17,0,10,Good
Brazil,Sao Sepe,0,18,0,24,Good
Brazil,Sapiranga,1,17,1,47,Good
United States of America,Coconut Creek,2,18,12,81,Moderate
El Salvador,Cojutepeque,4,1,16,123,Unhealthy for Sensitive Groups
Italy,Colleferro,1,37,3,72,Moderate
Brazil,Conceicao Das Alagoas,1,4,1,35,Good
United States of America,Conroe,2,12,10,81,Moderate
Italy,Cordenons,1,39,2,67,Moderate
Brazil,Coremas,0,10,1,27,Good
Nicaragua,Corinto,1,14,3,69,Moderate
Canada,Courtenay,1,36,0,47,Good
Belgium,Couvin,1,37,3,62,Moderate
Canada,Cowansville,1,28,3,63,Moderate
United States of America,Creve Coeur,2,24,13,60,Moderate
Italy,Crotone,1,44,0,44,Good
India,Dahegam,1,38,1,154,Unhealthy
Brazil,Chapeco,1,5,4,46,Good
United States of America,Chapel Hill,2,34,7,60,Moderate
France,Chartres,1,29,2,38,Good
India,Chas,3,92,2,154,Unhealthy
India,Chechat,1,38,0,182,Unhealthy
India,Chengalpattu,1,40,1,70,Moderate
India,Chengam,1,29,0,34,Good
China,Chengmai,2,66,1,63,Moderate
Peru,Chepen,2,9,3,81,Moderate
France,Cherbourg,1,13,10,49,Good
India,Chhapra,3,99,2,149,Unhealthy for Sensitive Groups
Mexico,Chiautempan,3,6,12,191,Unhealthy
Guatemala,Chichicastenango,2,7,5,61,Moderate
India,Chicholi,2,87,0,160,Unhealthy
Mexico,Chimalhuacan,4,2,21,228,Very Unhealthy
India,Chinchani,1,24,0,112,Unhealthy for Sensitive Groups
Russian Federation,Chita,1,39,0,17,Good
United Republic of Tanzania,Chiungutwa,1,20,0,47,Good
Argentina,Chivilcoy,0,16,1,14,Good
Republic of Moldova,Cimislia,1,43,0,16,Good
Italy,Cingoli,1,45,2,45,Good
United States of America,Clearfield,1,6,13,56,Moderate
Netherlands,Ommen,0,32,1,28,Good
Russian Federation,Ordynskoye,1,36,0,29,Good
Philippines,Oroquieta,1,18,0,93,Moderate
United States of America,Oskaloosa,2,20,8,65,Moderate
Chile,Osorno,2,3,10,67,Moderate
Germany,Osterholz Scharmbeck,0,29,1,32,Good
Brazil,Ouro Fino,0,22,0,11,Good
United States of America,Owings Mills,1,32,5,53,Moderate
Brazil,Pacatuba,0,20,1,31,Good
Indonesia,Pacet,2,84,1,98,Moderate
Mexico,Pachuca,2,14,6,142,Unhealthy for Sensitive Groups
France,Paea,0,32,0,13,Good
Peru,Paijan,0,19,1,31,Good
Chile,Paine,12,0,19,194,Unhealthy
Spain,Palamos,1,35,1,35,Good
United States of America,Palatine,3,7,25,80,Moderate
India,Pallavaram,1,28,2,82,Moderate
United States of America,Panama City,1,21,4,54,Moderate
United States of America,Weston,1,36,3,50,Good
United States of America,Winter Park,1,21,12,52,Moderate
Switzerland,Winterthur,1,25,2,43,Good
South Africa,Wolmaranstad,1,12,9,103,Unhealthy for Sensitive Groups
Poland,Wolsztyn,1,27,1,31,Good
Indonesia,Wonosobo,2,48,0,81,Moderate
United States of America,Wyckoff,1,26,10,59,Moderate
Mexico,Xalatlaco,3,6,17,152,Unhealthy
China,Xinyu,4,89,3,107,Unhealthy for Sensitive Groups
Mexico,Xoxocotla,2,8,9,72,Moderate
Russian Federation,Yablonovskiy,1,42,4,46,Good
Russian Federation,Yalutorovsk,1,32,0,21,Good
Russian Federation,Yaransk,1,32,1,33,Good
Japan,Yashiro,1,41,1,39,Good
Japan,Yatsuo,1,43,0,26,Good
Japan,Yawata,1,46,0,23,Good
Russian Federation,Yelizovo,1,32,1,11,Good
Turkey,Yenisehir,1,37,0,19,Good
China,Yushan,5,163,14,157,Unhealthy
Russian Federation,Yuzha,1,29,2,48,Good
Poland,Zabkowice Slaskie,1,20,3,45,Good
El Salvador,Zacatecoluca,2,10,13,78,Moderate
Poland,Zakopane,0,36,0,52,Moderate
Hungary,Zalaegerszeg,1,39,1,79,Moderate
Libya,Zaltan,1,51,0,56,Moderate
China,Zaozhuang,3,160,3,87,Unhealthy
Spain,Zarautz,0,39,0,42,Good
Russian Federation,Zarinsk,1,44,0,33,Good
Malta,Zebbug,1,51,1,53,Moderate
Belgium,Zedelgem,0,31,1,33,Good
China,Zhaocheng,4,172,2,154,Unhealthy
Côte d'Ivoire,Zuenoula,1,14,0,48,Good
Georgia,Zugdidi,1,34,0,50,Good
Belgium,Zulte,0,29,2,36,Good
Indonesia,Weleri,2,58,0,81,Moderate
China,Wenzhou,2,145,1,117,Unhealthy for Sensitive Groups
Germany,Werder,0,29,1,31,Good
Germany,Wesseling,0,25,2,30,Good
United Kingdom of Great Britain and Northern Ireland,Widnes,1,21,6,32,Good
United States of America,Wilkinsburg,1,39,3,51,Moderate
United States of America,Willmar,1,33,3,46,Good
United States of America,Winston Salem,3,5,19,83,Moderate
France,Wittenheim,1,26,2,42,Good
Germany,Wunstorf,0,29,1,29,Good
China,Xingtai,5,188,5,162,Unhealthy
Italy,Vieste,1,59,0,66,Moderate
France,Villeneuve Saint Georges,1,28,2,31,Good
Panama,Vista Alegre,2,19,7,67,Moderate
Netherlands,Vlissingen,0,32,1,33,Good
Romania,Voluntari,2,41,5,63,Moderate
Serbia,Vranje,1,40,0,55,Moderate
Russian Federation,Vytegra,1,29,0,2,Good
Germany,Wachtersbach,0,29,1,28,Good
Japan,Wakuya,1,43,0,25,Good
Germany,Waldbrol,0,27,2,30,Good
Germany,Waldkraiburg,1,30,3,49,Good
United States of America,Walker Mill,1,32,5,52,Moderate
Germany,Walldurn,0,30,1,25,Good
Thailand,Wapi Pathum,0,29,0,58,Moderate
Japan,Warabi,1,65,3,36,Moderate
India,Waraseoni,1,39,0,153,Unhealthy
Germany,Waren,1,28,2,36,Good
Papua New Guinea,Wau,0,17,0,7,Good
Poland,Wegorzewo,1,40,0,12,Good
Italy,San Giovanni In Fiore,1,48,1,65,Moderate
Spain,San Lorenzo De El Escorial,1,23,3,16,Good
Italy,San Pancrazio Salentino,1,56,2,50,Moderate
Honduras,San Pedro Sula,1,9,2,79,Moderate
Italy,San Salvo,2,41,5,46,Good
India,Sanand,1,35,0,162,Unhealthy
Romania,Sangeorz Bai,1,37,0,42,Good
India,Sangrur,3,134,0,142,Unhealthy for Sensitive Groups
Honduras,Santa Cruz De Yojoa,1,5,3,80,Moderate
Brazil,Santa Isabel,6,2,16,161,Unhealthy
Brazil,Santana Do Livramento,1,18,0,6,Good
Spain,Santander,0,44,0,25,Good
Brazil,Santo Amaro Da Imperatriz,3,15,6,94,Moderate
Brazil,Santo Augusto,1,15,0,26,Good
Brazil,Sao Caetano Do Sul,8,0,26,182,Unhealthy
Brazil,Sao Gabriel,1,15,1,18,Good
Brazil,Sao Jose Da Tapera,0,11,1,22,Good
Brazil,Sao Jose De Ribamar,1,20,0,53,Moderate
Brazil,Sao Lourenco,2,4,5,62,Moderate
Italy,Marigliano,1,49,3,49,Good
Brazil,Maringa,1,8,1,22,Good
Iran (Islamic Republic of),Marivan,1,48,0,84,Moderate
Madagascar,Maroantsetra,0,22,0,7,Good
Indonesia,Martapura,1,20,0,28,Good
Lesotho,Maseru,6,5,3,134,Unhealthy for Sensitive Groups
Belarus,Masty,1,35,0,18,Good
Canada,Matane,0,24,1,54,Moderate
Brazil,Matelandia,0,18,0,14,Good
Bangladesh,Mathbaria,1,34,2,170,Unhealthy
Belarus,Mazyr,1,27,1,40,Good
Malaysia,Melaka,1,31,0,61,Moderate
Uruguay,Melo,0,25,0,4,Good
Greece,Menemeni,1,39,1,18,Good
United States of America,Menomonee Falls,2,15,16,66,Moderate
France,Merignac,1,28,2,52,Moderate
South Africa,Messina,1,17,1,55,Moderate
Japan,Minamiashigara,1,62,1,40,Moderate
Mexico,Minatitlan,1,25,2,66,Moderate
Italy,Minturno,1,47,0,31,Good
Peru,Moche,1,15,1,31,Good
India,Mokokchung,2,16,3,60,Moderate
Chad,Mongo,2,10,1,53,Moderate
Hungary,Monor,1,31,3,64,Moderate
United States of America,Monroe,2,22,14,65,Moderate
Germany,Moosburg,1,29,3,50,Good
Japan,Moriyama,1,45,0,24,Good
Germany,Mosbach,0,29,2,25,Good
Bosnia and Herzegovina,Mostar,1,39,0,58,Moderate
Italy,Motta Di Livenza,1,47,1,41,Good
United States of America,Mount Vernon,1,42,2,67,Moderate
Turkey,Mudanya,1,36,1,29,Good
India,Mudbidri,0,22,0,65,Moderate
Japan,Muroto,1,65,0,20,Moderate
Pakistan,Muzaffargarh,2,141,2,191,Unhealthy
Brazil,Muzambinho,2,3,4,57,Moderate
Myanmar,Myingyan,0,27,0,20,Good
India,Nagda,1,37,0,160,Unhealthy
Bangladesh,Nageshwari,3,76,1,86,Moderate
India,Nagothana,0,23,0,101,Unhealthy for Sensitive Groups
Japan,Namerikawa,1,43,0,24,Good
United Republic of Tanzania,Nangomba,0,18,0,36,Good
France,Nantes,1,25,2,38,Good
Pakistan,Tangi,1,83,1,80,Moderate
Nepal,Tansen,3,72,0,120,Unhealthy for Sensitive Groups
Japan,Tanushimaru,1,49,0,31,Good
United States of America,Tarboro,2,17,11,52,Moderate
Italy,Taurianova,1,56,0,57,Moderate
Ghana,Tema,3,10,3,120,Unhealthy for Sensitive Groups
Mexico,Tepatlaxco,3,4,11,166,Unhealthy
France,Tergnier,1,25,2,32,Good
Belgium,Tessenderlo,1,24,4,36,Good
India,Tezu,1,26,0,27,Good
Mexico,Tierra Blanca,2,28,3,73,Moderate
Colombia,Tierralta,1,8,1,30,Good
Albania,Tirana,1,45,1,73,Moderate
Russian Federation,Tobolsk,1,31,0,46,Good
Italy,Tolentino,1,47,1,24,Good
Hungary,Tolna,1,34,2,75,Moderate
Spain,Tolosa,0,38,0,35,Good
Russian Federation,Tolyatti,1,34,1,10,Good
Russian Federation,Tomsk,1,31,0,25,Good
Bangladesh,Naral,3,45,4,192,Unhealthy
United States of America,Nashville,1,31,4,80,Moderate
United Republic of Tanzania,Ndago,0,16,0,15,Good
Italy,Nerviano,1,38,3,66,Moderate
Germany,Neuhausen,1,26,2,34,Good
United States of America,New Providence,1,26,10,57,Moderate
Ireland,Newbridge,1,24,1,19,Good
India,Nidadavole,1,33,2,135,Unhealthy for Sensitive Groups
Greece,Nikaia,2,38,10,69,Moderate
India,Nim Ka Thana,1,40,0,305,Hazardous
China,Ningyang,3,138,5,82,Unhealthy for Sensitive Groups
Japan,Nirasaki,1,43,0,16,Good
India,Nirsa,1,85,1,188,Unhealthy
Japan,Noda,1,64,3,29,Moderate
Thailand,Nong Kung Si,0,27,0,57,Moderate
United States of America,Norland,1,10,16,61,Moderate
United States of America,North Versailles,1,37,4,45,Good
Russian Federation,Novopavlovsk,1,39,1,38,Good
Malawi,Ntcheu,0,23,0,21,Good
India,Nuzvid,1,35,1,113,Unhealthy for Sensitive Groups
Japan,Nyuzen,1,42,0,25,Good
Russian Federation,Obninsk,1,37,0,17,Good
Ukraine,Obukhiv,1,38,2,73,Moderate
Georgia,Ochamchira,1,30,0,33,Good
Japan,Okuchi,1,97,0,41,Moderate
Germany,Olbernhau,1,24,3,39,Good
Ukraine,Oleksandrivka,1,34,1,56,Moderate
Finland,Tornio,1,31,0,17,Good
Italy,Torre Annunziata,1,58,1,41,Moderate
China,Touliu,3,203,6,151,Very Unhealthy
Austria,Traiskirchen,1,31,3,58,Moderate
Italy,Trebaseleghe,2,23,9,78,Moderate
Italy,Trecate,1,35,4,71,Moderate
Philippines,Trento,1,20,0,58,Moderate
Germany,Treuchtlingen,1,25,2,45,Good
France,Triel Sur Seine,0,28,2,31,Good
India,Trimbak,0,25,0,131,Unhealthy for Sensitive Groups
Norway,Trondheim,1,29,0,19,Good
Namibia,Tsumeb,1,19,0,43,Good
United States of America,Tuckahoe,1,23,7,58,Moderate
India,Tulsipur,3,154,1,172,Unhealthy
Turkey,Turhal,1,26,2,17,Good
Kazakhstan,Turkistan,1,37,0,68,Moderate
Uzbekistan,Turtkul,1,35,0,242,Hazardous
Thailand,U Thong,0,21,0,32,Good
Colombia,Ubate,1,5,3,53,Moderate
India,Udala,1,49,0,169,Unhealthy
South Africa,Umtata,3,12,5,99,Moderate
Germany,Unna,0,24,3,36,Good
Nigeria,Uromi,4,13,3,150,Unhealthy
Brazil,Urucui,1,11,0,38,Good
Afghanistan,Uruzgan,0,38,0,57,Moderate
Germany,Uslar,0,29,1,32,Good
India,Utraula,3,165,1,188,Unhealthy
Finland,Vaasa,1,28,2,55,Moderate
United States of America,Vacaville,2,21,15,59,Moderate
France,Valentigney,1,25,1,40,Good
Italy,Valenza,1,38,3,61,Moderate
Russian Federation,Vanino,1,18,0,22,Good
Bulgaria,Vidin,1,35,3,77,Moderate
Indonesia,Surabaya,1,45,1,152,Unhealthy
Mauritius,Surinam,0,29,0,24,Good
Libya,Surt,1,39,0,68,Moderate
Denmark,Svendborg,0,32,0,38,Good
Philippines,Tagbilaran,1,17,0,98,Moderate
China,Taichung,4,202,10,157,Very Unhealthy
China,Taitung,2,109,0,109,Unhealthy for Sensitive Groups
Iran (Islamic Republic of),Takab,1,34,0,67,Moderate
Finland,Tampere,1,30,2,12,Good
Pakistan,Tandlianwala,4,91,8,308,Hazardous
Ukraine,Khorol,1,41,0,23,Good
Kazakhstan,Khromtau,1,39,0,27,Good
India,Kiranur,1,34,0,70,Moderate
Uganda,Kireka,4,21,2,94,Moderate
Japan,Kiryu,1,19,4,34,Good
United States of America,Kissimmee,2,7,17,64,Moderate
Czechia,Kladno,1,40,3,76,Moderate
Thailand,Klaeng,0,25,1,56,Moderate
Poland,Klodzko,1,38,1,79,Moderate
Japan,Kodaira,1,34,3,21,Good
Japan,Kokubunji,1,34,3,21,Good
Slovakia,Komarno,1,33,2,69,Moderate
Germany,Konigslutter,1,36,1,41,Good
Ghana,Konongo,2,16,1,58,Moderate
Ukraine,Konotop,1,36,0,10,Good
India,Koregaon,0,24,0,86,Moderate
Burkina Faso,Koudougou,1,17,0,56,Moderate
Russian Federation,Kozelsk,1,28,1,47,Good
Russian Federation,Kremenki,1,32,1,57,Moderate
Switzerland,Kreuzlingen,2,22,7,48,Good
Cameroon,Kribi,2,35,0,70,Moderate
China,Kunyang,4,171,2,128,Unhealthy
India,Kurara,2,96,0,196,Unhealthy
Japan,Kurayoshi,1,35,1,47,Good
Russian Federation,Kusa,1,31,0,20,Good
Russian Federation,Kyakhta,1,34,0,37,Good
Mexico,La Antigua,2,19,6,108,Unhealthy for Sensitive Groups
France,La Chapelle Sur Erdre,1,22,4,24,Good
Panama,La Concepcion,2,16,4,55,Moderate
Colombia,La Victoria,3,1,6,80,Moderate
India,Machhlishahr,4,155,1,171,Unhealthy
India,Madgaon,0,23,0,82,Moderate
India,Madhugiri,0,21,0,62,Moderate
Portugal,Mafra,1,37,4,16,Good
India,Mahwa,1,61,0,219,Very Unhealthy
Poland,Malbork,1,34,2,92,Moderate
India,Malia,0,29,0,157,Unhealthy
Turkey,Malkara,1,46,0,39,Good
India,Mallapuram,1,24,2,63,Moderate
Philippines,Malvar,0,23,1,53,Moderate
India,Mandleshwar,1,34,0,163,Unhealthy
India,Mangalagiri,1,26,1,93,Moderate
Philippines,Mangaldan,0,24,1,51,Moderate
India,Mangrol,1,39,0,238,Very Unhealthy
Cuba,Manicaragua,1,18,2,54,Moderate
Brazil,Manicore,1,2,0,31,Good
Spain,Manises,1,32,1,22,Good
Niger,Maradi,2,25,1,41,Good
Philippines,Marawi,1,19,0,45,Good
Italy,Marcianise,1,62,2,55,Moderate
Brazil,Maruim,0,18,1,21,Good
Iran (Islamic Republic of),Mashhad,1,40,0,148,Unhealthy for Sensitive Groups
United States of America,Massena,1,19,4,43,Good
Brazil,Mata De Sao Joao,1,12,3,42,Good
Uzbekistan,Maymanak,1,47,0,93,Moderate
Romania,Medgidia,1,42,0,20,Good
Russian Federation,Medvezhyegorsk,1,29,0,55,Moderate
India,Mehndawal,3,147,1,130,Unhealthy for Sensitive Groups
France,Menton,2,28,4,108,Unhealthy for Sensitive Groups
Ukraine,Merefa,1,41,0,38,Good
United States of America,Merrick,4,13,34,112,Unhealthy for Sensitive Groups
Turkey,Merzifon,1,33,0,49,Good
Italy,Mesagne,1,67,1,50,Moderate
Mexico,Metepec,3,11,12,130,Unhealthy for Sensitive Groups
United States of America,Methuen,2,17,15,70,Moderate
France,Meyzieu,2,24,4,118,Unhealthy for Sensitive Groups
China,Laiyang,2,118,2,127,Unhealthy for Sensitive Groups
Bangladesh,Lalmohan,2,48,0,109,Unhealthy for Sensitive Groups
Germany,Lauenburg,0,33,1,13,Good
Netherlands,Leerdam,1,30,2,20,Good
United Kingdom of Great Britain and Northern Ireland,Leigh,1,19,10,59,Moderate
Ethiopia,Leku,1,18,0,71,Moderate
Mexico,Lerdo,1,26,1,95,Moderate
Russian Federation,Lermontov,1,35,1,21,Good
Colombia,Libano,2,5,4,64,Moderate
Czechia,Liberec,1,39,1,74,Moderate
Germany,Lichtenstein,1,39,1,67,Moderate
France,Limoges,1,29,2,74,Moderate
Sweden,Linkoping,1,41,0,26,Good
Germany,Lippstadt,1,34,2,42,Good
Czechia,Litomerice,1,42,2,72,Moderate
Switzerland,Locarno,1,19,2,42,Good
Thailand,Lom Sak,0,25,0,34,Good
Mexico,Lopez Mateos,6,5,21,175,Unhealthy
Venezuela (Bolivarian Republic of),Los Teques,1,17,6,50,Good
India,Losal,1,46,0,244,Very Unhealthy
United Republic of Tanzania,Luchingu,1,19,1,60,Moderate
United States of America,Lufkin,1,19,2,134,Unhealthy for Sensitive Groups
United Republic of Tanzania,Lugoba,0,15,0,24,Good
China,Luohe,2,161,2,83,Unhealthy
China,Luorong,3,141,1,96,Unhealthy for Sensitive Groups
China,Luyang,2,150,2,74,Unhealthy
Switzerland,Luzern,1,22,3,41,Good
United States of America,Lynnfield,2,18,15,64,Moderate
United States of America,Mableton,2,35,8,63,Moderate
India,Ilkal,0,24,0,59,Moderate
Japan,Inzai,1,40,2,35,Good
Brazil,Ipatinga,1,13,2,48,Good
Japan,Iruma,1,33,3,20,Good
United States of America,Irvington,3,12,28,107,Unhealthy for Sensitive Groups
Nigeria,Iwo,3,21,2,70,Moderate
Mexico,Ixtapa,2,10,2,54,Moderate
Turkey,Izmir,1,44,1,63,Moderate
Sri Lanka,Jaffna,0,25,0,50,Good
Guatemala,Jalpatagua,3,0,10,122,Unhealthy for Sensitive Groups
India,Jaynagar Majilpur,3,72,3,160,Unhealthy
United States of America,Jefferson City,1,38,2,53,Moderate
United States of America,Jeffersontown,1,46,6,62,Moderate
Nigeria,Jega,2,24,1,46,Good
Cuba,Jiguani,1,12,6,72,Moderate
United States of America,Johnston,1,37,2,41,Good
India,Jorhat,2,31,1,51,Moderate
Thailand,Kaeng Khoi,1,30,1,57,Moderate
Pakistan,Kahna Nau,3,131,1,160,Unhealthy
India,Kalmeshwar,1,34,0,181,Unhealthy
India,Kamarhati,5,103,6,172,Unhealthy
Russian Federation,Kamensk Uralskiy,1,32,0,28,Good
United States of America,Bellaire,1,18,5,91,Moderate
France,Bernay,1,29,3,53,Moderate
Benin,Beterou,1,18,0,54,Moderate
India,Bhadreswar,5,106,6,172,Unhealthy
India,Bijbiara,1,46,0,99,Moderate
Bosnia and Herzegovina,Bileca,1,34,0,67,Moderate
United Kingdom of Great Britain and Northern Ireland,Billingham,1,12,12,56,Moderate
Germany,Bischofswerda,1,35,2,82,Moderate
Italy,Bisignano,1,52,1,59,Moderate
Bulgaria,Blagoevgrad,1,36,1,58,Moderate
Central African Republic,Bocaranga,2,18,0,64,Moderate
Benin,Bohicon,3,14,2,77,Moderate
Indonesia,Bojonegoro,2,49,0,104,Unhealthy for Sensitive Groups
Indonesia,Bone,0,17,0,14,Good
Philippines,Bontoc,0,26,0,22,Good
Hungary,Bonyhad,1,36,1,75,Moderate
France,Bordeaux,0,47,0,16,Good
Germany,Borna,1,37,2,65,Moderate
United States of America,Boulder,1,19,8,47,Good
United Kingdom of Great Britain and Northern Ireland,Bracknell,1,24,5,27,Good
United States of America,Bradenton,1,24,13,63,Moderate
India,Brahmapur,2,47,1,116,Unhealthy for Sensitive Groups
Belgium,Braine Le Comte,1,25,5,53,Moderate
United States of America,Brentwood,1,29,8,35,Good
United Kingdom of Great Britain and Northern Ireland,Bridgend,1,12,8,63,Moderate
Poland,Brodnica,1,34,1,94,Moderate
Japan,Hino,1,34,3,18,Good
Japan,Hiratsuka,1,37,2,16,Good
United States of America,Holland,1,32,4,39,Good
Germany,Homberg,1,35,2,58,Moderate
United States of America,Homestead,1,12,11,77,Moderate
India,Homnabad,0,25,0,70,Moderate
United Kingdom of Great Britain and Northern Ireland,Honiton,1,16,7,59,Moderate
Denmark,Horsens,0,33,0,21,Good
China,Hsinpu,1,42,1,54,Moderate
Thailand,Huai Yot,1,32,0,54,Moderate
Bolivia (Plurinational State of),Huanuni,0,14,0,9,Good
Spain,Huercal Overa,1,28,1,23,Good
Germany,Hungen,1,40,2,64,Moderate
China,Huoqiu,4,178,3,132,Unhealthy
Japan,Ichikawa,1,37,3,31,Good
India,Ilampillai,1,29,1,53,Moderate
Poland,Gora Kalwaria,1,33,3,89,Moderate
Japan,Goshogawara,1,41,1,29,Good
Germany,Graben Neudorf,1,35,4,50,Good
United States of America,Grafton,3,10,19,78,Moderate
Canada,Granby,2,8,8,54,Moderate
Spain,Granollers,1,29,7,66,Moderate
Indonesia,Gresik,1,43,1,115,Unhealthy for Sensitive Groups
Australia,Griffith,0,24,0,10,Good
Germany,Grimmen,0,35,0,14,Good
Brazil,Guapore,1,17,0,32,Good
Brazil,Guarapari,1,23,1,52,Moderate
Venezuela (Bolivarian Republic of),Guasdualito,1,8,1,55,Moderate
Portugal,Guimaraes,1,25,4,25,Good
Gambia,Gunjur,1,22,1,153,Unhealthy
United States of America,Gurnee,2,24,14,57,Moderate
China,Gushi,4,187,2,137,Unhealthy
Viet Nam,Ha Giang,2,30,0,58,Moderate
Japan,Hachinohe,1,40,0,39,Good
United States of America,Hacienda Heights,4,4,36,117,Unhealthy for Sensitive Groups
Slovakia,Handlova,1,43,0,75,Moderate
Belgium,Hasselt,1,30,3,48,Good
Germany,Hauzenberg,1,47,1,52,Moderate
Germany,Heilbad Heiligenstadt,1,34,2,58,Moderate
Germany,Helmstedt,1,36,1,41,Good
Afghanistan,Herat,1,41,0,83,Moderate
United States of America,Hermosa Beach,3,4,40,106,Unhealthy for Sensitive Groups
El Salvador,Ilopango,4,8,14,151,Unhealthy
Japan,Imaichi,1,33,1,12,Good
United States of America,Imperial Beach,2,23,19,59,Moderate
Japan,Inazawa,1,59,2,50,Moderate
Germany,Isselburg,1,31,2,26,Good
Brazil,Itaocara,2,4,4,58,Moderate
Brazil,Itaquaquecetuba,7,0,22,172,Unhealthy
Mexico,Jamay,1,16,4,56,Moderate
Brazil,Januaria,0,14,0,15,Good
China,Jilin,3,62,2,54,Moderate
Russian Federation,Shelekhov,1,36,1,54,Moderate
India,Shikohabad,4,167,1,169,Unhealthy
Japan,Shiozawa,1,49,2,65,Moderate
Russian Federation,Shipunovo,1,45,0,19,Good
Kenya,Siaya,3,35,1,92,Moderate
India,Sidhi,3,162,2,159,Unhealthy
Poland,Siedlce,1,35,0,15,Good
Indonesia,Sijunjung,1,20,0,42,Good
Bulgaria,Silistra,1,43,0,47,Good
Turkey,Silivri,1,37,0,54,Moderate
Romania,Sinaia,1,40,0,42,Good
Australia,Singleton,0,3,13,31,Good
Colombia,Sitionuevo,2,11,6,100,Unhealthy for Sensitive Groups
United Kingdom of Great Britain and Northern Ireland,Sleaford,1,36,3,15,Good
Indonesia,Sleman,1,34,1,63,Moderate
Russian Federation,Snezhnogorsk,1,32,0,20,Good
Portugal,Sobreda,1,31,5,28,Good
Pakistan,Sodhra,3,160,1,162,Unhealthy
Malaysia,Kampar,1,43,1,60,Moderate
India,Kanakapura,1,23,0,27,Good
Czechia,Karvina,1,40,3,80,Moderate
Russian Federation,Kashira,1,34,0,34,Good
Russian Federation,Kaspiyskiy,1,38,0,19,Good
United Republic of Tanzania,Katerero,1,18,0,40,Good
India,Katihar,2,44,1,65,Moderate
Namibia,Katima Mulilo,0,19,0,17,Good
Japan,Katsuura,1,45,1,41,Good
United States of America,Kearney,1,30,1,42,Good
Sri Lanka,Kegalla,1,23,1,60,Moderate
United Kingdom of Great Britain and Northern Ireland,Kenilworth,1,33,3,22,Good
Russian Federation,Kez,1,31,0,52,Moderate
Russian Federation,Kanevskaya,1,37,0,4,Good
India,Kanigiri,1,33,0,33,Good
Russian Federation,Karachev,1,34,0,35,Good
India,Karamsad,1,42,0,151,Unhealthy
Zimbabwe,Kariba,2,15,0,62,Moderate
India,Karsiyang,2,42,1,61,Moderate
Russian Federation,Kartaly,1,36,0,19,Good
Sudan,Khartoum,2,46,1,77,Moderate
India,Khonsa,1,25,0,53,Moderate
Pakistan,Khurianwala,3,171,1,163,Unhealthy
Greece,Kiato,1,46,0,81,Moderate
United Republic of Tanzania,Kibakwe,0,19,0,16,Good
United Republic of Tanzania,Kibiti,0,19,0,34,Good
United States of America,Kingman,1,25,4,34,Good
Russian Federation,Kislovodsk,1,39,1,42,Good
Malaysia,Kluang,1,38,0,80,Moderate
Japan,Kobayashi,0,27,1,22,Good
Uzbekistan,Koson,1,49,0,159,Unhealthy
Russian Federation,Kostroma,1,25,2,44,Good
Turkey,Susehri,0,45,0,21,Good
Czechia,Tabor,1,49,0,67,Moderate
Iran (Islamic Republic of),Tabriz,1,46,0,72,Moderate
India,Tadpatri,2,29,4,88,Moderate
Philippines,Tagoloan,1,18,4,54,Moderate
Philippines,Tagum,2,6,4,91,Moderate
Indonesia,Talang,7,18,15,161,Unhealthy
India,Talipparamba,1,20,2,65,Moderate
Russian Federation,Talnakh,1,16,3,29,Good
Latvia,Talsi,1,33,0,23,Good
Sudan,Tambul,1,61,0,107,Unhealthy for Sensitive Groups
Brazil,Tangua,1,31,1,52,Moderate
Italy,Taormina,1,44,0,81,Moderate
Mexico,Tapachula,2,31,2,82,Moderate
Brazil,Tapaua,1,4,0,28,Good
Russian Federation,Tara,1,21,0,38,Good
Russian Federation,Tarko Sale,1,33,0,57,Moderate
Romania,Tarnaveni,1,47,0,53,Moderate
Turkey,Tarsus,1,43,0,29,Good
United States of America,Napa,1,31,4,39,Good
India,Navalgund,1,23,2,39,Good
Republic of North Macedonia,Negotino Polosko,1,37,0,114,Unhealthy for Sensitive Groups
Russian Federation,Nerchinsk,8,44,0,138,Unhealthy for Sensitive Groups
Germany,Nettetal,1,38,1,51,Moderate
Germany,Neutraubling,1,54,0,63,Moderate
United States of America,New City,1,39,2,50,Good
Chad,Ngama,1,41,0,101,Unhealthy for Sensitive Groups
Mali,Nioro,1,37,0,182,Unhealthy
Japan,Nishiwaki,2,22,14,70,Moderate
Russian Federation,Nizhneudinsk,1,20,2,28,Good
United Republic of Tanzania,Nkoaranga,1,16,0,31,Good
South Africa,Nkowakowa,1,26,1,52,Moderate
Russian Federation,Novozybkov,1,42,0,16,Good
Ecuador,Nueva Loja,1,5,0,10,Good
Nigeria,Numan,2,37,0,70,Moderate
India,Nurpur,5,30,11,160,Unhealthy
Japan,Oga,2,31,5,65,Moderate
Netherlands,Oirschot,1,39,1,44,Good
Ghana,Madina,1,22,0,29,Good
Niger,Magaria,1,46,0,89,Moderate
India,Mahasamund,2,44,2,154,Unhealthy
United Kingdom of Great Britain and Northern Ireland,Maidstone,0,33,0,27,Good
Spain,Mairena Del Alcor,1,43,0,14,Good
India,Maksi,2,31,3,205,Very Unhealthy
United Republic of Tanzania,Makungu,0,19,0,21,Good
United States of America,Manassas Park,1,42,2,40,Good
India,Mandi,3,32,6,136,Unhealthy for Sensitive Groups
India,Manglaur,7,13,19,178,Unhealthy
India,Manjhanpur,5,63,8,181,Unhealthy
India,Mannargudi,1,30,2,76,Moderate
Pakistan,Mansehra,5,29,10,176,Unhealthy
Ecuador,Manta,1,23,0,56,Moderate
Philippines,Mapandan,2,27,6,97,Moderate
United States of America,Maple Grove,1,30,2,53,Moderate
Brazil,Maracanau,0,24,0,29,Good
Portugal,Vila Do Conde,0,39,1,19,Good
Spain,Viladecans,1,54,1,52,Moderate
Dominican Republic,Villa Altagracia,1,29,2,114,Unhealthy for Sensitive Groups
Spain,Villafranca De Los Barros,1,37,0,14,Good
Spain,Villarrobledo,1,40,0,12,Good
France,Vitrolles,1,47,3,41,Good
Austria,Volkermarkt,1,44,0,59,Moderate
Germany,Volklingen,1,54,0,66,Moderate
Russian Federation,Volodarsk,1,38,0,20,Good
Estonia,Voru,1,34,0,15,Good
Brazil,Votorantim,1,30,1,72,Moderate
Russian Federation,Vsevolozhsk,1,30,1,12,Good
India,Vyara,1,27,1,109,Unhealthy for Sensitive Groups
Russian Federation,Vysokovsk,1,36,0,17,Good
Libya,Waddan,1,39,0,176,Unhealthy
United States of America,Walnut,3,19,24,111,Unhealthy for Sensitive Groups
China,Wangou,2,54,1,74,Moderate
Netherlands,Wateringen,1,37,1,30,Good
United States of America,Weirton,1,39,2,47,Good
Japan,Susaki,1,40,1,50,Good
Hungary,Szazhalombatta,1,69,0,58,Moderate
Portugal,Lamego,0,25,2,15,Good
China,Langfang,4,125,7,137,Unhealthy for Sensitive Groups
Germany,Langwedel,1,36,4,67,Moderate
Panama,Las Lomas,1,17,3,57,Moderate
Italy,Latisana,1,40,2,72,Moderate
Germany,Lauchhammer,1,30,4,72,Moderate
Canada,Leamington,2,29,13,77,Moderate
Indonesia,Lebaksiu,2,76,1,86,Moderate
Chile,Lebu,0,28,0,19,Good
Poland,Legionowo,1,34,1,27,Good
Brazil,Leticia,1,2,0,14,Good
Ukraine,Letychiv,1,33,0,48,Good
Germany,Leutkirch,1,35,3,51,Moderate
United States of America,Lewisburg,2,25,9,68,Moderate
United Kingdom of Great Britain and Northern Ireland,Leyland,1,35,3,18,Good
Pakistan,Liaqatabad,3,147,0,174,Unhealthy
Brazil,Limeira,2,4,4,62,Moderate
Brazil,Limoeiro,1,9,4,36,Good
United States of America,Lincolnton,3,15,21,81,Moderate
France,Lisieux,2,18,6,61,Moderate
United States of America,Lockport,2,20,15,68,Moderate
Germany,Lohr,1,38,4,67,Moderate
United States of America,Longmont,2,2,12,67,Moderate
United States of America,Longwood,1,11,15,59,Moderate
Germany,Loningen,1,24,6,58,Moderate
Romania,Ludus,1,42,1,49,Good
Russian Federation,Luga,1,35,0,15,Good
Philippines,Ma Ao,1,18,0,36,Good
Chile,Machali,4,6,12,139,Unhealthy for Sensitive Groups
Poland,Kozienice,1,33,1,25,Good
Russian Federation,Krasnoslobodsk,1,39,1,9,Good
Russian Federation,Krasnozerskoye,1,46,0,16,Good
Malaysia,Kuala Lumpur,2,41,2,76,Moderate
Russian Federation,Kukmor,1,37,0,54,Moderate
Tajikistan,Kulob,1,41,0,128,Unhealthy for Sensitive Groups
Turkey,Kumburgaz,1,35,0,58,Moderate
United States of America,Kuna,1,26,5,63,Moderate
India,Kurandvad,1,29,1,74,Moderate
Finland,Kurikka,1,34,0,15,Good
Thailand,Kut Chap,1,28,0,45,Good
Guatemala,La Esperanza,3,6,8,79,Moderate
United States of America,La Marque,2,22,4,75,Moderate
Ecuador,La Troncal,2,6,6,61,Moderate
Madagascar,Mahanoro,2,20,0,53,Moderate
Mauritius,Mahebourg,0,30,0,41,Good
Ukraine,Makariv,1,38,1,31,Good
Indonesia,Manado,0,16,0,30,Good
India,Manapparai,1,32,0,52,Moderate
Brazil,Manhumirim,1,13,1,35,Good
Cameroon,Manjo,3,13,1,62,Moderate
United States of America,Mankato,1,36,3,59,Moderate
Philippines,Mansalay,0,24,0,22,Good
India,Manthani,1,51,1,155,Unhealthy
United Republic of Tanzania,Manyoni,0,19,0,16,Good
Trinidad and Tobago,Marabella,1,21,4,148,Unhealthy for Sensitive Groups
Italy,Maranello,1,42,1,61,Moderate
South Africa,Margate,1,26,1,56,Moderate
Spain,Arrecife,0,45,0,22,Good
Brazil,Arroio Do Meio,2,12,3,75,Moderate
Ukraine,Artemovsk,1,41,1,42,Good
Bolivia (Plurinational State of),Ascension,1,3,0,23,Good
Eritrea,Asmara,1,29,0,88,Moderate
Netherlands,Asten,1,33,2,32,Good
Brazil,Astolfo Dutra,2,3,5,65,Moderate
United States of America,Austin,1,19,2,97,Moderate
Spain,Aviles,1,38,3,30,Good
United States of America,Avondale,1,21,13,45,Good
Libya,Awbari,1,26,0,101,Unhealthy for Sensitive Groups
Russian Federation,Azov,1,40,2,23,Good
Viet Nam,Bac Ninh,3,82,2,87,Moderate
Germany,Backnang,1,39,4,50,Good
Germany,Bad Homburg,1,36,3,69,Moderate
Germany,Bad Nauheim,1,40,2,64,Moderate
Germany,Bad Wurzach,1,27,6,47,Good
India,Baghpat,4,161,3,168,Unhealthy
United States of America,Altadena,4,7,35,125,Unhealthy for Sensitive Groups
Germany,Altusried,1,27,6,42,Good
Germany,Alzey,1,35,3,62,Moderate
France,Amberieu En Bugey,2,24,3,129,Unhealthy for Sensitive Groups
Madagascar,Ambodifototra,0,26,0,15,Good
Brazil,Americo Brasiliense,1,13,1,52,Moderate
Brazil,Ananindeua,1,14,1,59,Moderate
Brazil,Andira,1,14,1,53,Moderate
Russian Federation,Anna,1,28,2,45,Good
Mexico,Apaxco,1,18,4,85,Moderate
Brazil,Araxa,1,10,1,28,Good
Chile,Arica,1,24,2,25,Good
Mexico,Yautepec,2,35,3,151,Unhealthy
China,Yebaishou,4,41,7,115,Unhealthy for Sensitive Groups
United States of America,Ypsilanti,1,35,1,56,Moderate
China,Yulin,5,29,12,122,Unhealthy for Sensitive Groups
China,Yuzhou,6,41,26,164,Unhealthy
Kazakhstan,Zachagansk,1,39,0,23,Good
India,Zamania,4,84,5,173,Unhealthy
Tanzania,Zanzibar,1,20,0,39,Good
Russian Federation,Zelenogradsk,1,36,0,23,Good
Kazakhstan,Zhetysay,1,33,4,102,Unhealthy for Sensitive Groups
Russian Federation,Zhirnovsk,1,44,0,25,Good
Ethiopia,Debre Birhan,1,25,0,147,Unhealthy for Sensitive Groups
United States of America,Dedham,1,28,9,47,Good
Romania,Deleni,1,39,0,53,Moderate
Germany,Delmenhorst,1,31,5,67,Moderate
Pakistan,Dera Ghazi Khan,3,150,1,174,Unhealthy
United States of America,Des Moines,2,18,10,59,Moderate
Thailand,Det Udom,1,29,0,54,Moderate
India,Devli,1,38,0,185,Unhealthy
India,Dhanera,0,29,0,172,Unhealthy
India,Dhone,1,35,0,24,Good
China,Didao,2,42,0,53,Moderate
France,Dinan,1,21,5,51,Moderate
United States of America,Dix Hills,2,12,27,68,Moderate
Egypt,Diyarb Najm,2,54,5,111,Unhealthy for Sensitive Groups
Netherlands,Doetinchem,1,19,8,46,Good
France,Dole,1,30,1,55,Moderate
Comoros,Domoni,0,30,0,21,Good
Brazil,Umuarama,0,18,1,16,Good
Brazil,Urucuca,1,8,2,40,Good
Russian Federation,Ust Ordynskiy,1,38,0,41,Good
Brazil,Utinga,0,15,0,12,Good
Russian Federation,Uzlovaya,0,31,0,48,Good
Romania,Valea Lui Mihai,1,30,1,51,Moderate
Sweden,Vallentuna,0,41,0,25,Good
Brazil,Varzea Alegre,0,10,1,22,Good
Brazil,Varzea Da Palma,1,1,3,30,Good
Hungary,Vecses,1,28,2,49,Good
Brazil,Vicosa Do Ceara,1,8,2,40,Good
Romania,Videle,1,41,1,40,Good
United Kingdom of Great Britain and Northern Ireland,Wellingborough,0,29,1,22,Good
United States of America,Wenatchee,1,29,1,11,Good
Ghana,Wenchi,1,19,0,67,Moderate
China,Wenshang,3,152,3,131,Unhealthy
Cayman Islands,West Bay,1,30,0,133,Unhealthy for Sensitive Groups
United Kingdom of Great Britain and Northern Ireland,West Bridgeford,0,29,1,29,Good
United States of America,West Orange,1,43,6,58,Moderate
United States of America,West Warwick,1,44,5,72,Moderate
United Kingdom of Great Britain and Northern Ireland,Whitley Bay,0,32,0,53,Moderate
Poland,Wolow,1,27,1,39,Good
United States of America,Woodmere,2,40,10,71,Moderate
United Kingdom of Great Britain and Northern Ireland,Wrexham,0,33,0,66,Moderate
China,Xiangfan,3,168,2,104,Unhealthy
China,Xichang,1,37,0,59,Moderate
China,Xuanhua,1,39,0,22,Good
Japan,Yaita,1,42,1,35,Good
Turkey,Yakuplu,1,36,1,35,Good
Viet Nam,Viet Tri,2,56,2,80,Moderate
Spain,Vilanova Del Cami,1,30,1,28,Good
Guatemala,Villa Canales,4,5,10,102,Unhealthy for Sensitive Groups
Italy,Villabate,1,44,0,58,Moderate
Chile,Vina Del Mar,3,10,9,101,Unhealthy for Sensitive Groups
Italy,Vinci,1,39,2,33,Good
France,Vitry Le Francois,1,26,1,28,Good
Serbia,Vlasotince,1,33,0,50,Good
Italy,Volpiano,1,32,4,52,Moderate
Russian Federation,Vorkuta,1,28,1,55,Moderate
Switzerland,Wadenswil,1,24,2,33,Good
Japan,Wakkanai,1,35,0,20,Good
China,Wangkui,3,110,1,96,Unhealthy for Sensitive Groups
India,Wankaner,0,32,0,155,Unhealthy
Germany,Weimar,1,33,1,32,Good
Iran (Islamic Republic of),Torbat E Jam,1,38,0,166,Unhealthy
Mexico,Torreon,1,20,0,82,Moderate
Australia,Townsville,0,21,1,23,Good
Italy,Tradate,1,35,1,15,Good
Thailand,Trat,0,17,0,28,Good
Austria,Traun,1,28,1,30,Good
Italy,Tricase,1,65,0,41,Moderate
United States of America,Tumwater,1,31,3,20,Good
Brazil,Tupa,1,13,1,45,Good
India,Turuvekere,0,25,0,39,Good
India,Udalguri,2,42,1,76,Moderate
China,Yongzhou,4,84,5,105,Unhealthy for Sensitive Groups
Russian Federation,Zainsk,1,28,0,17,Good
Russian Federation,Zapolyarnyy,1,33,0,9,Good
Poland,Zdzieszowice,1,29,1,39,Good
Russian Federation,Zelenchukskaya,1,42,0,7,Good
China,Zhoucun,2,123,4,94,Unhealthy for Sensitive Groups
Germany,Zschopau,0,32,1,26,Good
Netherlands,Zutphen,1,32,2,32,Good
Ukraine,Zvenyhorodka,1,42,0,54,Moderate
Republic of Moldova,Soroca,1,36,0,23,Good
Russian Federation,Sosnogorsk,1,33,0,17,Good
United States of America,South Yarmouth,1,35,2,30,Good
United States of America,Southbury,3,5,34,81,Moderate
Russian Federation,Sovetskiy,1,28,0,3,Good
United States of America,Spanish Lake,1,40,5,55,Moderate
India,Srinagar,1,53,0,115,Unhealthy for Sensitive Groups
Germany,Stade,0,33,1,12,Good
Ukraine,Starokostyantyniv,1,35,1,30,Good
Romania,Stefanesti,1,39,0,16,Good
Ukraine,Sudak,1,42,0,14,Good
Egypt,Suez,1,58,2,79,Moderate
China,Sujiatun,4,86,6,123,Unhealthy for Sensitive Groups
Peru,Sullana,1,17,1,45,Good
United States of America,San Angelo,1,27,0,34,Good
Italy,San Benedetto Del Tronto,1,46,1,55,Moderate
Italy,San Cataldo,1,46,0,57,Moderate
Italy,San Giovanni Rotondo,1,48,1,25,Good
Philippines,San Pedro,1,25,2,56,Moderate
India,Sanchor,0,28,0,194,Unhealthy
China,Sanhsia,1,72,2,87,Moderate
Brazil,Santa Helena,0,14,0,15,Good
Portugal,Santo Tirso,1,27,3,20,Good
Brazil,Sao Francisco Do Sul,1,10,5,61,Moderate
Brazil,Sao Goncalo,9,12,28,232,Very Unhealthy
India,Rudarpur,3,78,2,119,Unhealthy for Sensitive Groups
Pakistan,Sahiwal,3,163,1,156,Unhealthy
United States of America,Saint Louis,2,28,12,57,Moderate
France,Saint Omer,1,39,1,35,Good
France,Sainte Maxime,1,42,2,31,Good
Indonesia,Salatiga,2,49,1,83,Moderate
Belarus,Salihorsk,1,34,0,23,Good
Italy,Salsomaggiore Terme,1,40,1,59,Moderate
India,Samba,3,125,0,155,Unhealthy
Botswana,Ramotswa,2,15,1,69,Moderate
India,Rapar,0,28,0,170,Unhealthy
Iran (Islamic Republic of),Rasht,1,45,0,58,Moderate
Germany,Ratingen,1,30,6,58,Moderate
India,Razam,3,92,1,154,Unhealthy
Switzerland,Regensdorf,1,36,1,54,Moderate
Germany,Regenstauf,1,38,2,56,Moderate
Canada,Regina,1,33,1,42,Good
Germany,Remagen,1,31,4,61,Moderate
Brazil,Resende,1,8,4,62,Moderate
United States of America,Richmond West,1,19,10,63,Moderate
United States of America,Ridgeland,3,6,13,67,Moderate
Germany,Rinteln,1,38,5,68,Moderate
Argentina,Rio Cuarto,0,15,1,21,Good
United States of America,Rocky Mount,1,33,5,39,Good
United States of America,Rocky River,2,11,24,90,Moderate
Netherlands,Roermond,1,25,7,60,Moderate
Romania,Roman,1,39,0,51,Moderate
United States of America,Rossville,1,31,8,39,Good
Germany,Roth,1,37,2,59,Moderate
Russian Federation,Roza,1,34,0,19,Good
United Republic of Tanzania,Rujewa,0,20,0,16,Good
Germany,Sassenberg,2,23,11,68,Moderate
India,Sattenapalle,1,49,0,77,Moderate
Saudi Arabia,Sayhat,1,121,0,168,Unhealthy
Germany,Schmallenberg,1,36,4,75,Moderate
Russian Federation,Segezha,1,30,0,22,Good
Russian Federation,Selyatino,1,27,2,43,Good
India,Semaria,3,148,0,158,Unhealthy
Slovakia,Senec,1,35,2,82,Moderate
Indonesia,Sepatan,5,205,4,163,Very Unhealthy
France,Septemes Les Vallons,1,31,5,31,Good
Russian Federation,Serdobsk,1,35,0,55,Moderate
United States of America,Severna Park,1,33,7,36,Good
Italy,Sarno,1,47,3,54,Moderate
Kazakhstan,Saryagash,1,63,1,90,Moderate
India,Sasvad,0,23,0,76,Moderate
Romania,Satu Mare,1,38,0,71,Moderate
India,Sausar,1,35,0,175,Unhealthy
France,Savigny Le Temple,1,20,5,69,Moderate
Germany,Schwandorf,1,39,3,55,Moderate
Germany,Schwarzenbek,0,33,1,13,Good
Brazil,Senador Pompeu,1,11,1,32,Good
Zambia,Senanga,2,22,2,125,Unhealthy for Sensitive Groups
Brazil,Serrana,1,11,2,59,Moderate
United Kingdom of Great Britain and Northern Ireland,Sevenoaks,0,33,1,16,Good
France,Seynod,2,26,3,128,Unhealthy for Sensitive Groups
India,Shajapur,1,37,0,185,Unhealthy
Ghana,Shama,1,23,0,31,Good
Russian Federation,Abdulino,1,40,0,28,Good
Saudi Arabia,Abha,1,74,1,170,Unhealthy
Ethiopia,Abomsa,1,31,0,137,Unhealthy for Sensitive Groups
United Arab Emirates,Abu Dhabi,2,170,4,150,Unhealthy
Mexico,Acajete,5,2,12,182,Unhealthy
Mexico,Acayucan,3,17,4,103,Unhealthy for Sensitive Groups
Nicaragua,Acoyapa,1,16,0,51,Moderate
United States of America,Addison,1,29,6,56,Moderate
India,Aduturai,1,35,0,56,Moderate
Turkey,Afsin,0,38,1,57,Moderate
United States of America,Agoura Hills,1,23,11,51,Moderate
Colombia,Agua De Dios,3,6,6,87,Moderate
Colombia,Aguachica,4,7,3,99,Moderate
Mexico,Ajalpan,2,15,6,78,Moderate
United States of America,Alamo,2,14,4,106,Unhealthy for Sensitive Groups
United States of America,Albemarle,2,34,6,77,Moderate
Spain,Albolote,1,26,2,32,Good
France,Ales,1,30,2,57,Moderate
Algeria,Algiers,10,33,69,154,Unhealthy
India,Arvi,1,40,0,139,Unhealthy for Sensitive Groups
Nigeria,Asaba,3,18,3,89,Moderate
India,Aska,3,85,1,155,Unhealthy
Italy,Assisi,1,44,1,59,Moderate
India,Babina,2,97,0,169,Unhealthy
Venezuela (Bolivarian Republic of),Bachaquero,1,25,1,50,Good
Germany,Bad Lauterberg,1,38,3,53,Moderate
Germany,Bad Schwartau,1,27,4,44,Good
Italy,Badia Polesine,1,41,2,75,Moderate
Cameroon,Bafoussam,3,16,1,58,Moderate
India,Bagasara,1,29,0,129,Unhealthy for Sensitive Groups
Brazil,Bage,0,13,2,12,Good
India,Bagli,1,42,0,136,Unhealthy for Sensitive Groups
Canada,Amherstburg,1,42,8,83,Moderate
Switzerland,Amriswil,1,27,3,59,Moderate
United States of America,Anacortes,1,25,10,97,Moderate
Sweden,Angelholm,1,39,1,37,Good
China,Ankang,2,46,1,179,Unhealthy
Pakistan,Arifwala,3,164,1,154,Unhealthy
Spain,Alora,1,32,3,33,Good
United States of America,Alpine,5,4,25,163,Unhealthy
United States of America,Apex,2,37,7,60,Moderate
Brazil,Araucaria,1,11,3,58,Moderate
United States of America,Arcata,1,22,3,38,Good
Italy,Arese,1,37,4,67,Moderate
Niger,Arlit,1,20,0,164,Unhealthy
Tajikistan,Asht,1,72,0,125,Unhealthy for Sensitive Groups
Angola,Ondjiva,0,20,0,12,Good
Nigeria,Opobo,4,23,3,128,Unhealthy for Sensitive Groups
Finland,Orimattila,1,35,0,16,Good
Italy,Orzinuovi,1,38,2,66,Moderate
Poland,Ostrow Mazowiecka,1,35,0,16,Good
Japan,Otsuchi,2,42,1,46,Good
Peru,Otuzco,1,5,2,36,Good
United Kingdom of Great Britain and Northern Ireland,Paignton,1,24,6,54,Moderate
Italy,Palagiano,1,44,1,22,Good
United States of America,Palo Alto,1,26,11,54,Moderate
South Africa,Pampierstad,3,8,3,63,Moderate
Indonesia,Pamulang,5,201,4,161,Very Unhealthy
Indonesia,Pandaan,3,112,2,154,Unhealthy
India,Pandavapura,1,23,0,21,Good
India,Pandharpur,1,31,1,99,Moderate
Mexico,Panotla,3,7,13,199,Unhealthy
India,Paravur,1,28,0,64,Moderate
Canada,Parksville,1,35,1,61,Moderate
United States of America,Parlier,1,33,5,57,Moderate
Brazil,Parnamirim,0,20,1,24,Good
Estonia,Parnu,1,26,1,24,Good
United States of America,Parole,1,34,7,34,Good
Indonesia,Parung,4,171,2,150,Unhealthy
India,Parvatipuram,2,61,1,143,Unhealthy for Sensitive Groups
India,Pathardih,3,82,1,134,Unhealthy for Sensitive Groups
Italy,Patti,1,46,0,56,Moderate
Guatemala,Patulul,4,5,12,103,Unhealthy for Sensitive Groups
India,Phaphund,4,169,1,171,Unhealthy
United States of America,Payson,1,30,4,57,Moderate
Brazil,Pedreira,1,6,4,56,Moderate
Portugal,Pedroucos,1,23,5,20,Good
China,Peking,3,109,8,123,Unhealthy for Sensitive Groups
Sri Lanka,Peliyagoda,0,23,1,71,Moderate
India,Baindur,0,27,0,66,Moderate
Spain,Balaguer,1,31,1,51,Moderate
Kazakhstan,Balykshi,1,41,0,7,Good
Thailand,Ban Bung,0,16,2,43,Good
Indonesia,Banjar,1,46,0,75,Moderate
Gambia,Banjul,1,25,1,151,Unhealthy
India,Bapatla,1,42,0,52,Moderate
Portugal,Barcarena,1,31,5,28,Good
India,Bargarh,2,77,0,164,Unhealthy
Brazil,Barra Do Pirai,6,0,14,159,Unhealthy
Colombia,Barrancabermeja,2,8,2,50,Good
Ukraine,Basarabeasca,1,42,0,14,Good
United Kingdom of Great Britain and Northern Ireland,Batley,1,33,3,17,Good
Latvia,Bauska,1,38,0,32,Good
Russian Federation,Bazarnyy Karabulak,1,36,0,60,Moderate
United States of America,Beecher,1,34,6,64,Moderate
United States of America,Berkley,2,18,18,85,Moderate
United Kingdom of Great Britain and Northern Ireland,Bexhill,1,32,4,17,Good
India,Bhanvad,0,26,0,132,Unhealthy for Sensitive Groups
India,Bharuch,1,33,0,132,Unhealthy for Sensitive Groups
India,Bhiwani,3,164,1,172,Unhealthy
India,Biaora,1,38,0,175,Unhealthy
United Kingdom of Great Britain and Northern Ireland,Bicester,1,31,4,24,Good
India,Bidar,1,41,0,150,Unhealthy
Switzerland,Biel,1,36,0,56,Moderate
Poland,Bilgoraj,1,37,1,59,Moderate
Côte d'Ivoire,Bingerville,1,21,1,56,Moderate
United States of America,Brooklyn Center,1,31,6,51,Moderate
Germany,Bruggen,1,25,6,56,Moderate
Germany,Bruhl,1,38,3,56,Moderate
France,Bry Sur Marne,3,17,9,83,Moderate
Hungary,Budakeszi,1,42,2,72,Moderate
Colombia,Buenaventura,1,9,1,32,Good
Turkey,Burhaniye,1,39,0,61,Moderate
United Kingdom of Great Britain and Northern Ireland,Burntwood,1,33,3,20,Good
Mexico,Cabo San Lucas,1,39,0,61,Moderate
Angola,Caconda,0,21,0,19,Good
Italy,Calderara Di Reno,1,43,2,70,Moderate
Cuba,Camajuani,1,18,3,107,Unhealthy for Sensitive Groups
Cuba,Campechuela,1,24,2,77,Moderate
Mexico,Canatlan,1,25,1,57,Moderate
Canada,Canmore,1,23,1,46,Good
Italy,Carate Brianza,1,35,4,66,Moderate
Brazil,Caratinga,1,8,2,40,Good
Brazil,Carmo Do Cajuru,1,4,4,65,Moderate
Italy,Casalnuovo Di Napoli,2,48,9,66,Moderate
Spain,Castelldefels,1,40,4,51,Moderate
Italy,Cave,1,45,2,71,Moderate
France,Cayenne,0,21,0,52,Moderate
Italy,Cazzago San Martino,1,33,3,69,Moderate
United States of America,Centralia,2,16,15,60,Moderate
Albania,Cerrik,1,42,1,75,Moderate
Italy,Cervignano Del Friuli,1,40,2,72,Moderate
Czechia,Ceska Lipa,1,40,2,78,Moderate
El Salvador,Chalchuapa,3,2,12,106,Unhealthy for Sensitive Groups
India,Challapalle,1,45,0,62,Moderate
Russian Federation,Chaltyr,1,39,2,11,Good
Czechia,Blansko,1,37,1,75,Moderate
Germany,Blieskastel,2,25,5,69,Moderate
Indonesia,Bogor,4,170,2,152,Unhealthy
Brazil,Borborema,1,9,1,20,Good
Russian Federation,Borzya,1,45,0,56,Moderate
Bosnia and Herzegovina,Bosanska Gradiska,1,40,0,58,Moderate
Côte d'Ivoire,Botro,1,14,0,56,Moderate
France,Bourg La Reine,3,16,10,85,Moderate
United States of America,Bowling Green,2,24,11,74,Moderate
Germany,Bremen,1,25,6,66,Moderate
Germany,Bremerhaven,1,22,6,56,Moderate
Central African Republic,Bria,2,14,0,74,Moderate
Germany,Brilon,1,41,3,69,Moderate
India,Napasar,1,40,0,328,Hazardous
India,Narasaraopet,1,48,0,65,Moderate
India,Narsimhapur,1,46,0,161,Unhealthy
Pakistan,Naushahro Firoz,1,44,0,158,Unhealthy
Spain,Navalmoral De La Mata,1,26,1,52,Moderate
Russian Federation,Navashino,1,35,0,36,Good
Japan,Nayoro,1,32,0,10,Good
New Zealand,Nelson,0,12,1,14,Good
India,Nepa Nagar,1,38,0,96,Moderate
Russian Federation,Nerekhta,1,24,2,47,Good
France,Nevers,1,30,1,51,Moderate
Philippines,New Visayas,1,19,0,39,Good
United States of America,New York,2,20,18,70,Moderate
United States of America,Newnan,3,18,20,73,Moderate
United Republic of Tanzania,Ngerengere,0,15,0,26,Good
Niger,Niamey,2,24,1,56,Moderate
Malaysia,Nibong Tebal,1,47,0,66,Moderate
South Africa,Nigel,10,13,13,174,Unhealthy
Japan,Niimi,1,35,2,26,Good
India,Nilanga,1,38,0,136,Unhealthy for Sensitive Groups
Russian Federation,Nizhniy Novgorod,1,29,3,48,Good
Russian Federation,Nogliki,1,22,0,14,Good
Thailand,Nong Chik,1,32,0,57,Moderate
Thailand,Nonthaburi,1,25,1,63,Moderate
Philippines,Norala,1,17,0,30,Good
Germany,Nordstemmen,1,40,4,59,Moderate
United States of America,Norfolk,1,34,8,26,Good
United States of America,North Bellmore,2,17,22,68,Moderate
United States of America,North Valley Stream,2,18,21,72,Moderate
Serbia,Novi Pazar,1,43,0,71,Moderate
Russian Federation,Novoaleksandrovsk,1,33,0,22,Good
Czechia,Novy Jicin,1,40,2,71,Moderate
Uruguay,Nueva Helvecia,0,17,2,19,Good
United Kingdom of Great Britain and Northern Ireland,Nuneaton,1,33,3,20,Good
Japan,Obanazawa,1,45,2,55,Moderate
Russian Federation,Oktyabrsk,1,41,0,53,Moderate
Russian Federation,Oktyabrskiy,1,20,11,62,Moderate
Peru,Morropon,1,5,2,58,Moderate
Greece,Moskhaton,2,41,8,109,Unhealthy for Sensitive Groups
India,Mount Abu,1,30,0,167,Unhealthy
Russian Federation,Mozdok,1,44,0,74,Moderate
Russian Federation,Mozhga,1,36,0,54,Moderate
India,Muddebihal,1,35,1,129,Unhealthy for Sensitive Groups
United Republic of Tanzania,Muheza,0,19,0,27,Good
Zambia,Mumbwa,2,17,1,76,Moderate
India,Mundgod,1,26,1,22,Good
Indonesia,Muntilan,1,37,1,71,Moderate
Russian Federation,Murom,1,35,0,37,Good
India,Murshidabad,2,46,3,86,Moderate
Switzerland,Muttenz,1,29,3,63,Moderate
India,Muttupet,1,37,0,61,Moderate
United Republic of Tanzania,Mvomero,1,16,0,32,Good
Tunisia,Naftah,1,43,0,89,Moderate
Japan,Namie,1,53,1,54,Moderate
France,Nancy,1,32,1,63,Moderate
India,Nangal,3,143,1,152,Unhealthy
France,Chaumont,1,30,2,58,Moderate
Russian Federation,Chernyshevsk,1,33,0,9,Good
France,Chevilly Larue,2,20,6,72,Moderate
United States of America,Chicago Ridge,2,33,8,41,Good
United States of America,Chico,1,20,8,48,Good
India,Chikmagalur,0,20,0,25,Good
Japan,Chiryu,2,49,3,56,Moderate
India,Chittaurgarh,1,35,0,207,Very Unhealthy
Zambia,Choma,1,21,0,37,Good
Peru,Chosica,9,5,25,179,Unhealthy
India,Churhat,2,82,2,191,Unhealthy
United States of America,Cicero,2,33,9,50,Good
Indonesia,Ciparay,2,52,1,91,Moderate
Italy,Ciro Marina,1,49,1,61,Moderate
France,Claye Souilly,1,21,5,66,Moderate
United States of America,Commerce City,1,10,13,55,Moderate
Belgium,Aarschot,1,29,3,44,Good
Japan,Abashiri,1,35,0,29,Good
United States of America,Abington,2,18,16,63,Moderate
Sudan,Abu Zabad,2,11,0,59,Moderate
Italy,Adrano,1,32,2,50,Good
Germany,Aerzen,1,35,1,34,Good
United States of America,Agawam,2,10,17,66,Moderate
Italy,Agliana,1,39,4,80,Moderate
India,Akalkot,0,26,0,86,Moderate
Turkey,Akcakoca,1,32,0,50,Good
Turkmenistan,Akdepe,1,43,0,57,Moderate
Turkey,Akhisar,1,38,1,64,Moderate
United States of America,Albany,1,15,8,41,Good
United States of America,Albuquerque,1,30,4,63,Moderate
Spain,Alcala La Real,1,18,2,31,Good
Spain,Alcudia,1,49,1,101,Unhealthy for Sensitive Groups
Germany,Alfter,1,30,4,58,Moderate
Portugal,Alges,1,39,3,17,Good
Uzbekistan,Almazar,1,48,1,88,Moderate
Portugal,Canecas,1,37,4,17,Good
United States of America,Canyon Lake,2,5,19,66,Moderate
Italy,Cardito,1,63,3,58,Moderate
Italy,Casale Monferrato,2,29,8,75,Moderate
Peru,Casma,0,19,0,27,Good
Italy,Castellaneta,1,44,2,57,Moderate
Italy,Castiglione Delle Stiviere,2,28,7,79,Moderate
Chile,Castro,0,18,1,10,Good
Peru,Catacaos,1,19,1,43,Good
United States of America,Catonsville,1,46,4,59,Moderate
Italy,Ceglie Messapica,1,50,2,54,Moderate
United States of America,Celina,1,29,6,39,Good
Italy,Cerreto Guidi,1,47,3,67,Moderate
United Republic of Tanzania,Chala,0,18,0,11,Good
Pakistan,Chambar,1,43,0,172,Unhealthy
United States of America,Champaign,1,26,7,55,Moderate
Mauritius,Baie Du Tombeau,0,27,0,32,Good
China,Baisha,3,158,2,113,Unhealthy
United States of America,Baker,1,13,7,71,Moderate
Russian Federation,Balashikha,4,9,36,128,Unhealthy for Sensitive Groups
United States of America,Ballwin,1,42,3,51,Moderate
Malaysia,Bandar Maharani,1,31,0,75,Moderate
Thailand,Bang Kruai,1,23,1,59,Moderate
Thailand,Bang Len,1,26,1,45,Good
Brazil,Barueri,6,1,20,170,Unhealthy
Ukraine,Bashtanka,1,40,0,18,Good
Italy,Bassano Del Grappa,2,38,4,62,Moderate
Sri Lanka,Battaramulla,0,23,0,66,Moderate
United States of America,Bayonne,3,16,26,107,Unhealthy for Sensitive Groups
Russian Federation,Bazhovo,1,34,1,21,Good
Malaysia,Beaufort,6,36,0,63,Moderate
United States of America,Broomfield,1,14,11,52,Moderate
Czechia,Bruntal,1,36,2,96,Moderate
Germany,Budingen,1,41,2,65,Moderate
Philippines,Buenlag,0,23,1,58,Moderate
Romania,Buftea,1,39,2,38,Good
Romania,Bumbesti Jiu,1,38,0,19,Good
United Kingdom of Great Britain and Northern Ireland,Burnley,1,14,11,62,Moderate
Germany,Burstadt,1,43,2,57,Moderate
Russian Federation,Buzuluk,1,37,0,56,Moderate
Viet Nam,Ca Mau,1,33,0,50,Good
Philippines,Cabayangan,0,15,0,30,Good
Brazil,Cabo Frio,1,24,2,50,Good
Philippines,Cadiz,1,23,0,54,Moderate
Brazil,Caieiras,6,1,19,165,Unhealthy
Peru,Cajabamba,1,4,0,27,Good
Brazil,Camaqua,1,18,1,35,Good
Brazil,Camaragibe,0,19,1,37,Good
United States of America,Camarillo,2,29,12,51,Moderate
United Kingdom of Great Britain and Northern Ireland,Cambridge,1,30,3,14,Good
Brazil,Campo Formoso,0,13,0,16,Good
Guatemala,Colomba,3,6,13,103,Unhealthy for Sensitive Groups
Brazil,Conselheiro Pena,1,4,2,48,Good
Chile,Coquimbo,0,29,0,20,Good
Romania,Costesti,1,39,1,20,Good
Germany,Crailsheim,1,41,3,50,Good
Italy,Crispiano,1,47,2,58,Moderate
Brazil,Cruzeiro Do Oeste,1,14,1,50,Good
Venezuela (Bolivarian Republic of),Cua,1,13,9,56,Moderate
Dominican Republic,Dajabon,3,6,11,94,Moderate
United States of America,Teaneck,1,40,4,53,Moderate
Indonesia,Tegal,4,25,9,149,Unhealthy for Sensitive Groups
India,Tekanpur,4,45,6,168,Unhealthy
Kazakhstan,Tekeli,1,18,1,51,Moderate
Brazil,Terra Boa,1,16,0,30,Good
Mexico,Texcoco,5,26,10,320,Hazardous
Pakistan,Thatta,1,20,2,117,Unhealthy for Sensitive Groups
Colombia,Tibu,1,32,0,68,Moderate
Brazil,Timbauba,0,25,0,20,Good
Guatemala,Tiquisate,2,38,2,86,Moderate
India,Tiruchchirappalli,3,26,6,121,Unhealthy for Sensitive Groups
United States of America,Titusville,1,93,1,27,Moderate
Mexico,Tlaxcoapan,1,32,2,151,Unhealthy
Japan,Togitsu,1,36,7,38,Good
Japan,Tokyo,1,28,17,79,Moderate
Japan,Tomioka,2,10,11,67,Moderate
Spain,Torremolinos,1,42,0,30,Good
China,Toufen,5,34,36,155,Unhealthy
Italy,Triggiano,1,52,0,60,Moderate
Madagascar,Tsihombe,0,27,0,26,Good
Indonesia,Tuban,1,15,3,61,Moderate
Mexico,Tultitlan,2,38,5,199,Unhealthy
China,Tungkang,1,19,11,53,Moderate
India,Tuni,3,40,2,93,Moderate
Brazil,Tupi Paulista,1,28,0,51,Moderate
India,Tura,2,23,4,75,Moderate
Belgium,Turnhout,1,39,1,46,Good
Germany,Uelzen,1,44,0,24,Good
United Republic of Tanzania,Uvinza,1,28,0,37,Good
Latvia,Valga,1,33,0,13,Good
India,Varangaon,2,27,6,151,Unhealthy
Brazil,Vargem Grande,0,17,0,41,Good
Serbia,Velika Plana,1,58,0,57,Moderate
Netherlands,Velsen,1,38,0,34,Good
Netherlands,Venlo,1,37,1,50,Good
Mexico,Venustiano Carranza,1,29,0,46,Good
Argentina,Viedma,0,16,0,23,Good
Russian Federation,Engels,1,40,1,28,Good
United States of America,Enid,1,45,1,49,Good
India,Erattupetta,2,16,5,96,Moderate
Kazakhstan,Esil,1,27,0,80,Moderate
Brazil,Esperanca,0,24,0,19,Good
Brazil,Espinosa,0,23,0,18,Good
Peru,Eten,0,24,0,50,Good
United States of America,Excelsior Springs,1,47,2,56,Moderate
United Kingdom of Great Britain and Northern Ireland,Falkirk,1,37,1,35,Good
China,Fengxian,6,101,15,151,Unhealthy
United States of America,Ferry Pass,2,86,1,39,Moderate
Madagascar,Fianarantsoa,1,17,0,47,Good
Ethiopia,Fiche,1,27,0,68,Moderate
Italy,Foggia,1,62,0,54,Moderate
France,Fontenay Sous Bois,1,46,1,70,Moderate
Cameroon,Foumban,1,15,0,40,Good
United States of America,Fountain Valley,2,27,13,63,Moderate
United States of America,Franklin,1,43,1,48,Good
Japan,Fukiage,2,18,18,83,Moderate
Japan,Fukue,1,46,1,46,Good
United States of America,Galion,1,37,2,47,Good
China,Gaozhou,3,13,20,125,Unhealthy for Sensitive Groups
Burkina Faso,Garango,1,25,0,54,Moderate
France,Garches,1,43,2,72,Moderate
United States of America,Garden City,1,46,5,58,Moderate
United States of America,Gardena,3,17,23,100,Unhealthy for Sensitive Groups
Brazil,Garibaldi,0,19,0,29,Good
Colombia,Garzon,1,6,0,15,Good
Indonesia,Gebog,5,2,22,161,Unhealthy
Belgium,Gembloux,1,41,1,55,Moderate
Netherlands,Gendringen,1,38,0,40,Good
Russian Federation,Georgievsk,1,43,1,32,Good
India,Ghazipur,4,93,5,176,Unhealthy
Philippines,Dalipuga,1,17,3,61,Moderate
Poland,Darlowo,1,35,0,23,Good
India,Daund,2,33,6,159,Unhealthy
United States of America,Delray Beach,1,36,0,22,Good
United States of America,Derby,1,48,2,51,Moderate
Brazil,Descalvado,1,27,0,60,Moderate
Nepal,Dharan,3,33,2,101,Unhealthy for Sensitive Groups
India,Dhaulpur,4,50,7,171,Unhealthy
India,Dhrangadhra,1,29,1,150,Unhealthy
Netherlands,Diemen,0,38,0,30,Good
Belgium,Diest,1,38,1,53,Moderate
Germany,Dietzenbach,1,61,0,60,Moderate
France,Dinard,1,30,3,45,Good
United Republic of Tanzania,Dodoma,0,21,0,18,Good
Italy,Domodossola,1,39,0,83,Moderate
Brazil,Dracena,1,23,0,50,Good
Norway,Drobak,1,45,0,15,Good
United States of America,Dublin,1,41,1,43,Good
Belgium,Duffel,1,38,2,51,Moderate
United Kingdom of Great Britain and Northern Ireland,Dundee,1,38,0,29,Good
United States of America,Eagan,1,32,1,52,Moderate
United States of America,East Brainerd,1,58,0,19,Moderate
United States of America,East Hartford,1,46,2,51,Moderate
Japan,Ebina,1,32,9,73,Moderate
United Kingdom of Great Britain and Northern Ireland,Eccles,1,36,1,37,Good
Germany,Edewecht,1,39,0,30,Good
Germany,Edingen Neckarhausen,1,60,0,62,Moderate
Spain,El Ejido,1,38,0,37,Good
Mexico,El Mante,1,29,0,54,Moderate
Honduras,El Paraiso,1,17,0,29,Good
Honduras,El Progreso,1,22,0,76,Moderate
Spain,El Vendrell,1,46,0,45,Good
Russian Federation,Elban,15,32,11,172,Unhealthy
Lithuania,Elektrenai,1,35,0,21,Good
Ghana,Elmina,0,23,0,29,Good
Kazakhstan,Emba,1,37,0,58,Moderate
Germany,Rothenbach,1,51,0,63,Moderate
United States of America,Round Rock,0,21,2,28,Good
United States of America,Rubidoux,3,16,19,109,Unhealthy for Sensitive Groups
Germany,Ruthen,1,43,0,54,Moderate
India,Sadri,1,32,1,154,Unhealthy
Russian Federation,Safonovo,1,37,0,15,Good
Russian Federation,Sagopshi,1,44,1,32,Good
France,Saint Malo,1,31,3,40,Good
Pakistan,Sakrand,1,23,1,149,Unhealthy for Sensitive Groups
Canada,Salaberry De Valleyfield,1,26,0,37,Good
Italy,Salemi,1,57,0,56,Moderate
Brazil,Salgueiro,0,20,0,15,Good
Russian Federation,Samara,1,40,2,25,Good
India,Sambalpur,2,72,1,157,Unhealthy
India,Sambhal,5,33,9,164,Unhealthy
India,Sonamura,3,12,8,102,Unhealthy for Sensitive Groups
Denmark,Sonderborg,1,42,0,23,Good
Germany,Spaichingen,1,51,0,61,Moderate
United States of America,Spencer,1,43,1,48,Good
Croatia,Split,1,44,0,93,Moderate
Netherlands,Stadskanaal,0,37,0,31,Good
Uzbekistan,Stantsiya Gorchakovo,1,38,9,125,Unhealthy for Sensitive Groups
United States of America,Statesville,1,48,1,19,Good
Germany,Stein,1,52,0,62,Moderate
Russian Federation,Stroitel,1,38,0,46,Good
Republic of North Macedonia,Strumica,1,46,0,64,Moderate
Spain,Sueca,1,36,0,20,Good
Japan,Sugito,1,26,18,82,Moderate
India,Sumbal,3,37,3,152,Unhealthy
Japan,Sumoto,2,22,10,72,Moderate
Italy,Piacenza,1,60,0,72,Moderate
United States of America,Picayune,1,36,1,50,Good
Brazil,Picui,0,24,0,19,Good
United States of America,Pinellas Park,1,85,1,14,Moderate
Brazil,Pinheiro,0,18,0,31,Good
Brazil,Pio Xii,0,16,0,28,Good
Italy,Piossasco,1,49,0,74,Moderate
Brazil,Piracicaba,1,29,1,72,Moderate
Brazil,Piritiba,0,20,0,23,Good
Czechia,Pisek,1,49,0,66,Moderate
Russian Federation,Pitkyaranta,1,35,0,17,Good
United States of America,Plainfield,1,40,2,52,Moderate
France,Poitiers,1,39,0,28,Good
Ukraine,Poltava,1,44,0,46,Good
Thailand,Pong,1,14,2,56,Moderate
India,Ponneri,4,37,7,145,Unhealthy for Sensitive Groups
Italy,Pontassieve,1,65,0,48,Moderate
United States of America,Port Hueneme,1,38,3,51,Moderate
France,Port De Bouc,1,48,2,40,Good
Italy,Potenza,1,51,0,36,Moderate
Mexico,Progreso Industrial,4,24,9,181,Unhealthy
Russian Federation,Psebay,1,41,0,26,Good
Philippines,Pulupandan,1,33,2,65,Moderate
India,Pundri,4,45,9,162,Unhealthy
Chile,Purranque,1,22,1,18,Good
Syrian Arab Republic,Qatana,1,72,1,59,Moderate
Colombia,Quibdo,1,17,0,11,Good
Poland,Radlin,1,45,0,68,Moderate
India,Rahuri,1,35,2,153,Unhealthy
India,Raikot,5,41,12,165,Unhealthy
India,Rajsamand,1,29,3,151,Unhealthy
United States of America,Ramsey,1,32,1,51,Moderate
India,Ramtek,3,34,11,172,Unhealthy
Germany,Raubling,1,61,0,65,Moderate
United Kingdom of Great Britain and Northern Ireland,Redcar,1,38,0,46,Good
United States of America,Rehoboth,1,44,2,50,Good
United Kingdom of Great Britain and Northern Ireland,Reigate,1,33,1,30,Good
Germany,Reinbek,1,43,0,22,Good
Finland,Riihimaki,1,36,1,6,Good
Mexico,Rincon De Romos,1,29,0,40,Good
Uruguay,Rio Branco,0,18,0,8,Good
Brazil,Rio Das Pedras,1,30,1,74,Moderate
United States of America,Rio Grande City,0,23,0,38,Good
Spain,Ripoll,1,41,0,32,Good
India,Risod,2,23,4,154,Unhealthy
United States of America,Riverside,3,23,17,95,Moderate
Ecuador,Rocafuerte,1,23,0,50,Good
France,Roche La Moliere,1,47,0,60,Moderate
Sierra Leone,Rokupr,1,20,0,21,Good
Kenya,Rongai,2,12,1,85,Moderate
Poland,Olsztyn,1,39,0,20,Good
Japan,Onomichi,1,46,3,51,Moderate
United States of America,Opportunity,1,23,2,43,Good
Namibia,Oshakati,0,32,0,43,Good
United States of America,Ossining,1,45,1,51,Moderate
Mexico,Ozumba,1,38,3,161,Unhealthy
South Africa,Paarl,6,15,9,171,Unhealthy
Russian Federation,Pallasovka,1,50,0,11,Good
United States of America,Palm Desert,1,30,3,49,Good
Spain,Palma,1,42,0,31,Good
Cuba,Palmira,1,34,0,43,Good
United States of America,Palos Heights,1,36,4,58,Moderate
Indonesia,Pamanukan,3,22,9,156,Unhealthy
Philippines,Pambujan,0,26,0,20,Good
Brazil,Panelas,0,23,0,17,Good
French Polynesia,Papara,0,27,0,17,Good
India,Parola,1,34,2,153,Unhealthy
Italy,Partinico,1,55,0,59,Moderate
United States of America,Pasco,1,28,2,37,Good
India,Pasighat,2,9,3,59,Moderate
Brazil,Passira,0,23,0,19,Good
United States of America,Pearl City,0,35,0,34,Good
Brazil,Coelho Neto,0,18,0,34,Good
Guatemala,Comalapa,2,18,3,65,Moderate
Dominican Republic,Constanza,1,35,0,102,Unhealthy for Sensitive Groups
Mexico,Contla,1,35,3,190,Unhealthy
Italy,Corato,1,60,0,41,Moderate
United States of America,Crystal Lake,1,32,3,52,Moderate
India,Dahanu,1,19,1,76,Moderate
Serbia,Pec,1,39,0,95,Moderate
Romania,Pechea,1,49,0,50,Good
United Kingdom of Great Britain and Northern Ireland,Penicuik,1,39,0,32,Good
United States of America,Pennsville,1,49,1,38,Good
United States of America,Pensacola,2,82,1,35,Moderate
India,Perambalur,2,25,6,107,Unhealthy for Sensitive Groups
Cuba,Perico,1,30,0,24,Good
United States of America,Perry Hall,1,44,2,46,Good
Haiti,Petit Goave,1,36,0,103,Unhealthy for Sensitive Groups
Thailand,Phayuha Khiri,1,17,2,57,Moderate
France,Marignane,1,47,3,42,Good
France,Marly,1,42,1,54,Moderate
Madagascar,Marovoay,1,21,0,47,Good
Switzerland,Martigny,1,38,0,64,Moderate
Japan,Marugame,1,32,5,55,Moderate
Brazil,Maues,1,5,0,27,Good
India,Mayang Imphal,3,2,6,90,Moderate
United States of America,Mayfield Heights,1,37,2,56,Moderate
Myanmar,Maymyo,2,4,2,69,Moderate
Bangladesh,Mehendiganj,2,21,5,80,Moderate
Russian Federation,Melenki,1,35,0,26,Good
Argentina,Mendoza,1,16,4,45,Good
China,Mengyin,6,54,18,164,Unhealthy
Indonesia,Merauke,0,21,0,34,Good
Italy,Mercato San Severino,1,69,0,54,Moderate
Germany,Merchweiler,1,55,0,63,Moderate
United States of America,Midvale,1,40,3,47,Good
United States of America,Milpitas,1,31,4,50,Good
United States of America,Minneapolis,1,30,2,52,Moderate
Russian Federation,Minyar,1,40,0,9,Good
Brazil,Miracema Do Tocantins,0,19,0,26,Good
Brazil,Miracema,0,24,0,30,Good
Japan,Misawa,3,36,8,91,Moderate
Japan,Mitsuke,3,20,14,116,Unhealthy for Sensitive Groups
Botswana,Mochudi,1,31,0,39,Good
Chile,Molina,4,2,5,97,Moderate
Brazil,Moncao,0,17,0,30,Good
India,Monoharpur,3,19,9,151,Unhealthy
Italy,Monselice,1,63,0,87,Moderate
Italy,Montemurlo,1,67,0,43,Moderate
India,Moram,2,33,3,160,Unhealthy
Sri Lanka,Moratuwa,1,20,3,89,Moderate
Malta,Mosta,1,70,0,42,Moderate
Peru,Motupe,1,18,0,38,Good
Kenya,Moyale,0,15,0,30,Good
Mexico,Moyotzingo,3,26,8,332,Hazardous
Turkey,Mut,1,46,0,34,Good
Cameroon,Muyuka,1,22,0,55,Moderate
Czechia,Nachod,1,41,0,58,Moderate
Iran (Islamic Republic of),Nahavand,1,28,1,116,Unhealthy for Sensitive Groups
Canada,Nanticoke,1,31,0,31,Good
India,Kanchrapara,5,126,5,172,Unhealthy
Togo,Kande,1,15,0,59,Moderate
India,Kanth,4,175,1,157,Unhealthy
China,Kaohsiung,2,97,2,77,Moderate
Indonesia,Karanganom,1,32,0,57,Moderate
Russian Federation,Kasimov,1,34,0,32,Good
Georgia,Kaspi,1,33,0,31,Good
India,Kayattar,0,25,0,55,Moderate
India,Kesinga,1,39,0,113,Unhealthy for Sensitive Groups
India,Khanapur,0,22,0,63,Moderate
Nepal,Khandbari,1,32,0,34,Good
Tunisia,Duz,1,44,0,124,Unhealthy for Sensitive Groups
United States of America,East Brunswick,2,28,11,55,Moderate
United States of America,East Hemet,1,15,10,55,Moderate
United States of America,East Lake,1,20,10,52,Moderate
Belgium,Edegem,1,27,8,63,Moderate
Spain,Eibar,1,17,3,62,Moderate
Nigeria,Ekpoma,2,18,1,58,Moderate
Guatemala,El Estor,1,13,1,38,Good
Spain,El Puerto De Santa Maria,0,28,2,12,Good
Colombia,El Zulia,1,8,3,62,Moderate
United States of America,Elk Grove Village,2,14,19,65,Moderate
United States of America,Ellensburg,1,40,1,58,Moderate
United States of America,Dothan,2,26,8,58,Moderate
Germany,Drochtersen,1,29,6,57,Moderate
Ukraine,Dunayivtsi,1,31,1,56,Moderate
Brazil,Marilia,1,7,1,22,Good
Colombia,Mariquita,2,5,4,61,Moderate
United States of America,Marshfield,1,26,3,42,Good
Italy,Martina Franca,1,47,1,27,Good
India,Mawana,3,119,1,157,Unhealthy
Mozambique,Maxixe,1,24,0,38,Good
Mexico,Mazatlan,1,23,0,27,Good
Kingdom of Eswatini,Mbabane,2,21,3,114,Unhealthy for Sensitive Groups
Central African Republic,Mbaiki,2,15,0,86,Moderate
Switzerland,Meilen,1,31,2,53,Moderate
Germany,Meitingen,1,34,3,65,Moderate
Poland,Miechow,1,34,1,65,Moderate
Cameroon,Mindif,2,23,0,74,Moderate
Japan,Mizusawa,1,46,2,49,Good
Gabon,Moanda,3,15,0,78,Moderate
United States of America,Modesto,1,26,9,53,Moderate
Italy,Mola Di Bari,1,45,1,21,Good
Kenya,Mombasa,1,24,0,51,Moderate
Cameroon,Monatele,1,17,0,42,Good
Italy,Mondolfo,1,46,2,56,Moderate
Netherlands,Monster,1,37,4,55,Moderate
Dominican Republic,Monte Plata,5,5,12,159,Unhealthy
Italy,Montecorvino Rovella,1,47,2,45,Good
Jamaica,Montego Bay,1,19,3,106,Unhealthy for Sensitive Groups
Netherlands,Montfoort,1,29,5,34,Good
France,Montigny En Gohelle,1,32,3,51,Moderate
Portugal,Montijo,1,31,4,28,Good
Honduras,Morazan,2,3,3,74,Moderate
Japan,Menuma,1,87,1,66,Moderate
Myanmar,Mergui,0,19,0,51,Moderate
United States of America,Metairie,2,37,9,48,Good
United Republic of Tanzania,Mgandu,0,18,0,17,Good
Peru,Abancay,1,0,2,24,Good
Brazil,Agrestina,0,17,1,22,Good
Brazil,Aguas Belas,0,12,1,21,Good
Côte d'Ivoire,Akoupe,1,19,0,61,Moderate
India,Alangulam,0,24,0,57,Moderate
India,Alappuzha,1,24,0,76,Moderate
United States of America,Albert Lea,1,42,1,42,Good
Spain,Alcala De Henares,1,27,3,18,Good
Spain,Alcaniz,1,31,1,20,Good
Spain,Alcantarilla,1,31,1,26,Good
Spain,Alcorcon,1,20,4,26,Good
Netherlands,Almere,0,31,2,15,Good
China,Dali,1,17,1,25,Good
Germany,Delbruck,1,34,2,39,Good
Egypt,Deshna,2,49,6,158,Unhealthy
India,Dhampur,3,168,1,152,Unhealthy
India,Dharapuram,0,24,0,51,Moderate
India,Digboi,1,25,0,16,Good
United States of America,Dobbs Ferry,4,4,35,110,Unhealthy for Sensitive Groups
Sudan,Doka,1,18,0,61,Moderate
Italy,Dolo,2,31,7,60,Moderate
Russian Federation,Domodedovo,2,23,14,73,Moderate
India,Khetia,2,26,4,137,Unhealthy for Sensitive Groups
Iran (Islamic Republic of),Khonsar,0,36,0,112,Unhealthy for Sensitive Groups
India,Khurai,3,67,2,160,Unhealthy
Ethiopia,Kibre Mengist,1,11,0,52,Moderate
Germany,Kierspe,1,45,0,54,Moderate
United Republic of Tanzania,Kimamba,0,19,0,16,Good
Russian Federation,Kingisepp,1,34,0,5,Good
Russian Federation,Kizlyar,1,43,0,60,Moderate
France,Kleinblittersdorf,1,54,0,66,Moderate
Austria,Knittelfeld,1,40,0,63,Moderate
India,Kolhapur,2,23,4,89,Moderate
Russian Federation,Koltsovo,1,40,2,18,Good
Japan,Komaki,3,6,23,126,Unhealthy for Sensitive Groups
Viet Nam,Kon Tum,1,8,3,59,Moderate
India,Konnagar,12,2,27,214,Very Unhealthy
Poland,Koronowo,1,42,0,22,Good
Japan,Kosai,2,32,6,77,Moderate
China,Kouqian,4,46,9,137,Unhealthy for Sensitive Groups
Russian Federation,Krasnoyarsk 45,1,28,0,41,Good
India,Krishnarajpet,1,13,5,67,Moderate
Germany,Krumbach,1,58,0,66,Moderate
Malaysia,Kuala Kedah,2,24,8,130,Unhealthy for Sensitive Groups
Malaysia,Kuala Lipis,2,10,3,70,Moderate
Germany,Kulmbach,1,49,0,54,Moderate
Sweden,Kungalv,1,41,0,11,Good
Russian Federation,Kurchaloy,1,44,2,58,Moderate
Estonia,Kuressaare,1,35,0,17,Good
India,Kushtagi,1,32,2,69,Moderate
Russian Federation,Kuvshinovo,1,31,0,10,Good
China,Kuytun,1,20,4,84,Moderate
Myanmar,Kyaukse,1,6,3,66,Moderate
Spain,La Algaba,1,42,0,15,Good
Dominican Republic,La Mata,1,31,3,118,Unhealthy for Sensitive Groups
United States of America,La Palma,3,22,19,85,Moderate
United States of America,La Vista,1,39,3,42,Good
South Africa,Lady Frere,1,16,1,36,Good
Finland,Lahti,1,34,0,4,Good
Germany,Laichingen,1,53,0,63,Moderate
Ethiopia,Lalibela,1,26,0,120,Unhealthy for Sensitive Groups
India,Lalitpur,3,44,5,163,Unhealthy
Nigeria,Lalupon,2,45,0,84,Moderate
Dominican Republic,Las Matas De Farfan,1,35,0,100,Unhealthy for Sensitive Groups
Mexico,Las Varas,2,22,1,95,Moderate
India,Latur,2,35,3,162,Unhealthy
United Kingdom of Great Britain and Northern Ireland,Leatherhead,0,33,1,28,Good
Poland,Leczyca,1,42,0,37,Good
Italy,Leini,1,60,0,80,Moderate
United States of America,Lemon Grove,1,34,6,50,Good
United States of America,Lewisville,2,30,6,71,Moderate
Philippines,Libog,1,22,1,61,Moderate
Mexico,Linares,1,24,0,52,Moderate
China,Linjiang,2,49,1,78,Moderate
Democratic Republic of the Congo,Lisala,2,8,0,71,Moderate
Bosnia and Herzegovina,Livno,1,41,0,96,Moderate
Angola,Lobito,1,20,0,52,Moderate
Russian Federation,Lobnya,1,32,5,29,Good
Germany,Lollar,1,50,0,56,Moderate
United States of America,Longview,1,37,4,46,Good
United Kingdom of Great Britain and Northern Ireland,Louth,1,36,1,45,Good
Germany,Lubbecke,1,43,0,36,Good
Malawi,Luchenza,1,21,0,62,Moderate
Bosnia and Herzegovina,Lukavac,1,50,0,63,Moderate
Albania,Lushnje,1,48,0,93,Moderate
Uganda,Luwero,2,12,1,102,Unhealthy for Sensitive Groups
Italy,Luzzi,1,49,0,43,Good
China,Maanshan,9,0,42,183,Unhealthy
Pakistan,Mach,1,35,1,124,Unhealthy for Sensitive Groups
India,Sarauli,4,168,1,170,Unhealthy
Philippines,Saug,0,15,0,31,Good
Russian Federation,Sayansk,1,34,0,24,Good
Italy,Scalea,1,40,2,53,Moderate
Italy,Scorze,2,45,4,60,Moderate
United States of America,Scott Lake,6,7,17,158,Unhealthy
United States of America,Scottsdale,1,20,15,50,Good
Germany,Selm,1,33,2,36,Good
India,Seoni,1,36,0,173,Unhealthy
India,Serchhip,1,31,0,13,Good
Russian Federation,Serpukhov,1,30,2,55,Moderate
Armenia,Sevan,1,32,0,23,Good
United States of America,Seven Hills,2,34,5,36,Good
Colombia,Sevilla,2,2,5,71,Moderate
Bulgaria,Sevlievo,1,39,0,32,Good
India,Shamgarh,1,36,0,192,Unhealthy
China,Shaoyang,4,159,4,108,Unhealthy
Italy,Somma Vesuviana,1,48,4,62,Moderate
India,Sonegaon,1,29,0,168,Unhealthy
China,Songjianghe,2,37,0,27,Good
Iran (Islamic Republic of),Sonqor,1,54,0,70,Moderate
Russian Federation,Sortavala,1,30,3,50,Good
United States of America,South Elgin,1,32,8,51,Moderate
South Africa,Springbok,0,15,1,34,Good
Italy,Squinzano,1,71,1,47,Moderate
South Africa,Stellenbosch,11,12,8,181,Unhealthy
United Kingdom of Great Britain and Northern Ireland,Stockport,1,15,11,61,Moderate
United States of America,Stratford,4,5,39,87,Moderate
Bolivia (Plurinational State of),Sucre,0,6,0,14,Good
Germany,Suhl,1,38,2,70,Moderate
Germany,Sulingen,0,34,1,17,Good
Costa Rica,San Diego,2,5,11,56,Moderate
Dominican Republic,San Jose De Ocoa,2,6,10,76,Moderate
Mexico,San Juan De La Vega,2,5,10,122,Unhealthy for Sensitive Groups
Guatemala,San Juan Sacatepequez,3,3,9,119,Unhealthy for Sensitive Groups
Guatemala,San Lucas Sacatepequez,3,2,10,122,Unhealthy for Sensitive Groups
Venezuela (Bolivarian Republic of),San Mateo,1,15,7,58,Moderate
Nicaragua,San Rafael Del Sur,1,19,1,60,Moderate
Philippines,Sangali,0,14,0,104,Unhealthy for Sensitive Groups
India,Sankrail,4,96,5,165,Unhealthy
Austria,Sankt Andra,1,32,1,80,Moderate
Brazil,Santa Cruz Do Sul,2,8,5,66,Moderate
Brazil,Santa Luzia,0,16,0,20,Good
India,Sanwer,1,39,0,172,Unhealthy
Brazil,Sao Manuel,2,9,3,71,Moderate
India,Baidyabati,10,9,23,225,Very Unhealthy
Slovakia,Balassagyarmat,1,59,0,62,Moderate
Republic of Moldova,Balti,1,53,0,56,Moderate
Thailand,Bang Pakong,3,7,9,113,Unhealthy for Sensitive Groups
Thailand,Bang Yai,5,4,13,164,Unhealthy
India,Banka,3,45,5,132,Unhealthy for Sensitive Groups
Pakistan,Bannu,3,114,1,176,Unhealthy
India,Baramati,2,38,2,156,Unhealthy
India,Barwala,4,126,5,166,Unhealthy
India,Baswa,3,102,3,169,Unhealthy
Brazil,Batatais,1,22,0,48,Good
Australia,Batemans Bay,0,29,0,19,Good
Cameroon,Batouri,1,19,0,49,Good
United States of America,Battle Creek,1,32,1,64,Moderate
Spain,Baza,0,36,0,18,Good
United States of America,Beaumont,2,34,6,68,Moderate
Indonesia,Bekasi,9,16,29,193,Unhealthy
Mauritius,Bel Air,1,27,0,60,Moderate
Brazil,Belem De Sao Francisco,0,20,0,14,Good
Turkey,Belen,1,39,0,27,Good
Switzerland,Bellinzona,1,41,0,87,Moderate
India,Berasia,2,57,2,164,Unhealthy
Albania,Berat,1,47,0,91,Moderate
Belgium,Beveren,1,38,2,47,Good
India,Bhavnagar,1,27,1,103,Unhealthy for Sensitive Groups
India,Bhikhi,4,42,13,162,Unhealthy
India,Bilgram,3,59,6,161,Unhealthy
India,Bindki,4,101,6,180,Unhealthy
Germany,Bitterfeld,1,46,0,44,Good
United States of America,Bixby,2,33,5,60,Moderate
United States of America,Blacksburg,1,43,0,18,Good
Poland,Bochnia,1,46,0,70,Moderate
Germany,Bockenem,1,44,0,37,Good
Poland,Bogatynia,1,43,0,55,Moderate
Russian Federation,Bolshaya Glushitsa,1,44,0,12,Good
Russian Federation,Bolshoy Kamen,2,58,2,97,Moderate
Uganda,Bombo,3,13,1,127,Unhealthy for Sensitive Groups
United States of America,Bon Air,1,39,2,50,Good
France,Bondy,1,46,1,69,Moderate
Ethiopia,Bonga,1,16,0,24,Good
Russian Federation,Borovsk,1,38,0,18,Good
Turkey,Boyabat,1,43,0,28,Good
Uzbekistan,Boz,1,31,13,131,Unhealthy for Sensitive Groups
South Africa,Breyten,1,18,5,53,Moderate
Mexico,Buenos Aires,1,28,0,43,Good
Australia,Burnie,0,26,1,12,Good
Spain,Burriana,1,41,0,14,Good
Turkey,Bursa,1,43,0,54,Moderate
United Kingdom of Great Britain and Northern Ireland,Bury,1,35,1,40,Good
Mexico,Caborca,1,24,1,85,Moderate
Germany,Cadolzburg,1,52,0,64,Moderate
India,Calcutta,8,10,19,195,Unhealthy
Italy,Calenzano,1,67,0,45,Moderate
Brazil,Camacari,0,22,0,18,Good
Australia,Canberra,0,24,1,11,Good
Brazil,Capinzal,1,11,0,25,Good
Brazil,Capivari,1,33,1,77,Moderate
Portugal,Carnaxide,1,41,1,20,Good
Venezuela (Bolivarian Republic of),Carrizal,1,34,1,59,Moderate
France,Carvin,1,38,1,49,Good
United States of America,Cary,1,30,3,55,Moderate
Spain,Castro Urdiales,1,41,0,18,Good
Italy,Cercola,1,72,1,56,Moderate
Trinidad and Tobago,Chaguanas,0,25,2,59,Moderate
Guatemala,Chajul,1,24,0,41,Good
India,Chakia,4,43,7,155,Unhealthy
India,Champdani,10,9,23,220,Very Unhealthy
France,Champigny Sur Marne,1,45,1,71,Moderate
Mexico,Chetumal,1,27,0,57,Moderate
India,Chhata,5,41,13,177,Unhealthy
Chile,Chimbarongo,4,2,4,94,Moderate
Zambia,Chinsali,0,24,0,30,Good
Japan,Chofu,2,25,19,84,Moderate
France,Cholet,1,38,0,23,Good
China,Choucheng,10,0,25,181,Unhealthy
Burundi,Cibitoke,1,28,0,68,Moderate
Indonesia,Ciledug,7,11,19,166,Unhealthy
Italy,Cinisello Balsamo,1,66,0,90,Moderate
Italy,Civitavecchia,1,74,0,27,Moderate
France,Clermont Ferrand,1,41,0,59,Moderate
Germany,Cleves,1,38,0,42,Good
United States of America,Clifton,1,46,2,52,Moderate
Ireland,Clonmel,1,39,0,57,Moderate
Kenya,Taveta,1,18,0,43,Good
Philippines,Tayug,1,29,1,89,Moderate
Romania,Tecuci,1,41,0,44,Good
United States of America,Tehachapi,1,34,4,30,Good
Guinea,Telimele,1,16,0,51,Moderate
Japan,Tendo,1,35,1,15,Good
Canada,Terrace,0,24,1,11,Good
Lesotho,Teyateyaneng,2,23,1,65,Moderate
South Africa,Thaba Nchu,2,17,3,90,Moderate
United States of America,The Woodlands,1,12,11,51,Moderate
Greece,Thermi,1,45,0,63,Moderate
Greece,Thessaloniki,1,47,1,63,Moderate
United States of America,Thousand Oaks,2,31,14,50,Good
Israel,Tirat Karmel,2,42,9,132,Unhealthy for Sensitive Groups
India,Tiruvannamalai,1,35,0,68,Moderate
Japan,Tokuyama,1,46,2,45,Good
Japan,Tomakomai,1,33,0,14,Good
Russian Federation,Uren,1,32,0,4,Good
Japan,Ushiku,1,39,2,38,Good
Russian Federation,Ust Dzheguta,1,45,0,15,Good
France,Valbonne,2,34,3,74,Moderate
Portugal,Valongo,1,15,6,38,Good
Romania,Vaslui,1,43,0,62,Moderate
Portugal,Vendas Novas,0,27,1,35,Good
Ecuador,Ventanas,2,5,8,75,Moderate
Haiti,Verrettes,2,18,4,131,Unhealthy for Sensitive Groups
South Sudan,Tonj,2,4,0,84,Moderate
United States of America,Topeka,1,33,4,67,Moderate
Russian Federation,Toropets,0,30,0,29,Good
Mexico,Tototlan,1,10,4,43,Good
Argentina,Trelew,0,18,0,2,Good
Brazil,Tres De Maio,1,11,2,32,Good
Russian Federation,Troitskiy,1,35,0,34,Good
United States of America,Trotwood,1,32,7,45,Good
Algeria,Tuggurt,1,47,0,164,Unhealthy
Trinidad and Tobago,Tunapuna,1,21,5,63,Moderate
Colombia,Tunja,1,5,3,25,Good
Colombia,Turbo,1,12,0,35,Good
Indonesia,Ubud,1,26,0,35,Good
India,Ujhani,1,51,2,396,Hazardous
Indonesia,Sunggal,2,41,0,76,Moderate
Tunisia,Susah,1,47,1,39,Good
Poland,Suwalki,1,37,0,47,Good
Ghana,Swedru,1,19,0,89,Moderate
Sudan,Tabat,1,28,0,89,Moderate
India,Tadepalle,1,40,0,135,Unhealthy for Sensitive Groups
China,Tahe,1,29,0,14,Good
India,Takhatpur,1,40,0,160,Unhealthy
India,Talcher,1,65,1,163,Unhealthy
United States of America,Tallmadge,1,33,8,50,Good
Japan,Tamana,2,26,8,63,Moderate
Brazil,Taquara,1,15,3,48,Good
Libya,Tarhunah,1,63,1,60,Moderate
Italy,Tarquinia,1,46,1,29,Good
Hungary,Tatabanya,1,27,2,55,Moderate
Brazil,Olinda,0,19,1,28,Good
Israel,Or Yehuda,2,42,9,117,Unhealthy for Sensitive Groups
Romania,Orastie,1,37,1,37,Good
Sweden,Orebro,1,32,0,11,Good
Greece,Orestias,1,42,0,29,Good
Czechia,Orlova,2,32,6,89,Moderate
Philippines,Ormoc,1,22,0,62,Moderate
United Kingdom of Great Britain and Northern Ireland,Ormskirk,1,35,3,20,Good
United States of America,Oro Valley,1,16,8,67,Moderate
Nigeria,Oron,5,19,4,108,Unhealthy for Sensitive Groups
Germany,Oschersleben,1,28,4,55,Moderate
Belgium,Ostend,1,39,2,30,Good
France,Outreau,1,41,1,26,Good
United States of America,Oviedo,1,12,15,59,Moderate
Canada,Owen Sound,1,36,3,36,Good
Australia,Pakenham,0,17,3,24,Good
France,Palaiseau,3,16,10,84,Moderate
India,Palwal,4,179,2,175,Unhealthy
Italy,Paola,1,48,1,64,Moderate
Argentina,Parana,0,13,2,15,Good
Brazil,Parintins,0,7,0,18,Good
South Africa,Parys,7,17,10,155,Unhealthy
Peru,Pativilca,1,21,1,36,Good
Brazil,Patos De Minas,1,5,2,42,Good
Hungary,Pecs,1,44,1,60,Moderate
Italy,Pedara,1,43,1,55,Moderate
United States of America,Pedley,3,4,23,99,Moderate
Brazil,Penalva,0,11,0,21,Good
United States of America,Peru,2,19,14,63,Moderate
India,Perundurai,1,30,0,41,Good
Iraq,Panjwin,1,55,0,47,Moderate
India,Pansemal,1,38,0,122,Unhealthy for Sensitive Groups
Colombia,Pereira,4,0,5,121,Unhealthy for Sensitive Groups
Germany,Pfullingen,1,37,2,58,Moderate
Czechia,Prachatice,1,35,1,68,Moderate
Indonesia,Praya,1,25,0,51,Moderate
Serbia,Priboj,1,32,0,59,Moderate
Russian Federation,Pridonskoy,1,36,0,35,Good
Republic of North Macedonia,Probistip,1,47,0,82,Moderate
Brazil,Promissao,1,9,1,17,Good
Poland,Przeworsk,1,39,1,74,Moderate
Spain,Puerto Del Rosario,0,25,0,9,Good
Peru,Puerto Maldonado,1,1,0,38,Good
Colombia,Puerto Santander,4,3,6,100,Unhealthy for Sensitive Groups
Bolivia (Plurinational State of),Punata,1,4,1,34,Good
Russian Federation,Pushkin,1,33,2,18,Good
Pakistan,Qadirpur Ran,3,152,1,161,Unhealthy
France,Quimper,1,42,2,48,Good
Colombia,Quinchia,3,1,6,87,Moderate
Mexico,Quiroga,1,11,4,49,Good
Greece,Rafina,1,41,6,93,Moderate
India,Rajnagar,3,124,0,158,Unhealthy
France,Pierrelatte,2,18,5,64,Moderate
Spain,Pilas,0,23,2,22,Good
China,Pingxiang,2,23,7,77,Moderate
United States of America,Placerville,2,20,10,70,Moderate
United States of America,Pleasant Prairie,1,14,17,55,Moderate
Brazil,Pombos,1,9,4,40,Good
Spain,Ponferrada,0,16,3,20,Good
Portugal,Ponte De Sor,0,27,1,21,Good
Italy,Porcia,1,29,3,71,Moderate
Italy,Olgiate Comasco,1,56,0,97,Moderate
Poland,Olkusz,1,45,0,64,Moderate
Switzerland,Olten,1,50,0,57,Moderate
United States of America,Opa Locka,1,30,2,31,Good
Russian Federation,Opochka,1,35,0,13,Good
Serbia,Orahovac,1,40,0,106,Unhealthy for Sensitive Groups
United States of America,Orangevale,1,25,7,53,Moderate
Russian Federation,Orekhovo Zuevo,1,39,2,28,Good
Canada,Oshawa,1,23,3,38,Good
France,Ostwald,1,61,0,69,Moderate
Burkina Faso,Ouahigouya,1,35,0,81,Moderate
Belgium,Oupeye,1,41,1,56,Moderate
United States of America,Pacific Grove,1,34,1,41,Good
Germany,Paderborn,1,44,0,51,Moderate
Philippines,Pagadian,1,18,1,44,Good
India,Palakollu,3,40,5,151,Unhealthy
Italy,Palermo,1,51,0,61,Moderate
Brazil,Palhoca,0,24,0,37,Good
India,Pali,1,26,2,173,Unhealthy
United States of America,Palisades Park,1,40,4,54,Moderate
Australia,Palmerston,9,2,17,264,Very Unhealthy
Bulgaria,Panagjuriste,1,47,0,56,Moderate
Panama,Panama,1,28,3,61,Moderate
India,Rampur Hat,4,28,14,151,Unhealthy
India,Rayadrug,1,26,2,52,Moderate
Russian Federation,Raychikhinsk,2,41,1,106,Unhealthy for Sensitive Groups
Zimbabwe,Redcliffe,0,25,0,18,Good
United States of America,Redlands,3,23,13,96,Moderate
Brazil,Remanso,0,20,0,28,Good
Belgium,Retie,1,39,1,48,Good
Germany,Rhede,1,39,1,44,Good
Brazil,Rio Negro,1,14,0,24,Good
Spain,Ripollet,1,55,1,52,Moderate
India,Robertsganj,3,66,4,169,Unhealthy
United States of America,Rochester Hills,1,32,1,47,Good
United States of America,Rock Hill,1,49,1,14,Good
Australia,Rockhampton,0,25,4,13,Good
China,Rongcheng,4,4,23,143,Unhealthy for Sensitive Groups
India,Madhogarh,4,95,5,172,Unhealthy
United States of America,Madison Heights,1,34,1,55,Moderate
India,Mahiari,10,3,24,198,Unhealthy
Niger,Maine Soroa,2,68,0,106,Unhealthy for Sensitive Groups
Philippines,Malabanban,1,27,6,72,Moderate
Nepal,Malangwa,3,43,3,111,Unhealthy for Sensitive Groups
Spain,Malgrat De Mar,1,45,1,37,Good
Brazil,Mamanguape,0,25,0,23,Good
Ghana,Mampong,1,25,0,39,Good
Guinea,Mandiana,1,21,0,42,Good
United Republic of Tanzania,Maposeni,0,19,0,28,Good
Portugal,Margaride,0,38,0,15,Good
Romania,Marghita,1,47,0,54,Moderate
Brazil,Codajas,1,4,0,36,Good
United Kingdom of Great Britain and Northern Ireland,Coleraine,1,29,2,31,Good
United States of America,Commerce,3,17,26,117,Unhealthy for Sensitive Groups
Peru,Contamana,1,5,0,26,Good
Italy,Conversano,1,58,0,59,Moderate
Brazil,Coracao De Jesus,0,23,0,16,Good
France,Coueron,1,40,0,21,Good
France,Courrieres,1,38,1,48,Good
Mexico,Cozumel,0,25,0,30,Good
Australia,Craigieburn,2,0,20,71,Moderate
United Kingdom of Great Britain and Northern Ireland,Crowthorne,1,33,1,34,Good
Brazil,Cruzeiro Do Sul,1,5,0,28,Good
Hungary,Csorna,1,68,0,61,Moderate
Indonesia,Curug,15,6,59,281,Very Unhealthy
Thailand,Phon,2,14,5,93,Moderate
Greece,Pilaia,1,59,0,65,Moderate
Philippines,Pili,1,20,1,72,Moderate
Pakistan,Pindi Bhattian,4,78,8,175,Unhealthy
Brazil,Piquete,1,20,0,52,Moderate
Guinea,Pita,1,19,0,90,Moderate
Mauritius,Plaine Magnien,1,27,0,55,Moderate
Germany,Plettenberg,1,45,0,54,Moderate
Romania,Ploiesti,1,44,0,59,Moderate
United States of America,Plover,1,29,0,54,Moderate
Russian Federation,Podolsk,1,32,7,39,Good
Greece,Polikhni,1,62,0,67,Moderate
United States of America,Port Saint John,1,91,1,29,Moderate
Finland,Porvoo,1,34,1,8,Good
Spain,Pozuelo De Alarcon,0,42,0,10,Good
Russian Federation,Prokopyevsk,1,26,6,41,Good
Serbia,Prokuplje,1,48,0,56,Moderate
Russian Federation,Promyshlennaya,1,23,2,38,Good
Greece,Ptolemais,1,38,1,116,Unhealthy for Sensitive Groups
Venezuela (Bolivarian Republic of),Punto Fijo,1,28,0,84,Moderate
Peru,Puquio,0,11,0,5,Good
Azerbaijan,Pushkino,1,46,0,82,Moderate
Ecuador,Puyo,1,3,0,48,Good
Myanmar,Pyay,1,18,0,31,Good
Portugal,Queluz,1,41,1,20,Good
Romania,Radauti,1,44,0,57,Moderate
India,Rahon,6,19,22,172,Unhealthy
India,Rajula,1,25,1,89,Moderate
Portugal,Ramada,1,42,1,17,Good
India,Ramanuj Ganj,3,43,3,172,Unhealthy
France,Roubaix,1,38,1,46,Good
United Kingdom,Runcorn,1,37,1,33,Good
Italy,Russi,1,67,0,68,Moderate
Burundi,Ruyigi,1,27,0,40,Good
Rwanda,Rwamagana,2,26,1,85,Moderate
Germany,Saarlouis,1,54,0,66,Moderate
Mexico,Sabinas,1,18,1,45,Good
India,Saharanpur,7,15,18,174,Unhealthy
India,Sahawar,4,29,31,164,Unhealthy
India,Saiha,1,10,1,33,Good
India,Sakleshpur,1,12,4,63,Moderate
Iran (Islamic Republic of),Salmas,1,41,0,82,Moderate
Italy,San Cesareo,1,63,0,48,Moderate
Italy,San Dona Di Piave,1,70,1,87,Moderate
Italy,San Gregorio Di Catania,1,44,0,96,Moderate
Mexico,San Juan De Los Lagos,1,29,0,59,Moderate
Colombia,San Juan De Uraba,1,21,0,28,Good
Mexico,San Julian,1,30,0,54,Moderate
El Salvador,San Martin,1,27,2,68,Moderate
Panama,San Miguelito,1,28,3,61,Moderate
Mexico,San Pablo De Las Salinas,2,38,5,211,Very Unhealthy
Germany,Sankt Augustin,1,48,0,54,Moderate
Germany,Sankt Georgen,1,51,0,62,Moderate
Spain,Sant Pere De Ribes,1,49,1,49,Good
Spain,Santa Marta De Tormes,0,38,0,11,Good
Spain,Santomera,1,38,0,38,Good
Brazil,Sao Francisco Do Conde,0,23,0,33,Good
Indonesia,Pandegelang,8,17,51,195,Unhealthy
Mexico,Papalotla,1,35,3,190,Unhealthy
Germany,Parchim,1,43,0,25,Good
France,Passy,1,39,0,64,Moderate
India,Penukonda,1,26,3,55,Moderate
Brazil,Pereira Barreto,1,24,0,55,Moderate
Philippines,Perrelos,1,29,2,61,Moderate
Belgium,Peruwelz,1,40,1,53,Moderate
Indonesia,Peterongan,3,11,9,158,Unhealthy
India,Petlawad,1,33,2,136,Unhealthy for Sensitive Groups
Brazil,Petropolis,1,26,2,66,Moderate
Germany,Pforzheim,1,60,0,65,Moderate
Thailand,Phanom Sarakham,3,1,13,108,Unhealthy for Sensitive Groups
Pakistan,Bahawalpur,2,126,0,189,Unhealthy
Turkmenistan,Baherden,1,41,0,142,Unhealthy for Sensitive Groups
United States of America,Bainbridge,2,25,4,59,Moderate
United States of America,Balch Springs,1,30,5,53,Moderate
Philippines,Baliuag,1,25,2,65,Moderate
Sweden,Balsta,1,29,0,10,Good
India,Bangaon,1,38,1,62,Moderate
Philippines,Bangar,1,30,0,19,Good
Indonesia,Bangkalan,2,79,1,154,Unhealthy
China,Baoji,1,34,3,156,Unhealthy
Bangladesh,Barisal,1,25,0,39,Good
Brazil,Barroquinha,0,13,0,25,Good
Russian Federation,Bisert,1,31,0,21,Good
Guinea-Bissau,Bissau,1,24,0,134,Unhealthy for Sensitive Groups
Italy,Bitetto,1,44,1,20,Good
United States of America,Black Forest,1,19,6,70,Moderate
Malawi,Blantyre,2,24,0,53,Moderate
Germany,Bohmte,2,27,8,68,Moderate
Ukraine,Bolekhiv,1,38,0,67,Moderate
India,Bongaigaon,2,47,0,68,Moderate
Colombia,Bosconia,2,9,4,75,Moderate
Italy,Boscoreale,2,52,11,71,Moderate
United States of America,Brainerd,1,28,1,34,Good
Germany,Brand Erbisdorf,1,39,2,66,Moderate
Belgium,Brecht,1,30,6,48,Good
Brazil,Brejo Santo,0,9,2,30,Good
Netherlands,Brielle,1,37,4,55,Moderate
South Africa,Brits,14,21,17,212,Very Unhealthy
Netherlands,Beek,1,28,6,61,Moderate
Belgium,Beernem,1,37,3,50,Good
United States of America,Bellview,2,37,8,52,Moderate
Germany,Belm,2,24,9,66,Moderate
Italy,Belpasso,1,45,0,55,Moderate
Germany,Bendorf,1,34,3,62,Moderate
Egypt,Beni Suef,2,106,3,108,Unhealthy for Sensitive Groups
Spain,Bermeo,1,18,4,51,Moderate
Italy,Besana In Brianza,1,35,3,66,Moderate
Guinea,Beyla,1,17,0,46,Good
France,Beziers,1,34,2,61,Moderate
India,Bhander,3,140,0,166,Unhealthy
India,Bhanpuri,1,65,0,168,Unhealthy
India,Bhattiprolu,1,43,0,58,Moderate
India,Bhimunipatnam,3,93,2,155,Unhealthy
India,Bicholim,1,32,0,41,Good
United Kingdom of Great Britain and Northern Ireland,Bideford,1,21,5,60,Moderate
Kingdom of Eswatini,Big Bend,9,11,6,169,Unhealthy
India,Bilara,1,32,0,183,Unhealthy
Turkey,Birecik,1,48,0,53,Moderate
Brazil,Artur Nogueira,2,3,5,68,Moderate
Tunisia,Aryanah,1,49,2,38,Good
Bulgaria,Asenovgrad,1,43,0,76,Moderate
United States of America,Ashland,2,36,7,76,Moderate
India,Asind,1,35,0,175,Unhealthy
India,Atrauli,4,159,2,165,Unhealthy
Germany,Augsburg,1,35,3,64,Moderate
Italy,Aulla,1,36,3,50,Good
United States of America,Azalea Park,1,10,15,58,Moderate
Spain,Azuqueca De Henares,1,26,2,59,Moderate
India,Baberu,4,173,1,171,Unhealthy
Philippines,Bacolod,1,19,0,38,Good
Austria,Bad Ischl,1,34,1,68,Moderate
United Republic of Tanzania,Bagamoyo,1,17,0,41,Good
Portugal,Baguim Do Monte,1,29,3,21,Good
China,Shenjiamen,1,44,1,79,Moderate
India,Shikarpur,3,152,1,163,Unhealthy
China,Shunyi,3,101,7,98,Unhealthy for Sensitive Groups
Pakistan,Sialkot,3,149,1,162,Unhealthy
United Kingdom of Great Britain and Northern Ireland,Sidmouth,1,27,5,59,Moderate
Malaysia,Simpang Empat,1,47,0,57,Moderate
Bahrain,Sitrah,1,94,2,159,Unhealthy
Ukraine,Snizhne,1,34,1,17,Good
Netherlands,Soest,1,26,5,30,Good
Brazil,Soledade,0,11,2,17,Good
Italy,Sondrio,1,21,2,55,Moderate
France,Sorgues,1,23,5,50,Good
United States of America,South Lake Tahoe,1,18,6,54,Moderate
United States of America,South Venice,1,14,12,45,Good
United States of America,South Whittier,4,3,35,129,Unhealthy for Sensitive Groups
Germany,Spiesen Elversberg,1,35,3,61,Moderate
Italy,Spilimbergo,1,37,2,63,Moderate
Slovakia,Spisska Nova Ves,1,42,0,65,Moderate
United Kingdom of Great Britain and Northern Ireland,Stretford,1,33,3,19,Good
United States of America,Struthers,2,31,13,83,Moderate
Bangladesh,Sunamganj,1,41,0,33,Good
Thailand,Sung Noen,0,24,0,35,Good
Malaysia,Sungai Siput Utara,1,42,1,57,Moderate
United States of America,Sycamore,1,23,9,56,Moderate
China,Tailai,2,65,0,49,Moderate
Japan,Takanabe,0,29,1,24,Good
Japan,Takasaki,1,63,1,67,Moderate
Pakistan,Talagang,3,123,0,173,Unhealthy
Pakistan,Talhar,1,39,0,152,Unhealthy
Niger,Tanout,1,27,1,106,Unhealthy for Sensitive Groups
India,Taoru,4,175,2,176,Unhealthy
India,Taranagar,2,100,0,233,Very Unhealthy
Romania,Targu Jiu,1,37,1,42,Good
Bolivia (Plurinational State of),Tarija,0,1,1,15,Good
Japan,Tateyama,1,44,1,43,Good
Thailand,Khon Buri,0,28,0,52,Moderate
Georgia,Khoni,1,31,0,23,Good
India,Khurja,3,146,2,254,Very Unhealthy
Republic of North Macedonia,Kicevo,1,41,0,63,Moderate
Germany,Kirkel,1,29,3,51,Moderate
Japan,Kisai,1,42,3,38,Good
Hungary,Kiskunmajsa,1,40,1,71,Moderate
Germany,Kitzingen,1,34,2,51,Moderate
Japan,Kizukuri,1,36,1,18,Good
South Africa,Klerksdorp,9,18,12,172,Unhealthy
Thailand,Ko Samui,1,24,0,45,Good
India,Kochi,1,25,1,84,Moderate
Belgium,Koksijde,1,33,2,41,Good
Hungary,Komlo,1,40,1,62,Moderate
South Africa,Koster,5,19,4,142,Unhealthy for Sensitive Groups
Cameroon,Kousseri,2,21,1,67,Moderate
Indonesia,Kudus,2,67,1,69,Moderate
Serbia,Kula,1,40,1,69,Moderate
India,Kurali,2,143,1,115,Unhealthy for Sensitive Groups
Japan,Kuroishi,1,34,1,19,Good
Lithuania,Kursenai,0,32,0,40,Good
Finland,Kuusamo,1,24,0,3,Good
France,La Courneuve,1,19,6,61,Moderate
United States of America,La Crosse,1,38,2,47,Good
Argentina,La Plata,1,12,8,43,Good
United States of America,La Vergne,1,27,5,71,Moderate
Nigeria,Lafia,4,20,1,117,Unhealthy for Sensitive Groups
Brazil,Lagoa Do Itaenga,1,13,5,53,Moderate
Chad,Lai,2,9,0,57,Moderate
India,Lakheri,1,43,0,179,Unhealthy
Bangladesh,Lakshmipur,2,43,1,95,Moderate
Argentina,Lambare,2,4,4,94,Moderate
United States of America,Lancaster,1,41,3,32,Good
United States of America,Laurinburg,1,42,2,27,Good
Germany,Lauterbach,1,24,3,50,Good
France,Le Portel,1,35,1,50,Good
Poland,Lebork,0,34,0,25,Good
Portugal,Leiria,0,33,1,23,Good
Italy,Lendinara,1,36,5,98,Moderate
Russian Federation,Lensk,2,51,0,74,Moderate
Lithuania,Lentvaris,0,34,0,33,Good
Russian Federation,Lesosibirsk,1,29,0,16,Good
China,Liaoyang,3,127,3,114,Unhealthy for Sensitive Groups
Poland,Limanowa,1,32,2,99,Moderate
Brazil,Limoeiro Do Norte,0,17,0,22,Good
Guyana,Linden,1,16,0,34,Good
China,Linfen,2,156,2,84,Unhealthy
Brazil,Linhares,1,19,1,37,Good
Russian Federation,Lipetsk,1,34,1,25,Good
Australia,Lismore,0,31,2,16,Good
United States of America,Live Oak,1,18,2,30,Good
United States of America,Loma Linda,2,6,22,77,Moderate
Italy,Lonato,2,33,5,125,Unhealthy for Sensitive Groups
United Kingdom of Great Britain and Northern Ireland,Londonderry,0,30,0,11,Good
Italy,Loreto,2,36,10,57,Moderate
United States of America,Lorton,1,28,9,47,Good
United States of America,Los Altos,1,12,18,65,Moderate
South Africa,Louis Trichardt,1,23,1,33,Good
Germany,Ludenscheid,1,28,2,50,Good
United States of America,Lyndon,1,38,9,53,Moderate
Russian Federation,Lysogorskaya,1,37,1,50,Good
Russian Federation,Lytkarino,1,22,13,56,Moderate
India,Madikeri,0,21,0,51,Moderate
India,Madurai,1,34,0,63,Moderate
India,Maheshwar,1,34,0,152,Unhealthy
France,Maisons Laffitte,1,20,6,61,Moderate
Indonesia,Majalengka,1,31,1,50,Good
Guatemala,Malacatan,3,12,10,102,Unhealthy for Sensitive Groups
Russian Federation,Malakhovka,1,21,13,56,Moderate
United Republic of Tanzania,Malampaka,0,15,0,26,Good
Germany,Malente,0,33,0,32,Good
Philippines,Malolos,1,24,1,63,Moderate
Norway,Mandal,1,32,1,16,Good
Italy,Manduria,1,49,3,22,Good
Brazil,Maracas,0,6,1,21,Good
Russian Federation,Dankov,0,28,0,60,Moderate
Russian Federation,Davydovo,1,31,0,26,Good
Poland,Debica,1,21,4,64,Moderate
Russian Federation,Dedovsk,1,28,6,53,Moderate
United States of America,Defiance,1,22,7,52,Moderate
India,Delhi,1,44,2,446,Hazardous
Belgium,Destelbergen,1,24,4,39,Good
India,Dhandhuka,1,39,0,159,Unhealthy
United States of America,Diamond Bar,4,3,30,138,Unhealthy for Sensitive Groups
India,Diglur,1,36,0,126,Unhealthy for Sensitive Groups
Belgium,Diksmuide,1,26,2,40,Good
Russian Federation,Dimitrovgrad,0,30,0,31,Good
Pakistan,Dina,1,80,1,164,Unhealthy
Indonesia,Diwek,3,126,2,154,Unhealthy
India,Doda,1,73,0,68,Moderate
Spain,Don Benito,1,28,2,34,Good
Netherlands,Dongen,1,29,4,40,Good
China,Dongfeng,3,39,2,73,Moderate
United States of America,Douglas,2,14,7,77,Moderate
Indonesia,Dukuhturi,1,39,0,77,Moderate
United States of America,Dundalk,1,43,5,57,Moderate
Ghana,Dunkwa,1,17,0,82,Moderate
United States of America,Durango,133,0,53,500,Hazardous
United Kingdom of Great Britain and Northern Ireland,Durham,0,31,1,56,Moderate
Tajikistan,Dushanbe,1,40,0,81,Moderate
Germany,Edemissen,1,37,1,22,Good
United States of America,Edmond,1,25,4,54,Moderate
United States of America,Edmonds,1,26,6,39,Good
Brazil,Eirunepe,1,2,0,13,Good
Mexico,El Colomo,1,16,1,27,Good
United States of America,Elizabethton,1,25,6,57,Moderate
Germany,Elsdorf,1,32,3,33,Good
Denmark,Frederikshavn,0,37,1,44,Good
Germany,Freudenstadt,0,32,1,28,Good
Japan,Fuji,1,43,1,32,Good
Japan,Fujiidera,1,40,3,41,Good
Japan,Fukuma,1,48,2,44,Good
China,Fushun,3,35,8,82,Moderate
United States of America,Gaithersburg,1,44,5,51,Moderate
Colombia,Galapa,2,10,6,149,Unhealthy for Sensitive Groups
Italy,Galatina,1,61,1,42,Moderate
Italy,Galliate,1,35,2,20,Good
India,Garhakota,1,41,0,156,Unhealthy
India,Garwa,1,49,0,197,Unhealthy
Indonesia,Gedangan,2,54,2,153,Unhealthy
Australia,Geelong,0,25,1,33,Good
China,Gejiu,1,18,2,36,Good
Germany,Gerlingen,0,31,1,26,Good
United States of America,Gilbert,1,9,18,55,Moderate
Portugal,Entroncamento,0,27,1,35,Good
Turkey,Esenyurt,1,37,1,35,Good
Cuba,Esmeralda,1,26,1,95,Moderate
Brazil,Espera Feliz,1,10,1,30,Good
United States of America,Fairfield,1,28,8,42,Good
Belgium,Farciennes,1,29,2,34,Good
United States of America,Fargo,1,41,2,39,Good
India,Fatehgarh Churian,3,169,1,248,Very Unhealthy
Pakistan,Fazalpur,3,173,1,199,Unhealthy
Brazil,Fernandopolis,1,10,1,59,Moderate
France,Florange,1,27,2,28,Good
Colombia,Florida,1,6,3,51,Moderate
United States of America,Forest Hill,1,20,5,54,Moderate
Nigeria,Emure,2,23,1,75,Moderate
Czechia,Marianske Lazne,1,36,2,49,Good
Italy,Matelica,1,43,3,42,Good
Brazil,Mateus Leme,4,0,11,124,Unhealthy for Sensitive Groups
Brazil,Matipo,1,13,1,38,Good
United Republic of Tanzania,Matiri,0,14,0,20,Good
Portugal,Matosinhos,0,29,2,20,Good
Brazil,Maua,4,3,16,147,Unhealthy for Sensitive Groups
Lithuania,Mazeikiai,0,32,0,29,Good
Cameroon,Mbouda,4,12,2,110,Unhealthy for Sensitive Groups
Germany,Meckenheim,1,22,4,49,Good
Iran (Islamic Republic of),Mehran,1,48,0,105,Unhealthy for Sensitive Groups
Cameroon,Meiganga,2,10,0,84,Moderate
Mexico,Melchor Ocampo,4,12,16,183,Unhealthy
Netherlands,Meppel,0,34,1,34,Good
United States of America,Merced,1,30,5,43,Good
United States of America,Miami Beach,1,16,10,62,Moderate
Russian Federation,Miass,1,36,0,35,Good
United States of America,Middlesex,2,15,20,64,Moderate
Russian Federation,Mikhaylovskoye,1,36,0,34,Good
United States of America,Millbury,1,28,4,25,Good
Turkey,Mimarsinan,1,44,0,22,Good
Japan,Minakuchi,1,43,0,12,Good
United States of America,Mineral Wells,1,27,1,59,Moderate
China,Mingguang,3,169,3,104,Unhealthy
United Republic of Tanzania,Mingoyo,0,20,0,27,Good
United States of America,Missouri City,1,18,4,35,Good
Pakistan,Mitha Tiwana,2,106,0,157,Unhealthy
Mexico,Mixquiahuala,1,24,4,81,Moderate
Indonesia,Mlati,1,28,0,49,Good
Brazil,Moji Mirim,2,9,4,67,Moderate
Guatemala,Momostenango,2,10,8,81,Moderate
Brazil,Montanha,0,17,0,21,Good
Brazil,Monte Aprazivel,1,11,1,34,Good
Italy,Montecchio Maggiore,2,31,5,116,Unhealthy for Sensitive Groups
France,Montlucon,0,37,0,23,Good
United Kingdom of Great Britain and Northern Ireland,Morecambe,1,30,2,27,Good
Mexico,Morelia,1,6,4,52,Moderate
United Republic of Tanzania,Mpwapwa,0,15,0,23,Good
United Republic of Tanzania,Mtama,0,20,0,37,Good
Italy,Mugnano Di Napoli,2,34,7,38,Good
India,Murbad,1,27,1,134,Unhealthy for Sensitive Groups
Germany,Murrhardt,1,28,3,57,Moderate
United States of America,Muscatine,1,30,5,40,Good
United Kingdom of Great Britain and Northern Ireland,Musselburgh,1,18,7,30,Good
India,Muzaffarpur,4,128,1,159,Unhealthy
Zambia,Mwinilunga,1,22,0,57,Moderate
Malawi,Mzimba,0,17,0,37,Good
India,Nadiad,1,37,0,156,Unhealthy
Thailand,Nakhon Luang,0,29,0,48,Good
India,Nakodar,2,142,1,139,Unhealthy for Sensitive Groups
United Republic of Tanzania,Namanga,1,13,0,42,Good
Cameroon,Nanga Eboko,2,22,0,67,Moderate
Greece,Naousa,1,40,4,70,Moderate
India,Naraura,3,163,2,177,Unhealthy
Bangladesh,Narayanganj,3,44,3,74,Moderate
Finland,Nastola,0,29,1,5,Good
India,Naugachhia,2,72,1,76,Moderate
Germany,Neubiberg,1,38,1,65,Moderate
Argentina,Neuquen,0,16,1,4,Good
United States of America,New Kensington,1,43,4,38,Good
United States of America,Newport News,1,44,1,43,Good
Russian Federation,Neya,1,29,1,52,Moderate
India,Nilagiri,2,55,1,160,Unhealthy
Italy,Niscemi,2,30,5,57,Moderate
Russian Federation,Nizhnekamsk,1,36,1,34,Good
Russian Federation,Nizhneye Kazanishche,1,34,0,47,Good
Italy,Noale,2,30,6,88,Moderate
Mexico,Nochistlan,1,12,2,43,Good
France,Nogent Le Rotrou,1,22,2,28,Good
India,Nohar,1,41,0,500,Hazardous
Russian Federation,Svobodnyy,1,29,0,32,Good
United States of America,Sylvania,2,22,11,63,Moderate
China,Taizhou,5,206,4,150,Very Unhealthy
Japan,Takatsuki,1,46,0,23,Good
Philippines,Talisay,1,23,0,52,Moderate
Viet Nam,Tam Ky,1,37,0,57,Moderate
Germany,Tamm,1,24,3,35,Good
China,Tangshan,5,200,4,155,Unhealthy
Brazil,Taquaritinga Do Norte,0,17,1,37,Good
Russian Federation,Tayshet,1,35,0,32,Good
Kazakhstan,Temirtau,1,33,0,38,Good
Russian Federation,Temryuk,1,43,2,39,Good
India,Teonthar,1,44,0,217,Very Unhealthy
Mexico,Tepatepec,2,15,5,93,Moderate
Mexico,Tepic,1,10,3,54,Moderate
Ukraine,Tetiyiv,1,37,1,83,Moderate
India,Thakurganj,2,46,1,79,Moderate
India,Thana,2,25,2,154,Unhealthy
China,Tianpeng,7,104,13,178,Unhealthy
United States of America,Tigard,1,21,10,47,Good
Cameroon,Tiko,4,10,2,110,Unhealthy for Sensitive Groups
Niger,Tillabery,2,21,2,62,Moderate
United States of America,Timberlake,2,13,9,59,Moderate
Mexico,Tlalcilalcalpan,2,9,10,72,Moderate
Brazil,Tocantinopolis,1,7,1,38,Good
Honduras,Tocoa,1,5,1,53,Moderate
Panama,Tocumen,2,15,10,87,Moderate
China,Tongchuan,5,163,4,136,Unhealthy
China,Tounan,4,203,6,156,Very Unhealthy
Japan,Toyohashi,1,48,1,24,Good
Uruguay,Treinta Y Tres,0,24,0,8,Good
Argentina,Tres Arroyos,0,26,0,12,Good
Cuba,Trinidad,1,23,1,49,Good
Mauritius,Triolet,0,29,0,28,Good
United States of America,Troy,1,38,4,50,Good
Russian Federation,Trudovoye,1,36,0,38,Good
Libya,Tubruq,1,44,0,25,Good
Pakistan,Turbat,1,50,0,147,Unhealthy for Sensitive Groups
Mexico,Tuxpan,1,6,4,32,Good
India,Ujjain,1,36,0,156,Unhealthy
Russian Federation,Ulyanovsk,1,34,1,6,Good
Republic of Moldova,Ungheni,1,46,0,64,Moderate
Czechia,Unicov,1,22,4,51,Moderate
Brazil,Uruana,1,3,4,44,Good
Switzerland,Uster,1,24,2,36,Good
United States of America,Utica,1,43,2,36,Good
Thailand,Uttaradit,0,22,0,66,Moderate
Turkey,Uzumlu,0,34,0,62,Moderate
India,Vaijapur,1,34,0,128,Unhealthy for Sensitive Groups
France,Vallauris,2,19,8,58,Moderate
Brazil,Varginha,2,1,5,59,Moderate
Brazil,Varzea Grande,1,11,1,39,Good
Germany,Velbert,0,26,2,28,Good
India,Velluru,1,31,0,75,Moderate
India,Venkatagiri,0,26,0,68,Moderate
Russian Federation,Verkhnyaya Tura,1,34,0,27,Good
France,Verneuil Sur Seine,0,28,2,31,Good
South Africa,Welkom,7,6,9,153,Unhealthy
Brazil,Wenceslau Braz,0,13,0,15,Good
Germany,Wiesbaden,0,30,1,26,Good
United States of America,Winchendon,1,43,2,45,Good
United Kingdom of Great Britain and Northern Ireland,Winchester,1,15,10,34,Good
United States of America,Winona,1,42,2,36,Good
United States of America,Winter Springs,1,22,13,52,Moderate
Poland,Wlodawa,1,25,2,32,Good
Poland,Wodzislaw Slaski,4,9,15,115,Unhealthy for Sensitive Groups
Germany,Wolfsburg,0,30,2,46,Good
Poland,Wolomin,1,36,1,26,Good
China,Wuhan,6,175,6,157,Unhealthy
Azerbaijan,Xanlar,1,30,0,63,Moderate
Brazil,Xanxere,0,16,0,14,Good
China,Xiamen,3,93,6,122,Unhealthy for Sensitive Groups
China,Xiantao,4,133,4,122,Unhealthy for Sensitive Groups
China,Xiongzhou,3,46,2,95,Moderate
China,Yanliang,4,203,6,139,Very Unhealthy
Thailand,Yasothon,0,31,0,58,Moderate
Russian Federation,Yegorlykskaya,1,39,0,21,Good
India,Yellandu,1,36,0,124,Unhealthy for Sensitive Groups
Ghana,Yendi,2,9,1,50,Good
Armenia,Yerevan,1,37,0,52,Moderate
China,Yishui,2,155,1,83,Unhealthy
Chile,Yumbel,1,16,4,45,Good
Russian Federation,Zaprudnya,1,30,0,18,Good
Germany,Zella Mehlis,0,27,2,28,Good
China,Zhaoyang,4,198,5,128,Unhealthy
China,Zhenjiang,5,181,11,151,Unhealthy
Poland,Zlocieniec,1,29,1,33,Good
Austria,Zwettl,1,31,2,58,Moderate
Portugal,Vila Nova De Gaia,1,24,4,36,Good
Guatemala,Villa Nueva,3,8,10,79,Moderate
Mexico,Villa Union,2,8,3,105,Unhealthy for Sensitive Groups
France,Villefranche Sur Saone,1,27,1,42,Good
Russian Federation,Vorsma,1,34,1,47,Good
Bulgaria,Vraca,1,41,2,82,Moderate
South Africa,Vredefort,22,10,15,198,Unhealthy
Russian Federation,Vyatskiye Polyany,1,29,1,12,Good
Thailand,Wang Noi,1,30,1,60,Moderate
United States of America,Wareham,1,36,3,36,Good
Georgia,Marneuli,1,35,0,54,Moderate
Myanmar,Martaban,0,21,0,52,Moderate
Iran (Islamic Republic of),Marv Dasht,1,57,0,93,Moderate
United States of America,Massillon,1,31,8,51,Moderate
United States of America,Maumee,1,23,9,50,Good
India,Mavelikara,1,28,0,62,Moderate
Spain,Medina Del Campo,0,26,2,25,Good
Pakistan,Mehar,1,49,0,160,Unhealthy
Belgium,Menen,1,26,3,38,Good
United States of America,Menlo Park,1,22,10,55,Moderate
United States of America,Meriden,1,46,4,56,Moderate
Germany,Miesbach,0,28,1,32,Good
Poland,Milicz,1,31,1,34,Good
Ethiopia,Mizan Teferi,1,11,0,67,Moderate
Norway,Mo I Rana,0,25,0,9,Good
Romania,Moinesti,1,42,0,62,Moderate
New Caledonia,Mont Dore,0,28,0,6,Good
Czechia,Moravska Trebova,0,30,1,28,Good
Brazil,Moreno,1,14,4,51,Moderate
Brazil,Morro Agudo,1,5,3,63,Moderate
Germany,Morsbach,1,35,1,27,Good
United States of America,Mount Clemens,1,31,7,46,Good
Brazil,Mozarlandia,1,9,0,19,Good
United Republic of Tanzania,Msowero,1,15,0,38,Good
China,Mudanjiang,1,38,0,25,Good
Zimbabwe,Mutoko,2,13,0,52,Moderate
Netherlands,Naaldwijk,1,27,4,38,Good
Zambia,Nakambala,1,20,0,36,Good
Thailand,Nam Som,0,22,0,44,Good
Japan,Nanao,1,39,0,19,Good
United Kingdom of Great Britain and Northern Ireland,Frome,1,21,4,46,Good
Romania,Galati,1,38,0,39,Good
Italy,Galatone,1,55,2,18,Moderate
United States of America,Galesburg,1,30,5,41,Good
Philippines,General Emilio Aguinaldo,0,24,0,48,Good
Italy,Genzano Di Roma,1,41,3,22,Good
United States of America,Eugene,1,27,4,32,Good
Philippines,Eustaquio Lopez,1,18,0,62,Moderate
United States of America,Evergreen Park,2,30,13,58,Moderate
Germany,Falkensee,0,33,1,37,Good
United States of America,Farmington,1,38,3,44,Good
Brazil,Farroupilha,1,16,2,30,Good
India,Fatwa,4,155,1,176,Unhealthy
India,Feroke,0,24,0,70,Moderate
Albania,Fier,1,40,2,52,Moderate
United Kingdom of Great Britain and Northern Ireland,Fleet,1,27,6,52,Moderate
United States of America,Floral Park,2,17,20,66,Moderate
Italy,Formigine,1,30,5,63,Moderate
India,Arumbavur,1,39,1,72,Moderate
Germany,Asperg,1,28,2,27,Good
Japan,Atami,1,42,1,36,Good
United States of America,Atchison,2,27,8,60,Moderate
United Kingdom of Great Britain and Northern Ireland,Atherton,0,30,1,48,Good
United States of America,Attleboro,1,44,5,68,Moderate
Belgium,Aubange,1,28,3,30,Good
Jordan,Aydun,1,62,2,88,Moderate
Malaysia,Ayer Itam,1,47,0,54,Moderate
Greece,Ayia Paraskevi,1,42,4,66,Moderate
Russian Federation,Babayurt,1,41,0,53,Moderate
Germany,Bad Freienwalde,1,36,1,25,Good
Germany,Bad Salzungen,1,34,2,33,Good
Germany,Baden Baden,0,34,1,27,Good
Philippines,Bagabag,1,24,0,46,Good
Afghanistan,Baglan,1,44,0,72,Moderate
India,Bagra,1,78,1,184,Unhealthy
India,Baihar,0,38,0,152,Unhealthy
Russian Federation,Balakovo,1,35,0,65,Moderate
Senegal,Bambey,2,25,3,159,Unhealthy
Thailand,Ban Phaeo,0,21,0,54,Moderate
Thailand,Bang Bo,1,24,1,67,Moderate
India,Banga,2,150,1,324,Hazardous
Central African Republic,Bangassou,2,8,0,62,Moderate
India,Bar Bigha,2,99,1,283,Very Unhealthy
Russian Federation,Barabinsk,1,39,0,35,Good
Italy,Bareggio,1,34,2,20,Good
South Africa,Barkly West,0,21,0,29,Good
Brazil,Barra De Sao Francisco,1,4,2,30,Good
Brazil,Barras,1,5,2,36,Good
Guyana,Bartica,1,12,0,60,Moderate
United States of America,Bartow,1,10,15,51,Moderate
Germany,Bassum,1,35,2,25,Good
Equatorial Guinea,Bata,1,26,0,60,Moderate
Malaysia,Batu Arang,1,41,1,58,Moderate
Iraq,Bayji,1,82,0,100,Unhealthy for Sensitive Groups
United Kingdom of Great Britain and Northern Ireland,Bearsden,0,31,0,61,Moderate
United Kingdom of Great Britain and Northern Ireland,Bedworth,0,29,2,22,Good
India,Begun,0,42,0,156,Unhealthy
Serbia,Bela Crkva,1,39,1,47,Good
United States of America,Bell,4,6,36,119,Unhealthy for Sensitive Groups
Colombia,Bello,3,2,8,106,Unhealthy for Sensitive Groups
Australia,Bendigo,0,23,0,23,Good
Spain,Benidorm,1,37,1,25,Good
South Africa,Benoni,15,20,12,123,Unhealthy for Sensitive Groups
Brazil,Bento Goncalves,1,12,3,41,Good
Netherlands,Bergen,1,28,4,39,Good
France,Bergerac,1,34,1,42,Good
India,Bettiah,4,166,1,265,Very Unhealthy
Pakistan,Bhan,1,40,0,161,Unhealthy
Bangladesh,Bhandaria,1,45,1,156,Unhealthy
India,Bhasawar,1,43,0,194,Unhealthy
India,Bhor,0,23,0,111,Unhealthy for Sensitive Groups
India,Bhuban,1,92,2,162,Unhealthy
Poland,Bialogard,0,33,0,26,Good
France,Biarritz,0,40,0,23,Good
India,Bid,1,35,0,151,Unhealthy
Iran (Islamic Republic of),Bijar,1,46,0,88,Moderate
India,Bilimora,0,21,0,136,Unhealthy for Sensitive Groups
Turkey,Bingol,1,44,0,79,Moderate
China,Changying,2,153,2,100,Unhealthy
France,Charleville Mezieres,1,27,2,32,Good
India,Chhachhrauli,1,82,1,461,Hazardous
Pakistan,Chiniot,2,112,1,275,Very Unhealthy
Zimbabwe,Chiredzi,1,18,0,36,Good
Romania,Chitila,1,41,1,33,Good
India,Chodavaram,1,47,0,153,Unhealthy
Mozambique,Chokwe,0,19,0,18,Good
Honduras,Choluteca,3,3,11,83,Moderate
India,Chopan,1,47,0,201,Very Unhealthy
India,Chunar,1,49,1,245,Very Unhealthy
Poland,Ciechanow,1,37,0,21,Good
Belgium,Ciney,1,23,5,43,Good
United States of America,Circleville,1,35,6,41,Good
Bulgaria,Cirpan,1,39,1,51,Moderate
Spain,Ciudad Real,0,30,1,29,Good
South Africa,Clocolan,5,14,3,103,Unhealthy for Sensitive Groups
India,Birmitrapur,1,109,1,165,Unhealthy
India,Birpur,3,100,0,204,Very Unhealthy
Ukraine,Bobrovytsya,1,31,0,56,Moderate
Germany,Bogen,0,29,1,24,Good
Russian Federation,Bogotol,1,43,0,50,Good
Czechia,Bohumin,1,26,2,46,Good
Chad,Bokoro,2,11,0,46,Good
Brazil,Bom Jesus,0,11,0,24,Good
India,Bombay,2,25,1,155,Unhealthy
Belgium,Borsbeek,1,28,4,38,Good
Philippines,Botolan,0,25,0,70,Moderate
Portugal,Bougado,1,23,4,36,Good
Germany,Bramsche,1,29,3,31,Good
Germany,Bruchsal,0,35,1,26,Good
Brazil,Brumadinho,5,0,8,128,Unhealthy for Sensitive Groups
Colombia,Bugalagrande,2,4,4,61,Moderate
United Republic of Tanzania,Bugene,2,17,0,52,Moderate
Russian Federation,Buinsk,1,29,0,18,Good
Democratic Republic of the Congo,Bukama,1,23,0,58,Moderate
Germany,Burladingen,0,30,1,29,Good
United States of America,Burr Ridge,2,11,27,78,Moderate
United Republic of Tanzania,Buseresere,1,14,0,45,Good
Philippines,Butuan,1,19,0,54,Moderate
Philippines,Calatagan,0,23,0,50,Good
Mexico,Calimaya,1,7,9,70,Moderate
Brazil,Cambara,1,11,1,41,Good
Italy,Cameri,1,35,1,19,Good
Brazil,Campina Verde,1,6,1,37,Good
Ghana,Cape Coast,1,21,0,81,Moderate
Chile,Carahue,1,7,7,47,Good
Italy,Carrara,1,39,1,58,Moderate
Italy,Castel San Pietro Terme,1,36,2,54,Moderate
Ecuador,Catacocha,1,4,3,45,Good
Italy,Cavarzere,1,32,4,50,Good
Italy,Cefalu,1,43,0,50,Good
Germany,Celle,1,37,1,23,Good
Mexico,Coalcoman,1,4,3,37,Good
Argentina,Comodoro Rivadavia,0,11,1,4,Good
Mexico,Comonfort,1,15,4,45,Good
United States of America,Coral Hills,1,41,5,60,Moderate
United States of America,Coralville,2,7,17,66,Moderate
Spain,Coria,1,27,2,37,Good
Peru,Corrales,0,6,1,14,Good
Mexico,Cortazar,1,12,4,50,Good
Netherlands,Cranendonck,1,32,3,37,Good
Cuba,Cumanayagua,1,21,2,86,Moderate
Poland,Czluchow,0,34,0,28,Good
Viet Nam,Da Lat,0,19,0,44,Good
China,Dafeng,3,127,3,116,Unhealthy for Sensitive Groups
Spain,A Coruna,0,27,1,20,Good
Belgium,Aalter,1,25,3,36,Good
Iran (Islamic Republic of),Abdanan,1,45,0,112,Unhealthy for Sensitive Groups
Russian Federation,Abinsk,1,43,1,16,Good
Iran (Islamic Republic of),Abyek,2,133,2,123,Unhealthy for Sensitive Groups
Turkey,Adana,1,41,0,55,Moderate
El Salvador,Aguilares,5,0,13,146,Unhealthy for Sensitive Groups
Armenia,Alaverdi,1,31,0,53,Moderate
Brazil,Alegrete,0,12,1,27,Good
United States of America,Aloha,1,19,9,33,Good
China,Altay,0,37,0,53,Moderate
United States of America,Altoona,1,38,3,40,Good
United States of America,Altus,1,24,2,48,Good
France,Amboise,1,24,2,40,Good
France,Amiens,1,20,3,40,Good
Mexico,Amozoc,4,1,9,164,Unhealthy
India,Amreli,0,31,0,154,Unhealthy
Belgium,Andenne,1,30,3,35,Good
Thailand,Ang Thong,0,23,0,47,Good
Côte d'Ivoire,Anyama,3,16,3,138,Unhealthy for Sensitive Groups
Thailand,Ao Luk,0,19,0,33,Good
Spain,Aranda De Duero,0,24,1,26,Good
Trinidad and Tobago,Arima,1,22,5,63,Moderate
United States of America,Sherman,1,23,5,53,Moderate
China,Shishou,3,152,2,91,Unhealthy
Pakistan,Shorkot,2,151,1,208,Very Unhealthy
India,Sijua,1,78,1,185,Unhealthy
Denmark,Silkeborg,0,31,2,40,Good
India,Silvassa,0,23,0,134,Unhealthy for Sensitive Groups
Indonesia,Sindang,1,41,0,69,Moderate
Côte d'Ivoire,Sinfra,1,17,0,48,Good
Belgium,Sint Pieters Leeuw,1,24,4,41,Good
India,Sisauli,1,47,1,500,Hazardous
Cambodia,Sisophon,0,25,0,39,Good
Denmark,Skanderborg,0,33,1,36,Good
Ukraine,Smila,1,43,0,51,Moderate
Colombia,Socorro,2,3,4,56,Moderate
Spain,Socuellamos,1,28,1,25,Good
Czechia,Sokolov,0,32,1,25,Good
Turkey,Soma,1,49,1,30,Good
China,Songling,3,97,7,140,Unhealthy for Sensitive Groups
Togo,Sotouboua,1,19,0,77,Moderate
United States of America,South Valley,1,28,4,73,Moderate
United States of America,Southern Pines,1,33,3,61,Moderate
United States of America,Spartanburg,2,23,9,69,Moderate
United Kingdom of Great Britain and Northern Ireland,Stevenage,0,27,2,26,Good
Austria,Stockerau,1,30,1,38,Good
Russian Federation,Strunino,1,31,0,29,Good
Ukraine,Stryy,1,30,1,55,Moderate
Germany,Sulz,0,31,1,27,Good
Ecuador,Rosa Zarate,1,14,2,46,Good
Russian Federation,Roslavl,1,23,2,65,Moderate
France,Royan,0,38,0,19,Good
Germany,Rudersberg,1,29,2,27,Good
Brazil,Russas,0,14,1,28,Good
Romania,Sabaoani,1,45,0,68,Moderate
Mexico,Sahuayo,1,8,3,39,Good
United States of America,Saint Joseph,1,29,7,51,Moderate
France,Saint Genis Laval,1,32,1,38,Good
France,Sainte Anne,0,25,0,99,Moderate
Azerbaijan,Salyan,1,40,0,65,Moderate
Ukraine,Sambir,1,31,1,54,Moderate
Spain,San Andres Del Rabanedo,0,25,3,34,Good
Guatemala,San Juan Chamelco,2,11,5,65,Moderate
Peru,San Vicente De Canete,0,20,1,25,Good
Sweden,Sandviken,0,35,0,22,Good
United States of America,Sanger,2,10,15,56,Moderate
Spain,Sanlucar De Barrameda,1,27,4,53,Moderate
Brazil,Santa Fe Do Sul,1,13,0,55,Moderate
United States of America,Santa Fe Springs,4,5,34,136,Unhealthy for Sensitive Groups
Brazil,Santa Gertrudes,2,3,6,71,Moderate
El Salvador,Santiago De Maria,3,6,14,98,Moderate
Portugal,Sao Joao Da Talha,0,30,2,43,Good
Brazil,Sao Joao Del Rei,2,1,4,55,Moderate
Brazil,Sao Jose Do Belmonte,0,12,1,23,Good
Brazil,Sao Lourenco Do Oeste,0,14,1,22,Good
Brazil,Sao Mateus Do Maranhao,1,8,0,24,Good
Brazil,Sapucaia,4,7,11,103,Unhealthy for Sensitive Groups
United States of America,Saraland,1,20,5,31,Good
Chad,Sarh,2,10,0,81,Moderate
Hungary,Sarkad,1,29,2,44,Good
France,Sartrouville,1,19,4,50,Good
Italy,Sassuolo,1,38,1,58,Moderate
Thailand,Sattahip,0,17,0,34,Good
Brazil,Satuba,0,18,1,32,Good
Finland,Savonlinna,1,36,1,24,Good
Kenya,Sawasawa,1,24,0,60,Moderate
Germany,Schneverdingen,1,36,1,25,Good
Italy,Sedriano,1,34,2,20,Good
Mali,Segou,1,20,0,85,Moderate
Finland,Seinajoki,1,38,0,18,Good
Brazil,Sena Madureira,1,4,0,14,Good
Serbia,Senta,1,33,1,54,Moderate
Croatia,Sesvete,1,33,1,38,Good
Russian Federation,Severobaykalsk,1,32,0,35,Good
France,Sevres,1,20,5,50,Good
Germany,Aachen,1,43,1,55,Moderate
Colombia,Acacias,1,8,0,17,Good
El Salvador,Acajutla,2,23,3,71,Moderate
Niger,Agadez,1,37,0,152,Unhealthy
Ghana,Agogo,1,24,0,39,Good
Italy,Agrigento,1,51,0,49,Moderate
United States of America,Alamogordo,1,31,0,78,Moderate
India,Aland,2,32,3,161,Unhealthy
Italy,Alatri,1,64,0,48,Moderate
United States of America,Aldine,0,26,1,30,Good
Brazil,Alenquer,0,11,0,16,Good
Australia,Alice Springs,0,18,0,52,Moderate
United States of America,Altamont,1,27,1,35,Good
Spain,Altea,1,38,0,28,Good
Brazil,Alto Parana,1,17,0,39,Good
India,Alwar,4,76,6,172,Unhealthy
India,Amritsar,4,39,9,168,Unhealthy
Russian Federation,Anapskaya,1,41,0,10,Good
Italy,Ancona,1,68,0,80,Moderate
India,Anekal,2,18,5,87,Moderate
Russian Federation,Apatity,1,32,0,23,Good
Mexico,Apizaco,1,34,3,230,Very Unhealthy
Cyprus,Aradippou,1,45,0,21,Good
India,Arang,3,38,3,155,Unhealthy
Spain,Aranjuez,1,41,0,11,Good
United States of America,Arbutus,1,52,1,40,Moderate
Mexico,Arriaga,1,29,0,64,Moderate
Ethiopia,Asasa,1,22,0,51,Moderate
Morocco,Asfi,0,33,0,27,Good
Japan,Ashibetsu,1,26,4,53,Moderate
Norway,Askim,1,42,0,13,Good
Kazakhstan,Astana,1,26,1,26,Good
Egypt,Aswan,1,91,0,95,Moderate
India,Athmallik,2,42,4,144,Unhealthy for Sensitive Groups
Chad,Ati,1,46,0,130,Unhealthy for Sensitive Groups
New Zealand,Auckland,0,30,0,69,Moderate
Germany,Bad Doberan,1,37,0,21,Good
Germany,Bad Durrheim,1,51,0,61,Moderate
Pakistan,Baddomalhi,5,30,14,172,Unhealthy
United States of America,Sheridan,0,27,1,29,Good
Japan,Shimada,2,27,7,71,Moderate
Japan,Shirone,3,23,12,113,Unhealthy for Sensitive Groups
Albania,Shkoder,1,46,0,97,Moderate
Russian Federation,Shumikha,1,34,0,20,Good
Tunisia,Sidi Bu Zayd,1,57,0,66,Moderate
India,Sihora,4,39,5,163,Unhealthy
India,Sika,0,20,1,50,Good
Greece,Sikeai,1,59,0,65,Moderate
Lithuania,Silute,1,36,0,22,Good
Indonesia,Simpang,2,10,2,77,Moderate
Italy,Sinalunga,1,75,0,38,Moderate
Italy,Siniscola,1,51,0,34,Moderate
Costa Rica,Siquirres,1,26,0,44,Good
Spain,Sitges,1,52,1,50,Moderate
Romania,Slatina,1,49,0,42,Good
Netherlands,Sneek,1,38,0,37,Good
Poland,Sochaczew,1,41,0,28,Good
Russian Federation,Sokolniki,1,39,0,23,Good
Algeria,Tazmalt,1,117,1,56,Unhealthy for Sensitive Groups
Cameroon,Tchollire,1,20,0,62,Moderate
India,Tendukheda,4,34,6,165,Unhealthy
Mexico,Teopisca,1,24,0,50,Good
Italy,Termini Imerese,1,48,0,57,Moderate
Niger,Tessaoua,1,43,0,85,Moderate
India,Thana Bhawan,5,38,12,171,Unhealthy
Canada,Thunder Bay,1,22,0,83,Moderate
Niger,Tibiri,1,45,0,82,Moderate
Côte d'Ivoire,Tiebissou,1,21,0,31,Good
Netherlands,Tiel,1,39,0,37,Good
Brazil,Timbiras,0,16,0,32,Good
Brazil,Timoteo,0,20,0,31,Good
India,Tindivanam,2,33,7,106,Unhealthy for Sensitive Groups
Côte d'Ivoire,Tingrela,1,21,0,31,Good
United States of America,Tinley Park,1,35,4,55,Moderate
India,Tirunelveli,1,22,2,61,Moderate
Italy,Tivoli,1,55,0,51,Moderate
Morocco,Tiznit,1,40,0,52,Moderate
Mexico,Tlalnepantla,2,39,5,195,Unhealthy
Kyrgyzstan,Tokmak,1,25,2,54,Moderate
Romania,Toplita,1,41,0,50,Good
France,Toulon,1,49,4,39,Good
Myanmar,Toungoo,1,14,0,23,Good
Japan,Toyokawa,2,30,6,83,Moderate
Italy,Trezzano Sul Naviglio,1,68,0,87,Moderate
Greece,Trikala,1,42,0,99,Moderate
United States of America,Trumbull,1,48,2,50,Good
United States of America,Tualatin,2,22,7,76,Moderate
Russian Federation,Tuapse,1,37,0,19,Good
Philippines,Tukuran,1,17,1,44,Good
Ethiopia,Tulu Bolo,1,22,0,44,Good
Indonesia,Tulungagung,6,13,14,165,Unhealthy
Costa Rica,Turrialba,1,26,0,38,Good
Russian Federation,Tuymazy,1,40,0,8,Good
Brazil,Uberaba,1,24,0,32,Good
Pakistan,Uch,2,38,5,191,Unhealthy
Nigeria,Ughelli,2,26,1,82,Moderate
Mongolia,Ulaangom,1,30,0,40,Good
Sweden,Umea,1,35,0,4,Good
United States of America,University Heights,1,37,3,55,Moderate
Tajikistan,Uroteppa,1,34,1,117,Unhealthy for Sensitive Groups
Japan,Uto,2,18,10,54,Moderate
Russian Federation,Uzhur,1,29,0,33,Good
India,Vadlapudi,3,47,2,118,Unhealthy for Sensitive Groups
France,Valence,1,47,0,54,Moderate
Venezuela (Bolivarian Republic of),Valera,1,21,0,54,Moderate
Turkey,Van,1,43,0,62,Moderate
Brazil,Vargem Grande Do Sul,1,24,0,47,Good
Italy,Vecchiano,1,80,0,37,Moderate
Italy,Venaria Reale,1,57,0,78,Moderate
Russian Federation,Verkhniy Tagil,1,41,0,19,Good
Russian Federation,Vetluzhskiy,1,38,0,14,Good
Spain,Vic,1,48,0,40,Good
United States of America,Vicksburg,1,39,1,52,Moderate
Romania,Vicovu De Sus,1,42,0,57,Moderate
United States of America,Vidor,0,25,1,31,Good
United States of America,Sarasota Springs,1,62,1,14,Moderate
India,Sarwar,1,30,4,169,Unhealthy
India,Satara,1,24,3,88,Moderate
United States of America,Schiller Park,1,28,6,61,Moderate
Germany,Schonaich,1,55,0,63,Moderate
Germany,Schwieberdingen,1,58,0,66,Moderate
United States of America,Scottsbluff,1,23,1,39,Good
United States of America,Seaside,1,33,1,40,Good
Italy,Selvazzano Dentro,1,61,0,87,Moderate
Russian Federation,Semikarakorsk,1,47,0,25,Good
Italy,Seriate,1,50,0,89,Moderate
Brazil,Sertanopolis,1,21,0,36,Good
Russian Federation,Seryshevo,2,36,2,78,Moderate
Brazil,Severinia,1,27,0,51,Moderate
Indonesia,Seyegan,7,12,20,168,Unhealthy
United States of America,Martinsville,1,45,1,55,Moderate
United States of America,Marysville,1,40,1,44,Good
Armenia,Masis,1,40,0,100,Unhealthy for Sensitive Groups
Democratic Republic of the Congo,Matadi,2,42,0,68,Moderate
Japan,Matsumoto,3,9,12,109,Unhealthy for Sensitive Groups
Philippines,Mawab,2,4,4,89,Moderate
Belgium,Mechelen,1,37,2,51,Moderate
Germany,Mechernich,1,47,0,55,Moderate
Greece,Megara,1,40,1,98,Moderate
Russian Federation,Meleuz,1,36,0,28,Good
United States of America,Mequon,1,26,1,51,Moderate
Philippines,Meycauayan,4,22,9,152,Unhealthy
Brazil,Miguelopolis,1,23,0,39,Good
Japan,Miharu,1,22,10,61,Moderate
Russian Federation,Mikhaylovsk,1,49,1,29,Good
United States of America,Millington,1,43,3,77,Moderate
Pakistan,Minchinabad,4,88,6,167,Unhealthy
Brazil,Miracatu,1,21,2,59,Moderate
Mexico,Miramar,1,26,1,57,Moderate
Pakistan,Mirpur Khas,1,30,2,156,Unhealthy
Pakistan,Mirpur Mathelo,2,16,12,162,Unhealthy
Democratic Republic of the Congo,Moba,0,30,0,27,Good
South Africa,Molteno,0,9,6,50,Good
Italy,Monsummano Terme,1,71,0,43,Moderate
Italy,Montemarciano,1,68,0,82,Moderate
France,Montfermeil,1,46,1,69,Moderate
Brazil,Morrinhos,0,24,0,11,Good
Indonesia,Mranggen,6,19,15,161,Unhealthy
India,Munger,4,44,6,148,Unhealthy for Sensitive Groups
Pakistan,Mustafabad,4,95,6,169,Unhealthy
Russian Federation,Mytishchi,1,30,8,37,Good
Japan,Nabari,2,15,12,86,Moderate
Philippines,Nagcarlan,2,24,8,86,Moderate
China,Nangong,4,49,21,145,Unhealthy for Sensitive Groups
India,Nannilam,1,28,2,77,Moderate
China,Nanyang,5,76,16,153,Unhealthy
Costa Rica,Naranjo,1,25,0,53,Moderate
Thailand,Narathiwat,3,20,2,84,Moderate
United States of America,Natchitoches,1,39,2,50,Good
Greece,Nea Makri,2,50,5,65,Moderate
United States of America,Needham,1,41,1,45,Good
Russian Federation,Neftekamsk,1,41,0,18,Good
Russian Federation,Nelidovo,1,35,0,11,Good
Germany,Neuenhagen,1,45,0,27,Good
Turkey,Nevsehir,0,44,0,25,Good
United States of America,New Albany,1,50,1,27,Good
United States of America,New Milford,1,46,2,52,Moderate
Mexico,Nezahualcoyotl,2,41,5,209,Very Unhealthy
Germany,Niedernhausen,1,62,0,57,Moderate
Germany,Niefern Oschelbronn,1,59,0,65,Moderate
Germany,Niesky,1,43,0,50,Good
Japan,Ninohe,3,22,13,94,Moderate
Japan,Ninomiya,1,32,7,71,Moderate
Brazil,Nobres,1,12,0,42,Good
Russian Federation,Nolinsk,1,32,0,35,Good
United States of America,North Bergen,1,40,4,54,Moderate
Mauritania,Nouakchott,1,22,0,166,Unhealthy
Russian Federation,Novomichurinsk,1,39,1,31,Good
Poland,Nowogard,1,40,0,17,Good
Sri Lanka,Nuwara Eliya,2,10,7,105,Unhealthy for Sensitive Groups
Hungary,Nyiregyhaza,1,52,0,61,Moderate
United States of America,Oak Park,1,33,2,60,Moderate
Russian Federation,Obluche,2,42,0,92,Moderate
Denmark,Odense,1,43,0,14,Good
Portugal,Odivelas,1,42,1,18,Good
Russian Federation,Oktyabrskaya,1,44,0,19,Good
Russian Federation,Olenegorsk,1,30,0,24,Good
Nigeria,Damaturu,2,46,0,98,Moderate
Russian Federation,Danilov,1,32,0,10,Good
Philippines,Dao,1,28,2,64,Moderate
Mongolia,Darhan,1,33,0,19,Good
Germany,Deggendorf,1,51,0,69,Moderate
China,Dehui,4,45,8,156,Unhealthy
Germany,Denzlingen,1,54,0,67,Moderate
Costa Rica,Desamparados,1,26,1,49,Good
Brazil,Dianopolis,0,17,0,17,Good
Germany,Dillenburg,1,48,0,55,Moderate
Russian Federation,Dinskaya,1,42,2,38,Good
United States of America,Dinuba,1,22,4,51,Moderate
Colombia,Dos Quebradas,3,16,4,113,Unhealthy for Sensitive Groups
France,Dourdan,1,38,2,76,Moderate
Romania,Dragasani,1,49,0,43,Good
United States of America,Druid Hills,1,73,3,33,Moderate
Colombia,Duitama,0,14,0,22,Good
India,Dum Duma,2,8,5,72,Moderate
France,Dunkirk,1,35,0,31,Good
United States of America,Dunwoody,1,69,3,29,Moderate
Nigeria,Dutse,2,61,0,90,Moderate
Russian Federation,Dvubratskiy,1,47,1,33,Good
Poland,Dzialdowo,1,40,0,19,Good
Japan,Ebetsu,1,29,6,50,Good
United States of America,Edison,1,41,3,50,Good
Germany,Ehingen,1,54,0,63,Moderate
Egypt,El Badari,1,88,0,72,Moderate
Spain,El Escorial,0,41,0,8,Good
Venezuela (Bolivarian Republic of),El Limon,2,52,3,118,Unhealthy for Sensitive Groups
Mexico,El Salto,1,28,0,58,Moderate
Russian Federation,Elektrogorsk,1,39,2,27,Good
Cuba,Encrucijada,1,35,0,29,Good
United States of America,Ephrata,1,47,1,36,Good
Kazakhstan,Ereymentau,1,30,0,16,Good
Denmark,Esbjerg,1,40,0,22,Good
Nicaragua,Esteli,1,19,0,42,Good
Italy,Fagnano Olona,1,64,0,96,Moderate
Brazil,Feira De Santana,0,23,0,28,Good
United States of America,Ferndale,1,34,1,55,Moderate
Ethiopia,Finote Selam,1,18,0,79,Moderate
India,Firozpur Jhirka,5,50,10,174,Unhealthy
Guatemala,Flores,1,22,0,62,Moderate
Bosnia and Herzegovina,Foca,1,37,0,102,Unhealthy for Sensitive Groups
United States of America,Forest Grove,1,31,3,63,Moderate
United States of America,Fort Myers,0,35,0,22,Good
Czechia,Frydek Mistek,1,46,0,77,Moderate
Japan,Fujimi,2,25,19,85,Moderate
Japan,Fukuyama,1,44,3,52,Moderate
Germany,Fussen,1,49,0,59,Moderate
Bulgaria,Gabrovo,1,46,0,42,Good
India,Gadarwara,2,41,2,161,Unhealthy
Spain,Galdar,0,40,0,31,Good
Congo,Gamboma,2,21,0,61,Moderate
Tajikistan,Garm,1,27,0,113,Unhealthy for Sensitive Groups
Brazil,Gaspar,1,19,2,51,Moderate
United States of America,Gautier,1,42,1,51,Moderate
Russian Federation,Gavrilov Yam,1,37,0,13,Good
Germany,Gelnhausen,1,56,0,60,Moderate
Democratic Republic of the Congo,Gemena,1,12,0,58,Moderate
Germany,Gersthofen,1,56,0,67,Moderate
India,Ghosi,4,89,5,171,Unhealthy
Sri Lanka,Weligama,1,17,2,47,Good
Germany,Werdau,1,48,0,53,Moderate
United States of America,West Caldwell,1,46,2,51,Moderate
United States of America,West Pensacola,2,48,4,42,Good
United States of America,West University Place,0,26,1,30,Good
United States of America,Westchester,1,34,1,30,Good
Germany,Wiehl,1,47,0,54,Moderate
United States of America,Wildomar,2,22,9,58,Moderate
United States of America,Wilkes Barre,1,35,2,52,Moderate
United States of America,Winder,1,46,3,38,Good
United States of America,Winslow,1,31,1,60,Moderate
Switzerland,Wohlen,1,52,0,57,Moderate
Germany,Wolmirstedt,1,45,0,30,Good
Indonesia,Wonosari,7,7,20,174,Unhealthy
United States of America,Woodstock,1,64,3,26,Moderate
United States of America,Wyandotte,1,36,1,61,Moderate
United States of America,Xenia,1,45,1,42,Good
Russian Federation,Yadrin,1,35,0,26,Good
Turkey,Yalova,1,53,1,63,Moderate
India,Yanam,3,44,4,119,Unhealthy for Sensitive Groups
China,Yangshe,11,3,49,207,Very Unhealthy
Mexico,Armeria,2,16,3,63,Moderate
Spain,Armilla,1,27,1,24,Good
India,Aron,1,39,0,212,Very Unhealthy
Panama,Arraijan,2,17,6,76,Moderate
Spain,Arrigorriaga,1,38,1,16,Good
United States of America,Ashwaubenon,1,30,3,29,Good
Indonesia,Atambua,1,22,0,28,Good
Pakistan,Attock,3,156,1,156,Unhealthy
France,Avrille,1,24,3,27,Good
Malaysia,Ayer Molek,1,31,0,72,Moderate
Argentina,Azul,0,17,0,34,Good
United States of America,Back Mountain,2,18,8,62,Moderate
Philippines,Baguio,0,25,1,28,Good
Turkey,Zile,1,46,0,24,Good
Poland,Znin,1,42,0,27,Good
Libya,Zuwarah,1,48,0,57,Moderate
Spain,Bueu,1,21,2,22,Good
United Republic of Tanzania,Bugarama,1,20,0,45,Good
Germany,Burg,1,36,2,59,Moderate
United States of America,Burkburnett,1,35,1,33,Good
United States of America,Burlington,1,22,9,51,Moderate
Mexico,Cadereyta,2,11,6,84,Moderate
Brazil,Cajamar,2,3,7,78,Moderate
Philippines,Calbayog,1,22,0,36,Good
Peru,Camana,1,23,0,14,Good
Venezuela (Bolivarian Republic of),Cantaura,1,20,1,134,Unhealthy for Sensitive Groups
Brazil,Carandai,1,10,2,52,Moderate
United States of America,Carpentersville,1,18,14,58,Moderate
Italy,Carpi,1,44,2,60,Moderate
Ireland,Carrigaline,1,33,2,22,Good
United States of America,Carver,1,31,8,33,Good
Italy,Castellammare Di Stabia,2,52,10,74,Moderate
Spain,Castilleja De La Cuesta,0,26,1,16,Good
United States of America,Cayce,2,25,9,71,Moderate
Brazil,Chapadinha,1,9,1,56,Moderate
France,Chateau Thierry,1,24,3,68,Moderate
Portugal,Chaves,1,12,3,14,Good
United States of America,Chelsea,1,29,8,46,Good
China,Chengkung,2,182,8,142,Unhealthy
United States of America,Chicago,2,12,20,64,Moderate
China,Chihu,3,198,14,152,Unhealthy
Panama,Chitre,3,11,9,80,Moderate
Brazil,Chopinzinho,1,5,2,37,Good
China,Chushan,2,201,7,151,Very Unhealthy
Mexico,Cintalapa,2,24,1,59,Moderate
Indonesia,Cirebon,2,53,0,71,Moderate
United States of America,Clarksville,3,8,31,77,Moderate
Germany,Coburg,1,36,4,59,Moderate
United States of America,Cohoes,2,25,7,63,Moderate
United States of America,Colton,3,6,22,85,Moderate
Mexico,Comalcalco,2,13,3,142,Unhealthy for Sensitive Groups
Benin,Come,1,18,1,69,Moderate
Italy,Concordia Sagittaria,1,32,4,74,Moderate
United States of America,Conyers,3,8,30,93,Moderate
Mexico,Coquimatlan,2,11,4,70,Moderate
Mexico,Coscomatepec,3,7,9,100,Unhealthy for Sensitive Groups
Brazil,Cosmopolis,1,6,4,53,Moderate
Mexico,Cosoleacaque,2,17,3,108,Unhealthy for Sensitive Groups
Brazil,Cruz Alta,1,9,2,20,Good
Malaysia,Cukai,1,38,0,93,Moderate
Brazil,Cupira,0,9,2,37,Good
Brazil,Curitibanos,0,17,0,17,Good
India,Dabhoi,1,39,0,139,Unhealthy for Sensitive Groups
Senegal,Dakar,1,21,2,166,Unhealthy
India,Davorlim,0,25,0,73,Moderate
China,Dayong,2,130,0,74,Unhealthy for Sensitive Groups
United States of America,Delaware,1,42,3,26,Good
Indonesia,Deli Tua,2,41,0,68,Moderate
Netherlands,Den Helder,0,38,0,36,Good
Belgium,Denderleeuw,1,27,4,44,Good
United States of America,Derry,1,30,4,23,Good
Germany,Dessau,0,32,1,40,Good
Brazil,Diadema,3,4,15,137,Unhealthy for Sensitive Groups
Poland,Dobre Miasto,0,33,0,37,Good
Bulgaria,Dobric,1,43,1,31,Good
Bangladesh,Dohar,3,51,3,89,Moderate
Colombia,Don Matias,2,7,5,66,Moderate
Ukraine,Donetsk,1,37,0,14,Good
India,Dongargaon,1,39,0,178,Unhealthy
Chad,Dourbali,2,17,0,57,Moderate
France,Draveil,1,20,6,57,Moderate
United States of America,East Liverpool,1,43,4,35,Good
Germany,Eichstatt,1,35,1,47,Good
Germany,Eisenach,1,24,4,51,Moderate
Mexico,El Rosario,2,11,3,110,Unhealthy for Sensitive Groups
Ecuador,El Triunfo,1,17,4,59,Moderate
Nicaragua,El Viejo,1,18,3,86,Moderate
Venezuela (Bolivarian Republic of),El Vigia,1,8,4,61,Moderate
Spain,Elda,1,31,1,21,Good
Poland,Elk,0,34,0,33,Good
Germany,Emmerich,0,32,2,38,Good
Belgium,Charleroi,1,25,5,58,Moderate
Russian Federation,Chelyabinsk 70,1,29,0,31,Good
United States of America,Cheney,1,32,1,28,Good
India,Chhaprauli,3,158,2,158,Unhealthy
India,Chhindwara,1,34,0,176,Unhealthy
Zimbabwe,Chipinge,2,13,0,41,Good
United States of America,Clemson,2,34,7,65,Moderate
United States of America,Cliffside Park,3,10,33,119,Unhealthy for Sensitive Groups
Canada,Cobourg,1,30,2,26,Good
United States of America,Collingswood,1,37,5,73,Moderate
Uruguay,Colonia,1,11,3,52,Moderate
United States of America,Columbia Heights,1,42,3,52,Moderate
United States of America,Cordele,2,29,3,58,Moderate
Argentina,Cordoba,1,12,4,41,Good
Italy,Cori,2,39,6,39,Good
Italy,Cornedo Vicentino,2,36,5,59,Moderate
Brazil,Corrente,1,12,1,54,Moderate
Germany,Coswig,1,40,1,67,Moderate
Brazil,Criciuma,2,17,3,85,Moderate
Germany,Crimmitschau,1,37,2,69,Moderate
United States of America,Crofton,1,42,4,51,Moderate
Spain,Cullera,1,30,1,34,Good
Brazil,Curuca,0,19,0,42,Good
India,Dadri,4,170,3,178,Unhealthy
Colombia,Dagua,1,9,3,39,Good
Germany,Alsfeld,1,35,2,64,Moderate
India,Ambad,1,32,0,116,Unhealthy for Sensitive Groups
Madagascar,Ambatondrazaka,0,20,0,12,Good
Italy,Amelia,1,36,3,60,Moderate
Brazil,Amontada,0,20,0,39,Good
Sri Lanka,Amparai,1,37,1,62,Moderate
Italy,Anagni,1,38,4,56,Moderate
Afghanistan,Andarab,0,34,0,104,Unhealthy for Sensitive Groups
France,Angers,1,18,4,32,Good
Colombia,Anserma,3,1,6,88,Moderate
Madagascar,Antsirabe,1,22,0,52,Moderate
Italy,Anzio,1,39,6,48,Good
Italy,Aosta,0,28,1,87,Moderate
United States of America,Apache Junction,1,21,12,48,Good
United States of America,Apopka,1,8,17,71,Moderate
Brazil,Aquidaba,0,17,0,17,Good
Brazil,Aracati,0,21,0,22,Good
India,Arani,0,26,0,61,Moderate
Colombia,Arauca,1,8,1,52,Moderate
Iran (Islamic Republic of),Ardabil,1,41,0,44,Good
Brazil,Engenheiro Beltrao,1,14,1,46,Good
Portugal,Estoril,1,36,5,17,Good
Brazil,Extrema,2,11,5,78,Moderate
United States of America,Fall River,2,23,14,57,Moderate
United Kingdom of Great Britain and Northern Ireland,Farnworth,1,26,7,58,Moderate
Chad,Faya,1,29,0,156,Unhealthy
Italy,Ferrara,2,27,10,68,Moderate
Belgium,Fleron,1,29,4,57,Moderate
Brazil,Floriano,0,14,0,13,Good
United States of America,Flowing Wells,1,21,6,65,Moderate
France,Fontainebleau,1,20,4,66,Moderate
India,Beawar,1,35,0,221,Very Unhealthy
India,Begowal,3,145,1,151,Unhealthy
Colombia,Belen De Umbria,3,1,6,90,Moderate
United States of America,Bell Gardens,4,3,41,123,Unhealthy for Sensitive Groups
United States of America,Bellefontaine Neighbors,1,40,4,54,Moderate
India,Belonia,4,39,2,74,Moderate
Côte d'Ivoire,Beoumi,1,19,0,33,Good
Somalia,Berbera,1,24,0,90,Moderate
Germany,Bernau,1,35,1,39,Good
Brazil,Betim,2,4,9,91,Moderate
India,Bhadrachalam,1,16,3,96,Moderate
India,Bhadravati,0,21,0,39,Good
India,Bhitarwar,1,46,0,230,Very Unhealthy
India,Bhongir,1,25,1,98,Moderate
Poland,Bialystok,1,32,1,54,Moderate
Viet Nam,Bien Hoa,2,40,2,83,Moderate
Brazil,Biguacu,3,13,6,96,Moderate
India,Bilasipara,2,41,0,50,Good
India,Bilaspur,2,110,0,111,Unhealthy for Sensitive Groups
Ukraine,Bilopillya,1,36,0,10,Good
Belgium,Binche,1,25,5,57,Moderate
Romania,Bocsa,1,36,0,51,Moderate
France,Bois Guillaume,1,30,3,55,Moderate
United States of America,Bolingbrook,2,30,9,41,Good
Brazil,Bom Jesus Do Galho,1,12,2,45,Good
Brazil,Bom Jesus Do Itabapoana,2,3,4,58,Moderate
France,Bondues,1,26,5,45,Good
Netherlands,Borculo,0,31,2,19,Good
Italy,Bra,2,22,6,104,Unhealthy for Sensitive Groups
Austria,Bregenz,1,30,5,41,Good
United States of America,Brigantine,1,63,1,78,Moderate
United Kingdom of Great Britain and Northern Ireland,Brighton,1,28,4,22,Good
Italy,Brindisi,1,62,1,47,Moderate
Australia,Broken Hill,0,15,0,126,Unhealthy for Sensitive Groups
Cameroon,Foumbot,4,12,2,122,Unhealthy for Sensitive Groups
Italy,Frattaminore,1,61,3,59,Moderate
Denmark,Frederiksvaerk,0,37,0,20,Good
Germany,Friedrichsthal,1,33,3,45,Good
Germany,Frondenberg,1,33,2,44,Good
United States of America,Fullerton,4,4,33,114,Unhealthy for Sensitive Groups
Colombia,Funza,3,5,13,116,Unhealthy for Sensitive Groups
Pakistan,Garhi Yasin,1,115,1,186,Unhealthy
Niger,Gaya,1,24,0,45,Good
Spain,Girona,1,40,1,64,Moderate
Ghana,Duayaw Nkwanta,1,17,0,51,Moderate
Republic of Moldova,Dubasari,1,34,0,24,Good
Ethiopia,Dubti,1,34,0,152,Unhealthy
United States of America,Dunedin,1,32,4,63,Moderate
United States of America,Durant,1,23,2,133,Unhealthy for Sensitive Groups
Brazil,Ecoporanga,1,16,1,38,Good
United States of America,Edwardsville,1,40,4,56,Moderate
Azerbaijan,Yevlax,1,44,0,64,Moderate
Japan,Yokaichiba,1,45,1,42,Good
Malta,Zabbar,1,46,1,51,Moderate
Mexico,Zacatlan,3,6,9,166,Unhealthy
Republic of North Macedonia,Zelino,1,43,0,88,Moderate
Kazakhstan,Zhanakorgan,1,50,0,90,Moderate
Russian Federation,Zheleznogorsk,1,33,0,42,Good
China,Zhenlai,2,66,0,49,Moderate
Russian Federation,Zherdevka,1,36,0,37,Good
Mexico,Zinacatepec,2,15,5,76,Moderate
Czechia,Zlin,1,40,1,71,Moderate
Ukraine,Zmiyiv,1,35,0,52,Moderate
United Kingdom of Great Britain and Northern Ireland,Wigston,1,34,3,18,Good
Austria,Wolfsberg,1,38,1,66,Moderate
China,Xinxiang,6,172,10,178,Unhealthy
Argentina,Yacuiba,0,11,0,12,Good
Thailand,Yala,1,35,0,53,Moderate
Ethiopia,Wendo,1,17,0,53,Moderate
United States of America,West Seneca,2,9,16,88,Moderate
Netherlands,Westervoort,1,22,6,44,Good
United Kingdom of Great Britain and Northern Ireland,Whitefield,1,34,3,18,Good
Kazakhstan,Ilyich,1,56,0,161,Unhealthy
United States of America,Indianapolis,2,17,19,71,Moderate
Germany,Ingelheim,2,33,5,71,Moderate
Greece,Ioannina,1,41,0,69,Moderate
United Republic of Tanzania,Ipinda,1,17,0,24,Good
Chile,Iquique,2,6,8,50,Good
Japan,Isesaki,1,74,1,67,Moderate
Russian Federation,Islamey,1,41,1,43,Good
Brazil,Itaituba,1,4,0,26,Good
India,Itanagar,1,28,0,52,Moderate
Brazil,Itapolis,1,6,1,26,Good
Czechia,Jablonec,1,40,1,73,Moderate
India,Jalgaon,1,39,0,102,Unhealthy for Sensitive Groups
India,Jamkhandi,1,33,1,96,Moderate
India,Janakpur Road,2,47,1,82,Moderate
Cuba,Jaruco,1,25,2,81,Moderate
India,Jawad,1,36,0,166,Unhealthy
Brazil,Jequitinhonha,0,7,1,25,Good
Germany,Jever,1,30,3,49,Good
China,Jiangmen,3,30,9,98,Moderate
China,Jinxiang,3,124,2,111,Unhealthy for Sensitive Groups
China,Jishou,2,66,1,70,Moderate
China,Jishui,4,186,4,155,Unhealthy
Mexico,Jocotepec,1,16,2,50,Good
Indonesia,Jombang,2,84,1,113,Unhealthy for Sensitive Groups
Mexico,Juan Aldama,1,29,0,81,Moderate
Nicaragua,Juigalpa,1,17,0,47,Good
Lithuania,Jurbarkas,1,36,0,28,Good
Russian Federation,Kaa Khem,1,40,0,31,Good
Finland,Kaarina,1,28,2,20,Good
Pakistan,Kabirwala,3,156,1,159,Unhealthy
Jordan,Kafr Yuba,3,87,5,116,Unhealthy for Sensitive Groups
United States of America,Kailua,0,23,0,24,Good
Greece,Kalamaria,1,44,0,88,Moderate
India,Kalavad,0,28,0,142,Unhealthy for Sensitive Groups
Russian Federation,Kalininsk,1,35,0,50,Good
Sweden,Kalmar,1,36,0,21,Good
Pakistan,Kalur Kot,3,150,0,174,Unhealthy
Russian Federation,Kambarka,1,36,0,48,Good
France,Gisors,1,29,3,66,Moderate
Canada,Glace Bay,1,31,7,14,Good
Poland,Glowno,1,31,1,33,Good
Russian Federation,Gorodets,1,30,2,50,Good
Bosnia and Herzegovina,Gracanica,1,39,0,65,Moderate
Brazil,Granja,0,10,1,30,Good
Russian Federation,Gribanovskiy,1,35,0,42,Good
United Kingdom of Great Britain and Northern Ireland,Grimsby,1,36,3,13,Good
Poland,Grojec,1,28,2,30,Good
Cuba,Guanajay,1,26,3,72,Moderate
Brazil,Guanhaes,1,2,2,50,Good
India,Gudivada,2,55,1,87,Moderate
India,Gudiyattam,1,26,0,30,Good
Côte d'Ivoire,Guiberoua,1,14,0,45,Good
Côte d'Ivoire,Guiglo,1,17,0,31,Good
Germany,Gustrow,1,32,2,49,Good
Hungary,Gyongyos,1,43,1,67,Moderate
Netherlands,Haaksbergen,1,19,7,51,Moderate
China,Hailun,2,38,0,33,Good
India,Hajan,1,66,0,129,Unhealthy for Sensitive Groups
Hungary,Hajdunanas,1,41,1,66,Moderate
Germany,Haldensleben,1,35,2,57,Moderate
Austria,Hall,1,38,0,57,Moderate
China,Hami,0,40,0,177,Unhealthy
Austria,Hard,1,31,2,52,Moderate
Sweden,Harnosand,1,31,0,7,Good
United States of America,Haysville,1,43,1,48,Good
Germany,Heidelberg,1,38,2,70,Moderate
Netherlands,Hellendoorn,1,24,5,45,Good
United States of America,Hendersonville,3,16,20,78,Moderate
Germany,Hennef,1,29,5,61,Moderate
South Africa,Hennenman,4,14,4,91,Moderate
United Kingdom of Great Britain and Northern Ireland,Hereford,1,25,5,26,Good
Switzerland,Herisau,1,24,3,57,Moderate
India,Hisar,3,174,1,167,Unhealthy
United States of America,Hobe Sound,1,22,7,80,Moderate
United States of America,Endicott,2,26,5,68,Moderate
France,Ermont,2,28,5,71,Moderate
Brazil,Euclides Da Cunha,0,11,1,13,Good
United States of America,Fairmont,3,1,26,87,Moderate
United States of America,Fitchburg,1,27,4,42,Good
United Kingdom of Great Britain and Northern Ireland,Forfar,1,26,1,16,Good
India,Mihijam,2,72,1,113,Unhealthy for Sensitive Groups
Finland,Mikkeli,1,32,0,17,Good
United States of America,Millbrae,1,32,7,54,Moderate
Germany,Mindelheim,1,36,3,55,Moderate
United States of America,Minnetonka,1,32,6,54,Moderate
Japan,Mino,1,35,4,54,Moderate
China,Mishan,1,33,0,44,Good
India,Mohiuddinagar,3,66,2,144,Unhealthy for Sensitive Groups
Cameroon,Mokolo,2,28,0,86,Moderate
Germany,Monchengladbach,1,30,5,54,Moderate
United States of America,Monsey,2,18,17,71,Moderate
Brazil,Montes Claros,1,1,4,52,Moderate
United States of America,Moraga,1,23,14,56,Moderate
Portugal,Moreira,1,29,2,21,Good
Germany,Morfelden Walldorf,1,38,4,68,Moderate
India,Nautanwa,2,55,0,83,Moderate
United States of America,Nederland,1,19,7,34,Good
Russian Federation,Neman,1,33,1,30,Good
Australia,Newcastle,0,9,14,48,Good
Philippines,Nibaliw,1,26,2,58,Moderate
Costa Rica,Nicoya,2,12,8,53,Moderate
Germany,Nienburg,1,38,4,69,Moderate
Spain,Nijar,1,31,4,37,Good
Turkey,Niksar,1,42,0,33,Good
Montenegro,Niksic,1,39,0,79,Moderate
Russian Federation,Nizhnyaya Maktama,1,39,0,44,Good
Italy,Noceto,1,41,2,68,Moderate
Japan,Nogata,1,33,2,20,Good
Germany,Nordlingen,1,35,4,64,Moderate
Canada,North Bay,1,16,1,50,Good
New Zealand,North Shore,0,12,6,34,Good
Brazil,Nova Friburgo,2,13,6,80,Moderate
Brazil,Nova Odessa,2,4,5,64,Moderate
Russian Federation,Novonikolayevskiy,1,36,0,44,Good
Czechia,Novy Bor,1,34,3,80,Moderate
Poland,Nowy Dwor Mazowiecki,1,34,1,29,Good
Mexico,Ocozocoautla,3,10,7,91,Moderate
Ghana,Oda,1,15,1,57,Moderate
Germany,Oftersheim,1,37,2,71,Moderate
Japan,Okazaki,1,32,3,46,Good
Nigeria,Okitipupa,2,19,1,63,Moderate
United States of America,Okolona,2,33,9,63,Moderate
Comoros,Moroni,0,31,0,39,Good
Australia,Mount Isa,0,21,0,46,Good
United States of America,Mount Lebanon,2,16,26,88,Moderate
United States of America,Mukilteo,2,21,12,109,Unhealthy for Sensitive Groups
United Republic of Tanzania,Muleba,1,19,0,39,Good
France,Muret,1,32,2,50,Good
United States of America,Murfreesboro,2,25,11,68,Moderate
United Republic of Tanzania,Mwadui,0,17,0,33,Good
United States of America,Myrtle Grove,2,38,7,51,Moderate
Russian Federation,Myski,1,40,0,23,Good
India,Nabha,4,170,1,166,Unhealthy
Afghanistan,Nahrin,1,49,0,99,Moderate
Australia,Nambour,0,27,2,32,Good
Russian Federation,Rtishchevo,1,34,0,56,Moderate
Ukraine,Rubizhne,1,40,0,40,Good
India,Sachin,0,24,0,144,Unhealthy for Sensitive Groups
India,Saidpur,4,173,2,174,Unhealthy
United States of America,Saint James,5,10,37,91,Moderate
France,Saint Dizier,1,28,2,56,Moderate
France,Saint Gilles,2,24,8,137,Unhealthy for Sensitive Groups
Thailand,Sam Chuk,0,23,0,23,Good
India,Samana,3,145,1,140,Unhealthy for Sensitive Groups
Thailand,Samut Prakan,1,21,1,62,Moderate
Thailand,Samut Songkhram,0,21,0,29,Good
Romania,Oradea,1,39,0,66,Moderate
United States of America,Orangeburg,2,37,4,39,Good
Canada,Orangeville,1,23,8,54,Moderate
France,Orly,1,23,5,66,Moderate
France,Osny,1,24,5,63,Moderate
Namibia,Otjiwarongo,0,19,0,29,Good
Chad,Oum Hadjer,2,17,0,27,Good
Germany,Oyten,0,34,0,13,Good
Peru,Pacasmayo,1,21,0,30,Good
India,Pachora,0,29,0,146,Unhealthy for Sensitive Groups
India,Pachperwa,3,134,0,139,Unhealthy for Sensitive Groups
Thailand,Pak Thong Chai,0,26,0,42,Good
Philippines,Pakil,1,23,1,51,Moderate
Greece,Palaion Faliron,1,45,0,53,Moderate
Brazil,Palotina,1,11,1,40,Good
Malaysia,Papar,7,45,0,72,Moderate
Malaysia,Parit Buntar,2,60,0,79,Moderate
Mexico,Parras,1,28,1,52,Moderate
India,Partur,1,31,0,103,Unhealthy for Sensitive Groups
Turkey,Patnos,1,38,0,59,Moderate
Portugal,Pedroso,1,35,2,25,Good
United States of America,Pembroke Pines,6,5,18,162,Unhealthy
Chile,Penaflor,4,9,20,158,Unhealthy
United States of America,Perry,2,31,3,56,Moderate
Philippines,Iloilo,1,21,0,48,Good
Congo,Impfondo,3,11,0,73,Moderate
Brazil,Ipu,1,8,2,46,Good
Brazil,Ipubi,0,14,0,14,Good
Mexico,Irapuato,2,10,9,142,Unhealthy for Sensitive Groups
Russian Federation,Ishim,1,33,0,48,Good
Japan,Itoigawa,1,36,1,24,Good
Japan,Iwata,1,32,2,27,Good
Mexico,Ixtlan Del Rio,1,13,2,43,Good
Côte d'Ivoire,Jacqueville,2,25,1,51,Moderate
Brazil,Jaguariaiva,1,15,0,53,Moderate
Brazil,Jaguaruna,2,24,2,85,Moderate
India,Jahangirabad,4,175,2,178,Unhealthy
India,Jalakandapuram,1,27,2,55,Moderate
India,Jalandhar,3,136,1,150,Unhealthy
Pakistan,Jaranwala,3,148,1,167,Unhealthy
Pakistan,Jhudo,1,38,0,163,Unhealthy
China,Jian,3,146,1,86,Unhealthy for Sensitive Groups
China,Jinhua,3,143,1,104,Unhealthy for Sensitive Groups
Pakistan,Jiwani,0,31,0,157,Unhealthy
Brazil,Joaquim Gomes,0,18,1,26,Good
United States of America,Jonesboro,1,32,4,63,Moderate
India,Junagarh,1,35,0,99,Moderate
Brazil,Junqueiropolis,1,13,1,45,Good
China,Juxian,3,156,2,113,Unhealthy
Finland,Jyvaskyla,1,35,3,34,Good
Japan,Kakogawa,2,29,5,66,Moderate
Belgium,Kalmthout,1,29,3,30,Good
Russian Federation,Kaltan,1,35,1,28,Good
Japan,Kamakura,1,37,3,25,Good
Turkey,Kaman,1,36,0,45,Good
Germany,Kamen,1,33,2,49,Good
Japan,Kamojima,1,35,1,27,Good
China,Ranghulu,2,54,1,66,Moderate
Germany,Ratekau,0,34,1,14,Good
United Kingdom of Great Britain and Northern Ireland,Rawtenstall,1,15,12,62,Moderate
Philippines,Recodo,0,13,0,77,Moderate
United States of America,Redding,1,21,5,34,Good
Russian Federation,Redkino,1,27,1,53,Moderate
Cuba,Remedios,0,20,1,50,Good
Italy,Rescaldina,2,27,7,72,Moderate
India,Revelganj,4,156,1,156,Unhealthy
India,Rewari,2,107,0,170,Unhealthy
Iceland,Reykjavik,1,23,0,22,Good
France,Reze,1,23,4,23,Good
Brazil,Ribas Do Rio Pardo,1,10,0,26,Good
Brazil,Rio Casca,1,12,2,45,Good
Japan,Ritto,1,55,1,45,Moderate
Iran (Islamic Republic of),Robat Karim,3,210,5,161,Very Unhealthy
Pakistan,Rohri,1,56,1,188,Unhealthy
Thailand,Rong Kwang,1,24,0,53,Moderate
New Zealand,Taupo,0,15,0,18,Good
Gabon,Tchibanga,2,35,0,76,Moderate
Indonesia,Tebingtinggi,2,45,0,84,Moderate
Brazil,Tefe,1,2,0,36,Good
Mexico,Teotihuacan,3,7,14,178,Unhealthy
Mexico,Tepotzotlan,4,8,14,155,Unhealthy
United States of America,Texas City,1,23,3,65,Moderate
Belgium,Theux,1,36,3,61,Moderate
Italy,Thiene,1,36,2,62,Moderate
Brazil,Tiangua,0,9,1,30,Good
Cameroon,Tibati,1,12,0,36,Good
Israel,Tiberias,3,66,11,131,Unhealthy for Sensitive Groups
Brazil,Tiete,1,6,3,48,Good
India,Titron,3,130,1,160,Unhealthy
Mexico,Tizimin,1,27,0,109,Unhealthy for Sensitive Groups
Turkey,Tokat,1,40,0,44,Good
Portugal,Tomar,0,30,2,21,Good
Mali,Tombouctou,1,28,3,131,Unhealthy for Sensitive Groups
Japan,Tono,1,48,2,50,Good
Hungary,Torokbalint,1,42,2,68,Moderate
Italy,Trofarello,1,35,3,63,Moderate
Poland,Trzebnica,1,36,2,56,Moderate
Russian Federation,Tsotsin Yurt,1,45,1,72,Moderate
Japan,Tsuruga,1,35,3,58,Moderate
Russian Federation,Tuchkovo,1,26,1,39,Good
Poland,Tuchola,1,35,1,46,Good
India,Tuljapur,1,35,1,104,Unhealthy for Sensitive Groups
Mexico,Tultepec,4,6,16,168,Unhealthy
Italy,Turin,1,27,5,61,Moderate
Netherlands,Uden,1,24,6,39,Good
Nigeria,Ugep,3,19,2,98,Moderate
South Africa,Ulundi,5,27,2,90,Moderate
United States of America,Union City,2,19,19,73,Moderate
Japan,Usuki,1,39,2,44,Good
Russian Federation,Valday,1,31,0,18,Good
Romania,Valenii De Munte,1,41,0,50,Good
Finland,Valkeala,1,34,0,18,Good
India,Valparai,1,22,0,47,Good
Republic of North Macedonia,Vasilevo,1,45,0,83,Moderate
Côte d'Ivoire,Vavoua,1,15,0,45,Good
Germany,Vechta,1,29,6,67,Moderate
Denmark,Vejle,1,37,1,35,Good
Germany,Verden,1,26,6,68,Moderate
Russian Federation,Verkhniy Ufaley,1,32,0,18,Good
Germany,Versmold,2,15,13,70,Moderate
India,Vettavalam,1,35,1,54,Moderate
India,Vijapur,1,35,0,158,Unhealthy
United States of America,Villa Park,2,15,18,67,Moderate
France,Villeneuve Sur Lot,1,29,3,54,Moderate
France,Villeparisis,2,29,5,69,Moderate
Germany,Vilsbiburg,1,28,4,60,Moderate
Lithuania,Visaginas,1,37,0,31,Good
Italy,Voghera,1,37,2,53,Moderate
Russian Federation,Volchansk,1,31,0,23,Good
Russian Federation,Volokolamsk,1,28,0,50,Good
Russian Federation,Volsk,1,38,0,59,Moderate
Netherlands,Voorst,1,18,7,50,Good
Belgium,Vosselaar,1,27,6,41,Good
Netherlands,Vught,1,23,7,34,Good
United States of America,Wailuku,0,24,0,16,Good
United Kingdom of Great Britain and Northern Ireland,Wallsend,1,32,1,12,Good
Australia,Wangaratta,0,15,1,15,Good
Netherlands,Wassenaar,1,36,5,56,Moderate
United States of America,Waverly,2,20,10,70,Moderate
Indonesia,Wedi,1,37,1,64,Moderate
Germany,Wegberg,1,29,5,56,Moderate
Germany,Weiterstadt,1,38,4,68,Moderate
India,Kotdwara,2,86,0,133,Unhealthy for Sensitive Groups
India,Kotturu,1,29,0,19,Good
France,Koungou,0,30,0,14,Good
Japan,Kozakai,1,33,1,37,Good
Russian Federation,Krasnooktyabrskiy,1,36,1,8,Good
Poland,Krasnystaw,1,34,1,36,Good
Republic of North Macedonia,Kriva Palanka,1,46,0,77,Moderate
Czechia,Kromeriz,1,40,1,72,Moderate
Russian Federation,Krymsk,1,41,1,24,Good
Malaysia,Kuala Sungai Baru,2,31,0,65,Moderate
India,Kulgam,1,60,0,119,Unhealthy for Sensitive Groups
Russian Federation,Kuragino,1,39,0,25,Good
Japan,Kure,2,41,6,51,Moderate
Japan,Kuwana,1,34,5,53,Moderate
Philippines,La Carlota,1,18,0,36,Good
Colombia,La Dorada,3,7,4,70,Moderate
Venezuela (Bolivarian Republic of),La Fria,1,6,4,32,Good
Honduras,La Lima,2,3,3,92,Moderate
Spain,La Linea,1,35,2,20,Good
Guinea,Labe,2,14,0,67,Moderate
Ukraine,Ladyzhyn,1,39,0,29,Good
Brazil,Lago Da Pedra,1,4,1,32,Good
Philippines,Laguilayan,1,23,0,35,Good
United States of America,Laguna Hills,1,25,12,62,Moderate
United States of America,Lincoln Park,2,21,15,66,Moderate
China,Linxia,1,41,0,86,Moderate
China,Lishui,1,40,1,59,Moderate
Sweden,Ljungby,1,40,0,29,Good
Spain,Llodio,1,10,5,58,Moderate
India,Loharu,2,114,1,194,Unhealthy
Ecuador,Loja,1,6,0,16,Good
Italy,Lonigo,1,38,2,69,Moderate
Cuba,Los Palacios,1,31,2,67,Moderate
Germany,Losheim,1,39,2,57,Moderate
Namibia,Luderitz,0,8,0,232,Very Unhealthy
Romania,Lugoj,1,42,0,42,Good
China,Luoyang,2,18,11,102,Unhealthy for Sensitive Groups
Finland,Maarianhamina,1,30,0,6,Good
Belgium,Maaseik,1,26,6,60,Moderate
Brazil,Maceio,0,16,1,30,Good
India,Lakhtar,1,34,0,150,Unhealthy
Germany,Landsberg,1,37,3,58,Moderate
United States of America,Larkspur,1,35,4,41,Good
Myanmar,Lashio,1,21,0,12,Good
Brazil,Lauro Muller,1,15,3,28,Good
France,Le Mee Sur Seine,2,28,6,65,Moderate
Poland,Leczna,1,33,1,27,Good
France,Lens,1,35,2,51,Moderate
Democratic Republic of the Congo,Libenge,3,18,0,82,Moderate
United States of America,Liberal,1,23,2,45,Good
Mozambique,Macia,1,18,0,43,Good
United States of America,Magna,1,16,11,60,Moderate
Botswana,Mahalapye,1,17,0,39,Good
Philippines,Mahayag,1,15,0,23,Good
Indonesia,Majene,1,21,0,43,Good
Kazakhstan,Makinsk,1,37,0,41,Good
Angola,Malanje,1,21,1,68,Moderate
Philippines,Malilipot,1,25,0,49,Good
Brazil,Manacapuru,1,5,0,26,Good
Madagascar,Manakara,2,19,0,65,Moderate
United States of America,Manchester,1,27,6,58,Moderate
India,Maner,4,102,2,151,Unhealthy
Brazil,Manhuacu,1,11,2,37,Good
Côte d'Ivoire,Mankono,1,12,0,58,Moderate
Switzerland,Mannedorf,1,31,2,53,Moderate
Tunisia,Manzil Bu Zalafah,1,53,2,42,Moderate
United States of America,Marathon,0,30,0,56,Moderate
Thailand,Khlung,0,17,0,37,Good
Mali,Kidal,1,20,0,111,Unhealthy for Sensitive Groups
Democratic Republic of the Congo,Kipushi,2,25,1,76,Moderate
Russian Federation,Kirishi,1,33,0,14,Good
Russian Federation,Kirov,1,32,0,57,Moderate
Japan,Kitahiroshima,2,41,4,65,Moderate
Russian Federation,Kletnya,1,33,0,31,Good
Russian Federation,Kochubeyevskoye,1,32,1,49,Good
Norway,Kongsvinger,1,33,0,11,Good
Turkey,Konya,1,36,0,64,Moderate
United States of America,Roosevelt,2,17,22,70,Moderate
Germany,Rosdorf,1,37,5,55,Moderate
United States of America,Rossmoor,2,14,26,90,Moderate
United States of America,Roswell,3,10,28,88,Moderate
United States of America,Rowland Heights,4,3,33,138,Unhealthy for Sensitive Groups
United States of America,Rowlett,1,29,5,54,Moderate
Ukraine,Rozhyshche,1,35,0,36,Good
Iran (Islamic Republic of),Rudsar,1,43,1,47,Good
United Kingdom of Great Britain and Northern Ireland,Ryde,1,22,10,34,Good
India,Sadat,3,141,1,172,Unhealthy
United States of America,Saint Ann,2,24,14,61,Moderate
France,Saint Benoit,1,28,0,57,Moderate
France,Saint Germain En Laye,2,18,8,80,Moderate
France,Sainte Rose,0,25,0,39,Good
Argentina,Salta,1,0,8,43,Good
India,Salumbar,1,35,0,164,Unhealthy
Bulgaria,Samokov,1,46,0,78,Moderate
Italy,San Giovanni La Punta,1,39,1,57,Moderate
Mexico,San Luis Rio Colorado,1,24,5,50,Good
Peru,San Pedro De Lloc,1,16,1,60,Moderate
Peru,Sana,1,11,3,64,Moderate
Afghanistan,Sangin,1,64,0,84,Moderate
Mexico,Santa Anita,1,16,2,53,Moderate
United States of America,Santa Fe,2,17,7,110,Unhealthy for Sensitive Groups
Brazil,Santana Do Paraiso,2,1,4,66,Moderate
Brazil,Sao Goncalo Do Sapucai,1,5,2,39,Good
Brazil,Sao Lourenco Do Sul,0,21,0,10,Good
Brazil,Sao Pedro,1,7,2,36,Good
Brazil,Sao Sebastiao Do Cai,1,14,3,35,Good
India,Ranaghat,2,39,2,91,Moderate
Argentina,Reconquista,1,9,2,18,Good
Greece,Rethimnon,1,41,0,72,Moderate
Netherlands,Rhenen,1,24,6,37,Good
Brazil,Riachao Do Jacuipe,0,10,1,33,Good
Brazil,Ribeirao Pires,4,3,11,121,Unhealthy for Sensitive Groups
Netherlands,Ridderkerk,1,33,5,46,Good
Italy,Rionero In Vulture,1,42,2,34,Good
Uruguay,Rivera,0,13,1,13,Good
United States of America,Riverview,2,33,12,88,Moderate
Australia,Roebourne,0,18,0,11,Good
France,Suresnes,1,45,2,69,Moderate
United States of America,Surprise,1,24,7,81,Moderate
Turkey,Suruc,1,50,0,55,Moderate
United States of America,Susanville,1,26,2,46,Good
Japan,Suzuka,3,13,19,121,Unhealthy for Sensitive Groups
Bulgaria,Svistov,1,49,0,44,Good
Ireland,Swords,1,41,0,30,Good
Iran (Islamic Republic of),Taft,0,40,0,96,Moderate
Kenya,Takaungu,1,21,0,50,Good
India,Taleigao,1,22,1,51,Moderate
France,Talence,1,41,0,23,Good
Afghanistan,Taloqan,1,29,0,127,Unhealthy for Sensitive Groups
Malaysia,Tangkak,2,17,8,107,Unhealthy for Sensitive Groups
China,Taoyuan,6,24,41,175,Unhealthy
Germany,Solingen,1,43,1,54,Moderate
India,Sonamukhi,4,28,12,159,Unhealthy
Russian Federation,Sorochinsk,1,38,0,18,Good
Poland,Sosnowiec,1,44,1,61,Moderate
United States of America,South Bradenton,1,71,1,14,Moderate
United States of America,South Farmingdale,1,47,5,59,Moderate
United States of America,South Gate,1,52,1,43,Moderate
United States of America,South San Francisco,1,34,2,50,Good
Germany,Stadtbergen,1,57,0,66,Moderate
Poland,Stalowa Wola,1,46,0,56,Moderate
Poland,Starogard Gdanski,1,39,0,22,Good
Russian Federation,Starotitarovskaya,1,40,0,6,Good
Romania,Strehaia,1,62,1,47,Moderate
South Africa,Stutterheim,1,18,2,54,Moderate
United States of America,Suffolk,1,49,1,51,Moderate
India,Sulya,2,12,5,87,Moderate
United States of America,Sun City West,1,25,6,80,Moderate
Italy,Vigodarzere,1,62,0,86,Moderate
Argentina,Villa Maria,1,18,1,22,Good
Italy,Villafranca Di Verona,1,54,0,83,Moderate
Lithuania,Vilnius,1,35,0,24,Good
Croatia,Vinkovci,1,67,0,52,Moderate
Peru,Viru,0,18,0,34,Good
Czechia,Vsetin,1,47,0,80,Moderate
India,Walajapet,2,34,5,107,Unhealthy for Sensitive Groups
United States of America,Walnut Creek,1,32,4,47,Good
United Kingdom of Great Britain and Northern Ireland,Waterlooville,1,23,4,36,Good
United States of America,Waunakee,1,29,2,58,Moderate
Brazil,Franca,1,2,2,52,Moderate
Italy,Francofonte,1,46,1,64,Moderate
United States of America,Fridley,1,31,6,51,Moderate
United States of America,Fuquay Varina,2,34,7,61,Moderate
United States of America,Gadsden,3,7,16,75,Moderate
Belgium,Geel,1,22,8,59,Moderate
Germany,Gehrden,1,41,3,62,Moderate
Mexico,General Escobedo,2,12,8,118,Unhealthy for Sensitive Groups
Pakistan,Ghauspur,1,47,0,169,Unhealthy
Italy,Ginosa,1,45,0,30,Good
Japan,Hondo,1,26,1,25,Good
Switzerland,Horgen,1,24,3,55,Moderate
South Africa,Howick,5,21,3,95,Moderate
Belarus,Hrodna,1,31,0,22,Good
Peru,Hualmay,1,22,1,32,Good
China,Huangcun,4,101,11,156,Unhealthy
Netherlands,Huizen,1,27,5,29,Good
United States of America,Humble,2,7,14,92,Moderate
Czechia,Humpolec,1,37,1,79,Moderate
Japan,Ibaraki,1,31,3,26,Good
India,Ichhawar,1,39,0,162,Unhealthy
Armenia,Ijevan,1,36,0,36,Good
Nigeria,Ikare,2,24,1,62,Moderate
Cambodia,Kampong Cham,0,19,0,35,Good
Guinea,Kankan,1,16,0,63,Moderate
Sweden,Karlstad,1,34,0,16,Good
Democratic Republic of the Congo,Kasongo,10,48,8,201,Very Unhealthy
Myanmar,Katha,1,19,0,18,Good
Australia,Kawana Waters,0,28,1,33,Good
Kuwait,Kayfan,2,159,5,164,Unhealthy
Japan,Kazo,1,48,2,56,Moderate
Indonesia,Kebomas,2,104,1,158,Unhealthy
United States of America,Keokuk,2,33,4,50,Good
Greece,Keratsinion,2,41,8,110,Unhealthy for Sensitive Groups
Pakistan,Khalabat,3,139,0,164,Unhealthy
India,Khalilabad,3,73,2,90,Moderate
India,Khanna,3,165,1,162,Unhealthy
Venezuela (Bolivarian Republic of),Mariara,4,3,18,165,Unhealthy
Italy,Marostica,1,37,2,64,Moderate
Germany,Marsberg,1,41,3,65,Moderate
France,Martigues,1,35,4,37,Good
Uganda,Masaka,2,16,0,65,Moderate
India,Masuri,2,83,0,119,Unhealthy for Sensitive Groups
India,Mathura,4,168,1,171,Unhealthy
Indonesia,Medan,2,54,1,101,Unhealthy for Sensitive Groups
China,Meinung,2,124,5,92,Unhealthy for Sensitive Groups
United States of America,Canyon Rim,1,7,14,58,Moderate
Brazil,Capim Grosso,0,13,0,25,Good
Romania,Caracal,1,35,2,35,Good
Italy,Carbonera,1,34,5,93,Moderate
Romania,Carei,1,40,1,64,Moderate
United Kingdom,Carrickfergus,0,28,2,23,Good
Colombia,Cartago,3,1,9,98,Moderate
Brazil,Caruaru,0,13,2,38,Good
United States of America,Casselberry,1,17,13,65,Moderate
Italy,Castelvetro Di Modena,1,32,3,34,Good
Brazil,Cataguases,2,6,4,57,Moderate
Brazil,Cerquilho,2,6,6,75,Moderate
Thailand,Chai Badan,0,30,0,48,Good
Thailand,Chaiyaphum,0,28,0,48,Good
Pakistan,Chak Azam Sahu,2,140,1,193,Unhealthy
India,Chandausi,4,174,1,159,Unhealthy
Brazil,Charqueadas,1,10,3,49,Good
France,Chatou,1,18,7,63,Moderate
India,Chatra,2,87,0,186,Unhealthy
Ukraine,Chernihiv,1,35,1,66,Moderate
United States of America,Chester,2,20,15,55,Moderate
Mexico,Chiautla,1,12,5,62,Moderate
United States of America,Chickasha,1,29,2,65,Moderate
Spain,Chipiona,1,35,1,25,Good
United Kingdom of Great Britain and Northern Ireland,Chipping Sodbury,1,21,5,49,Good
Pakistan,Choa Saidan Shah,2,99,0,144,Unhealthy for Sensitive Groups
Poland,Chorzow,2,25,10,111,Unhealthy for Sensitive Groups
Japan,Choshi,1,41,1,28,Good
United States of America,Chula Vista,2,17,20,58,Moderate
Peru,Chulucanas,1,12,1,58,Moderate
India,Churu,1,37,0,500,Hazardous
Brazil,Cianorte,1,9,1,34,Good
Turkey,Cizre,2,49,2,121,Unhealthy for Sensitive Groups
United States of America,Clearlake,1,25,4,32,Good
Guatemala,Coban,2,3,6,77,Moderate
Canada,Cochrane,1,38,0,11,Good
United States of America,Colchester,1,24,9,39,Good
Republic of Moldova,Comrat,1,38,0,36,Good
Brazil,Congonhas,2,3,7,65,Moderate
Algeria,Constantine,3,34,16,74,Moderate
Colombia,Copacabana,2,7,7,77,Moderate
United States of America,Coral Terrace,2,9,16,98,Moderate
Chile,Coronel,2,10,8,66,Moderate
France,Coudekerque Branche,1,33,1,44,Good
France,Coulommiers,1,21,4,51,Moderate
United States of America,Country Club,4,4,20,153,Unhealthy
Netherlands,Culemborg,0,33,1,35,Good
Guinea,Dabola,1,12,0,51,Moderate
Iran (Islamic Republic of),Bahar,1,56,0,78,Moderate
India,Baleshwar,2,59,1,160,Unhealthy
France,Balma,1,29,3,33,Good
Afghanistan,Baraki Barak,0,41,0,67,Moderate
India,Barpeta,2,35,1,53,Moderate
Israel,Bat Yam,1,48,4,75,Moderate
Germany,Baunatal,1,28,3,45,Good
Ghana,Bechem,2,15,1,60,Moderate
United States of America,Beckley,1,37,1,16,Good
Indonesia,Belawan,2,45,0,75,Moderate
United States of America,Bella Vista,1,23,4,88,Moderate
Canada,Belleville,1,19,5,45,Good
Russian Federation,Belomorsk,1,30,0,9,Good
Russian Federation,Beloyarsk,1,43,1,46,Good
Cameroon,Bertoua,2,16,0,71,Moderate
Namibia,Bethanien,0,22,0,113,Unhealthy for Sensitive Groups
Nepal,Bharatpur,3,69,0,93,Moderate
India,Bhatapara,1,58,1,180,Unhealthy
Nigeria,Bida,3,22,1,101,Unhealthy for Sensitive Groups
India,Bikaner,1,36,0,500,Hazardous
United Kingdom of Great Britain and Northern Ireland,Billericay,0,35,2,53,Moderate
France,Bischheim,1,23,4,65,Moderate
Belgium,Boechout,1,29,3,40,Good
Brazil,Bom Jardim,1,13,3,52,Moderate
United States of America,Bonham,1,22,3,71,Moderate
Germany,Borken,0,32,2,38,Good
Burkina Faso,Boromo,1,12,0,26,Good
Iran (Islamic Republic of),Borujerd,1,49,0,67,Moderate
France,Boulogne Sur Mer,1,35,1,50,Good
Uzbekistan,Boysun,1,48,0,79,Moderate
Australia,Brisbane,0,30,6,31,Good
Russian Federation,Bronnitsy,1,29,5,33,Good
Germany,Brunsbuttel,0,34,0,29,Good
Romania,Bucharest,1,37,4,50,Good
Australia,Buderim,0,32,1,16,Good
Malaysia,Bukit Rambai,2,35,0,77,Moderate
United States of America,Burien,2,23,13,51,Moderate
Philippines,Cabagan,1,37,0,46,Good
Philippines,Cabinuangan,1,15,0,38,Good
Guatemala,Cabrican,2,8,8,84,Moderate
France,Cachan,1,18,7,61,Moderate
Italy,Cagliari,1,49,1,64,Moderate
France,Cagnes Sur Mer,1,41,2,59,Moderate
Philippines,Cagsiay,1,30,0,46,Good
Venezuela (Bolivarian Republic of),Cagua,2,10,13,102,Unhealthy for Sensitive Groups
Philippines,Cainta,1,23,1,65,Moderate
Brazil,Caldas Novas,1,10,1,31,Good
Brazil,Camamu,0,14,0,17,Good
Portugal,Camarate,0,33,3,33,Good
Canada,Campbellton,1,13,2,19,Good
Mexico,Campeche,1,23,0,54,Moderate
Mexico,Campo Gobierno,1,14,3,81,Moderate
Nigeria,Birnin Kebbi,2,13,3,61,Moderate
United States of America,Blackfoot,2,4,6,50,Good
United States of America,Bloomington,2,15,13,64,Moderate
Brazil,Bocaiuva,1,4,3,35,Good
India,Bodri,1,38,0,174,Unhealthy
Russian Federation,Bogorodsk,1,31,3,51,Moderate
India,Boisar,0,23,0,135,Unhealthy for Sensitive Groups
Spain,Bolanos De Calatrava,1,15,4,43,Good
United States of America,Bonney Lake,2,24,12,57,Moderate
Germany,Boppard,0,27,2,31,Good
Sweden,Boras,1,37,1,27,Good
Italy,Borgomanero,1,22,5,69,Moderate
United States of America,Bothell,2,22,13,58,Moderate
Côte d'Ivoire,Bouna,1,10,0,32,Good
India,Brajrajnagar,1,48,0,162,Unhealthy
France,Bras Panon,1,27,0,41,Good
Brazil,Brasilia De Minas,0,12,1,22,Good
Germany,Bremervorde,0,29,1,31,Good
Uganda,Bugembe,7,14,4,156,Unhealthy
Brazil,Buique,0,16,0,26,Good
United States of America,Bullhead City,1,29,3,21,Good
United Republic of Tanzania,Bunda,1,12,0,31,Good
India,Bundi,1,36,0,168,Unhealthy
Romania,Calarasi,1,38,1,30,Good
Germany,Calw,1,25,3,39,Good
Brazil,Caninde De Sao Francisco,0,15,1,28,Good
United Kingdom of Great Britain and Northern Ireland,Canterbury,0,29,3,25,Good
Brazil,Carmo Do Rio Claro,1,2,3,50,Good
Brazil,Carmo,1,10,4,62,Moderate
Spain,Cartagena,1,29,3,50,Good
Brazil,Castilho,1,11,0,35,Good
Netherlands,Castricum,0,37,0,30,Good
France,Cavaillon,1,29,2,46,Good
Brazil,Caxambu,1,11,3,49,Good
Brazil,Caxias Do Sul,1,15,1,17,Good
Czechia,Celakovice,1,21,5,54,Moderate
Mexico,Cerritos,1,23,1,31,Good
India,Challakere,0,24,0,60,Moderate
Peru,Chancay,3,15,7,114,Unhealthy for Sensitive Groups
United States of America,Chandler,1,10,21,56,Moderate
Nigeria,Aba,13,6,13,196,Unhealthy
Bangladesh,Abhaynagar,2,47,3,187,Unhealthy
Hungary,Abony,1,31,1,63,Moderate
Mexico,Acambaro,1,11,2,30,Good
Ghana,Accra,1,20,1,76,Moderate
Côte d'Ivoire,Agboville,3,11,3,114,Unhealthy for Sensitive Groups
Panama,Aguadulce,2,15,6,64,Moderate
Spain,Aguilar De La Frontera,1,7,6,43,Good
Germany,Aldenhoven,1,23,4,35,Good
Spain,Alhaurin De La Torre,1,21,5,31,Good
United States of America,Allentown,1,27,9,55,Moderate
United States of America,Alliance,1,40,3,43,Good
Portugal,Almada,1,38,2,44,Good
Russian Federation,Almetyevsk,1,32,1,10,Good
United States of America,Alsip,2,15,18,74,Moderate
Madagascar,Ambanja,0,16,0,20,Good
United States of America,Ankeny,1,35,3,39,Good
France,Antibes,2,19,8,56,Moderate
Brazil,Antonina,1,11,2,31,Good
India,Aonla,4,149,4,479,Hazardous
India,Ara,2,103,1,209,Very Unhealthy
Brazil,Arcoverde,0,18,0,28,Good
Italy,Ardea,1,49,0,25,Good
United States of America,Arkansas City,1,30,3,57,Moderate
Trinidad and Tobago,Arouca,1,21,4,81,Moderate
Ukraine,Artsyz,1,39,0,36,Good
India,Ashta,1,37,0,152,Unhealthy
United States of America,Aspen Hill,1,30,6,54,Moderate
Greece,Aspropirgos,1,41,7,62,Moderate
Netherlands,Assen,0,33,1,36,Good
Guatemala,Asuncion Mita,2,13,7,73,Moderate
Ireland,Athlone,1,27,1,16,Good
United States of America,Atwater,1,44,4,38,Good
Poland,Augustow,1,37,0,14,Good
India,Auraiya,1,47,0,249,Very Unhealthy
United States of America,Aventura,1,14,12,52,Moderate
Afghanistan,Aybak,1,41,0,74,Moderate
India,Ayyampettai,1,31,0,59,Moderate
United States of America,Azle,1,18,5,55,Moderate
Germany,Bad Zwischenahn,0,33,1,26,Good
Azerbaijan,Badamdar,1,36,0,44,Good
Austria,Baden,1,31,2,58,Moderate
Italy,Bagnolo Mella,1,37,3,67,Moderate
Russian Federation,Bakal,1,35,0,28,Good
Russian Federation,Balabanovo,1,37,0,20,Good
Thailand,Ban Mo,0,28,0,50,Good
Libya,Bani Walid,1,49,1,121,Unhealthy for Sensitive Groups
Philippines,Bani,0,26,0,52,Moderate
Bangladesh,Baniachang,3,66,2,109,Unhealthy for Sensitive Groups
China,Baoning,4,146,3,153,Unhealthy
India,Bari,1,45,0,195,Unhealthy
India,Basudebpur,1,73,1,166,Unhealthy
Canada,Bay Roberts,1,25,0,15,Good
Switzerland,Aarau,1,27,2,103,Unhealthy for Sensitive Groups
Côte d'Ivoire,Abengourou,2,18,0,64,Moderate
China,Acheng,2,54,3,92,Moderate
Côte d'Ivoire,Adzope,3,15,1,75,Moderate
Niger,Aguie,2,25,2,69,Moderate
Mexico,Ajijic,1,11,3,48,Good
India,Akbarpur,2,85,1,224,Very Unhealthy
Russian Federation,Aksay,1,38,2,15,Good
India,Alapur,3,164,3,167,Unhealthy
Spain,Alboraya,1,30,2,26,Good
China,Alihe,1,32,0,42,Good
Spain,Almunecar,1,22,3,30,Good
Germany,Altenstadt,1,26,3,51,Moderate
India,Amalapuram,1,22,3,121,Unhealthy for Sensitive Groups
India,Amanganj,1,43,0,199,Unhealthy
India,Ambur,0,26,0,60,Moderate
United States of America,Amesbury,1,29,5,27,Good
India,Anantnag,1,47,0,99,Moderate
Uzbekistan,Andijon,1,95,1,118,Unhealthy for Sensitive Groups
Andorra,Andorra La Vella,1,27,0,20,Good
Italy,Andria,2,36,6,39,Good
China,Angangxi,2,60,1,79,Moderate
Germany,Anrochte,0,31,2,48,Good
Madagascar,Antananarivo,1,22,0,28,Good
El Salvador,Antiguo Cuscatlan,2,22,9,103,Unhealthy for Sensitive Groups
Philippines,Anuling,1,13,0,59,Moderate
Serbia,Apatin,1,39,1,69,Moderate
El Salvador,Apopa,3,14,12,115,Unhealthy for Sensitive Groups
Brazil,Aquidauana,1,12,0,16,Good
France,Arles,1,31,3,60,Moderate
India,Atmakur,0,29,0,57,Moderate
Italy,Atripalda,2,43,4,41,Good
United States of America,Auburn,2,12,7,57,Moderate
France,Avignon,1,31,3,66,Moderate
United States of America,Avocado Heights,4,12,35,120,Unhealthy for Sensitive Groups
Italy,Avola,1,29,3,39,Good
Peru,Ayaviri,0,3,2,25,Good
Malaysia,Ayer Tawar,2,66,1,88,Moderate
Germany,Bad Rappenau,1,28,3,50,Good
India,Bagula,5,95,4,159,Unhealthy
United Kingdom of Great Britain and Northern Ireland,Sheffield,0,30,3,31,Good
Japan,Shobara,1,44,0,33,Good
Thailand,Si Racha,0,20,0,38,Good
Philippines,Sibulan,1,15,0,90,Moderate
Switzerland,Sierre,1,34,0,53,Moderate
India,Sihor,0,31,0,152,Unhealthy
India,Sikandra,1,73,1,242,Very Unhealthy
Indonesia,Singojuruh,1,25,0,39,Good
United States of America,Sioux City,1,18,9,53,Moderate
India,Sivakasi,0,27,0,53,Moderate
Russian Federation,Skalistyy,1,29,0,8,Good
Poland,Slupca,0,31,1,39,Good
Slovakia,Snina,1,39,0,68,Moderate
Italy,Solaro,1,36,2,54,Moderate
Russian Federation,Bryukhovetskaya,1,40,1,38,Good
Brazil,Buerarema,1,7,3,43,Good
Brazil,Cacequi,0,24,0,9,Good
France,Calais,0,31,1,28,Good
Italy,Campodarsego,2,19,9,75,Moderate
India,Behat,3,176,1,107,Unhealthy
India,Bela,1,48,1,280,Hazardous
Russian Federation,Belaya Glina,1,41,0,24,Good
Russian Federation,Belebey,1,29,0,19,Good
Serbia,Belgrade,1,36,4,101,Unhealthy for Sensitive Groups
United States of America,Beltsville,1,32,5,54,Moderate
United States of America,Benbrook,1,19,4,51,Moderate
Czechia,Benesov,1,23,5,57,Moderate
Mexico,Benito Juarez,4,6,9,109,Unhealthy for Sensitive Groups
Bulgaria,Berkovica,1,36,2,78,Moderate
El Salvador,Berlin,2,8,15,69,Moderate
Germany,Bielefeld,0,28,1,32,Good
India,Bilaua,1,38,0,190,Unhealthy
Philippines,Binangonan,1,25,1,52,Moderate
Greece,Preveza,2,40,0,54,Moderate
Czechia,Pribram,1,32,3,53,Moderate
Lithuania,Prienai,0,34,0,35,Good
Tajikistan,Proletarsk,1,48,0,135,Unhealthy for Sensitive Groups
Brazil,Propria,0,14,2,29,Good
United States of America,Providence,1,24,7,34,Good
Spain,Puerto De La Cruz,1,36,0,6,Good
Peru,Querecotillo,0,20,0,50,Good
China,Qufu,5,200,6,151,Unhealthy
Italy,Racalmuto,1,34,4,53,Moderate
Viet Nam,Rach Gia,1,31,1,57,Moderate
Tunisia,Radis,1,55,2,63,Moderate
Czechia,Rakovnik,1,33,4,60,Moderate
India,Ramachandrapuram,1,22,3,140,Unhealthy for Sensitive Groups
Philippines,Ramos,1,32,1,141,Unhealthy for Sensitive Groups
United States of America,Rancho Mirage,1,36,3,46,Good
India,Ratanpur,1,64,2,188,Unhealthy
Brazil,Registro,1,9,2,53,Moderate
United States of America,Rialto,3,10,22,82,Moderate
United States of America,Ridgefield Park,2,15,21,74,Moderate
Netherlands,Rijswijk,0,35,2,31,Good
Brazil,Rio Grande Da Serra,4,2,19,153,Unhealthy
United States of America,Rohnert Park,1,26,5,30,Good
Italy,Rosignano Marittimo,1,40,2,18,Good
France,Rueil Malmaison,1,18,7,63,Moderate
Russian Federation,Ruza,1,30,0,13,Good
Georgia,Sagarejo,1,34,0,36,Good
United States of America,Saint Simons,1,29,1,41,Good
France,Saint Pol Sur Mer,1,33,1,44,Good
Thailand,Sakhon Nakhon,0,29,0,50,Good
Jordan,Sakib,1,49,3,77,Moderate
Japan,Saku,1,42,0,15,Good
United States of America,Salem,1,27,6,29,Good
Brazil,Salto De Pirapora,2,8,6,77,Moderate
Zambia,Samfya,0,19,0,40,Good
India,Samrala,2,151,1,137,Unhealthy
Mexico,San Antonio La Isla,3,9,12,131,Unhealthy for Sensitive Groups
United States of America,San Carlos,1,13,18,70,Moderate
Italy,San Ferdinando Di Puglia,2,37,6,40,Good
Colombia,San Juan Del Cesar,1,10,1,52,Moderate
India,Sangareddi,1,28,0,78,Moderate
Brazil,Santa Cruz Das Palmeiras,1,8,3,56,Moderate
Colombia,Santa Rosa De Cabal,2,3,8,85,Moderate
Brazil,Sao Bento Do Sul,1,16,1,40,Good
Brazil,Sao Caitano,0,14,2,35,Good
Brazil,Sao Luis Do Quitunde,0,20,1,25,Good
Brazil,Sao Mateus,0,19,0,26,Good
Russian Federation,Sarapul,1,24,2,46,Good
Ukraine,Sarny,1,36,0,92,Moderate
Romania,Sascut,1,37,0,56,Moderate
Japan,Sasebo,1,46,0,35,Good
Italy,Sava,1,49,3,28,Good
Netherlands,Schinnen,1,25,4,42,Good
Germany,Schortens,0,36,0,33,Good
Italy,Scicli,1,24,5,51,Moderate
Belgium,Seneffe,1,23,5,50,Good
Italy,Sestri Levante,1,46,2,38,Good
Pakistan,Shabqadar,1,58,0,73,Moderate
China,Shahe,8,202,12,180,Very Unhealthy
India,Shahgarh,1,40,0,188,Unhealthy
India,Shahkot,2,137,1,149,Unhealthy for Sensitive Groups
Iran (Islamic Republic of),Shahreza,1,48,0,113,Unhealthy for Sensitive Groups
China,Shangzhi,1,44,0,54,Moderate
United Kingdom of Great Britain and Northern Ireland,Morley,1,25,3,25,Good
Russian Federation,Mostovskoy,1,42,0,37,Good
United States of America,Mount Holly,1,31,7,50,Good
United States of America,Mountain View,1,30,11,63,Moderate
Zambia,Mpika,0,18,0,33,Good
United Republic of Tanzania,Mto Wa Mbu,0,11,0,24,Good
Turkey,Mugla,1,48,2,41,Good
Kenya,Muhoroni,5,13,4,150,Unhealthy
Germany,Munich,1,25,3,45,Good
Russian Federation,Muravlenko,1,24,0,57,Moderate
United Republic of Tanzania,Mwanza,0,14,0,24,Good
Thailand,Nakhon Thai,0,23,0,69,Moderate
Poland,Namyslow,1,22,3,39,Good
China,Nanzhang,2,120,1,78,Unhealthy for Sensitive Groups
India,Naraini,1,42,0,185,Unhealthy
Japan,Narashino,1,81,1,37,Moderate
Kenya,Narok,0,18,0,21,Good
India,Nasrullaganj,1,32,0,150,Unhealthy
Philippines,Naval,1,28,0,60,Moderate
India,Nawalgarh,1,33,0,412,Hazardous
Ethiopia,Nedjo,1,19,0,85,Moderate
India,Nedumangad,1,27,0,60,Moderate
Russian Federation,Neftekumsk,1,36,0,24,Good
France,Nemours,1,26,2,30,Good
Spain,Nerja,1,18,4,39,Good
Ukraine,Netishyn,1,24,1,60,Moderate
Philippines,New Corella,1,19,0,61,Moderate
United States of America,New Rochelle,1,26,13,64,Moderate
Malaysia,Nilai,1,39,1,67,Moderate
United States of America,North Myrtle Beach,1,39,4,50,Good
Brazil,Nossa Senhora Do Socorro,0,18,1,30,Good
Brazil,Nova Londrina,1,9,0,14,Good
Russian Federation,Novoorsk,1,41,0,16,Good
Russian Federation,Novopokrovskaya,1,39,0,27,Good
India,Nuh,1,44,1,420,Hazardous
Turkey,Nusaybin,1,34,3,88,Moderate
United Republic of Tanzania,Nyakabindi,0,13,0,20,Good
Sweden,Nykoping,1,34,0,9,Good
United States of America,Oakland Park,1,15,10,48,Good
Germany,Obertshausen,0,29,2,27,Good
Republic of Moldova,Ocnita,1,41,0,64,Moderate
United States of America,Old Bridge,1,28,9,54,Moderate
India,Mariani,2,18,4,70,Moderate
Italy,Marino,1,43,4,47,Good
France,Marmande,1,29,1,38,Good
Madagascar,Marolambo,0,22,0,13,Good
Germany,Marpingen,0,29,1,22,Good
Spain,Martorell,1,25,4,36,Good
Japan,Matsubara,1,47,0,22,Good
United States of America,Mays Chapel,1,34,4,52,Moderate
Democratic Republic of the Congo,Mbandaka,3,11,0,99,Moderate
Germany,Melle,0,30,1,26,Good
Indonesia,Meulaboh,1,18,0,55,Moderate
United States of America,Miami,1,14,11,55,Moderate
Philippines,Minglanilla,1,22,0,65,Moderate
Hungary,Miskolc,1,35,1,57,Moderate
Japan,Mitaka,1,73,3,50,Moderate
Romania,Mizil,2,27,5,70,Moderate
Serbia,Mladenovac,1,38,2,79,Moderate
Peru,Mollendo,0,21,0,15,Good
Spain,Mollet Del Valles,1,16,11,51,Moderate
France,Mondeville,1,28,3,33,Good
Brazil,Monte Alegre De Minas,1,11,2,43,Good
Brazil,Monte Mor,5,1,12,156,Unhealthy
United States of America,Monterey Park,4,4,37,127,Unhealthy for Sensitive Groups
China,Laiwu,2,140,2,81,Unhealthy for Sensitive Groups
United States of America,Lake Elsinore,2,19,13,56,Moderate
Germany,Lappersdorf,1,26,3,46,Good
France,Le Robert,0,24,0,106,Unhealthy for Sensitive Groups
Italy,Lecce,1,58,2,69,Moderate
Germany,Leinefelde,0,29,1,35,Good
Haiti,Leogane,2,23,4,86,Moderate
Brazil,Leopoldina,2,0,6,71,Moderate
China,Liaocheng,7,147,18,184,Unhealthy
Gabon,Libreville,1,27,1,131,Unhealthy for Sensitive Groups
Ireland,Limerick,1,23,3,17,Good
Austria,Linz,1,33,1,57,Moderate
China,Longfeng,2,92,1,84,Moderate
United States of America,Longmeadow,1,32,5,51,Moderate
Brazil,Lorena,3,1,7,84,Moderate
Germany,Lorsch,1,28,2,28,Good
Poland,Luban,1,25,2,35,Good
India,Madhubani,3,121,1,172,Unhealthy
Nigeria,Maiduguri,3,18,2,95,Moderate
Spain,Majadahonda,1,12,8,51,Moderate
Kenya,Makueni,6,12,3,159,Unhealthy
Uruguay,Maldonado,0,26,0,21,Good
Philippines,Mandaue,1,23,0,66,Moderate
Kenya,Mandera,0,17,0,37,Good
India,Mandla,1,35,0,156,Unhealthy
Mexico,Maneadero,1,30,4,14,Good
Romania,Mangalia,1,41,0,25,Good
India,Manihari,3,153,1,188,Unhealthy
Spain,Manlleu,1,27,1,24,Good
Brazil,Marataizes,1,12,2,36,Good
Germany,Marburg,0,29,1,30,Good
Peru,Marcona,0,23,0,17,Good
Mexico,Marfil,1,17,4,55,Moderate
Netherlands,Margraten,1,25,3,32,Good
India,Khatra,1,82,1,184,Unhealthy
Sweden,Kinna,1,37,2,29,Good
Germany,Kirchhundem,0,28,1,29,Good
United States of America,Kirksville,2,24,6,61,Moderate
Japan,Kisarazu,1,64,2,34,Moderate
United States of America,Kittery,1,43,3,47,Good
Poland,Kluczbork,1,18,6,51,Moderate
India,Kodumudi,1,30,0,71,Moderate
Russian Federation,Kolpashevo,1,39,0,11,Good
Russian Federation,Kolyvan,1,38,2,38,Good
Japan,Komono,1,53,0,22,Moderate
Japan,Konan,1,50,1,21,Good
Germany,Konigstein,0,29,2,27,Good
Germany,Korbach,0,28,1,32,Good
Côte d'Ivoire,Korhogo,1,12,0,33,Good
Thailand,Kosum Phisai,0,29,0,54,Moderate
India,Kot Putli,1,39,0,298,Hazardous
Finland,Kouvola,1,31,2,4,Good
Germany,Kreuztal,0,26,2,33,Good
Poland,Krosno,1,32,1,53,Moderate
Malaysia,Kuala Terengganu,1,40,0,75,Moderate
Japan,Kumagaya,1,49,0,16,Good
Sweden,Kungsbacka,1,35,2,33,Good
Jordan,Kuraymah,1,46,4,98,Moderate
Russian Federation,Kurganinsk,1,41,1,47,Good
Switzerland,La Chaux De Fonds,1,24,2,36,Good
Spain,La Roda,1,29,1,30,Good
Dominican Republic,La Vega,2,6,14,150,Unhealthy
United Republic of Tanzania,Laela,0,16,0,24,Good
Finland,Ilmajoki,1,31,1,29,Good
Turkey,Inegol,1,26,2,27,Good
Brazil,Ipameri,1,7,2,31,Good
Brazil,Ipaussu,1,14,0,26,Good
Brazil,Itapema,1,5,5,55,Moderate
Brazil,Itapetininga,1,14,1,27,Good
Nigeria,Jalingo,3,16,0,65,Moderate
India,Jambusar,0,31,0,153,Unhealthy
India,Jha Jha,1,87,1,184,Unhealthy
China,Jiaocheng,2,122,0,98,Unhealthy for Sensitive Groups
China,Jiaozuo,5,169,11,154,Unhealthy
China,Jinchengjiang,2,51,0,55,Moderate
Brazil,Jitauna,1,3,3,47,Good
China,Jixi,1,40,0,45,Good
United States of America,Joliet,2,20,12,61,Moderate
Iran (Islamic Republic of),Juybar,1,37,2,82,Moderate
Sudan,Kaduqli,2,12,0,45,Good
Greece,Kaisariani,2,34,12,65,Moderate
Japan,Kaizuka,1,49,0,23,Good
Japan,Kakamigahara,1,49,1,18,Good
Russian Federation,Kalininskaya,1,30,5,55,Moderate
India,Kamal,2,47,1,155,Unhealthy
Thailand,Kamalasai,0,28,0,60,Moderate
India,Kanchipuram,1,28,1,59,Moderate
India,Kankavli,0,21,0,89,Moderate
India,Kanke,1,47,0,165,Unhealthy
India,Karmala,0,30,0,112,Unhealthy for Sensitive Groups
India,Kasganj,1,61,3,476,Hazardous
Japan,Kashiwazaki,1,40,0,30,Good
Iran (Islamic Republic of),Kazerun,0,50,0,71,Moderate
Germany,Kehl,1,27,2,31,Good
India,Kendrapara,2,45,2,165,Unhealthy
United States of America,Kenmore,2,16,15,61,Moderate
India,Khagaria,4,172,1,193,Unhealthy
Philippines,Ramon,1,27,0,47,Good
Brazil,Raul Soares,1,4,3,49,Good
Israel,Reine,2,44,10,132,Unhealthy for Sensitive Groups
Ukraine,Reni,1,41,0,30,Good
Germany,Rheine,1,33,2,25,Good
Brazil,Riachao Das Neves,1,6,1,13,Good
Czechia,Ricany,1,28,2,33,Good
Senegal,Richard Toll,1,24,1,150,Unhealthy
Netherlands,Rijnsburg,1,27,5,40,Good
United States of America,Ringwood,1,46,3,52,Moderate
Brazil,Rio Branco Do Sul,1,13,5,60,Moderate
Colombia,Riosucio,3,1,5,93,Moderate
United States of America,Ripon,1,22,10,50,Good
United States of America,River Ridge,1,19,8,75,Moderate
Cuba,Rodas,1,18,3,87,Moderate
India,Rohtak,1,41,1,467,Hazardous
Thailand,Phun Phin,0,18,0,34,Good
Italy,Pineto,1,47,1,39,Good
Philippines,Pio,1,23,1,70,Moderate
Brazil,Piraju,1,16,0,30,Good
Brazil,Pirassununga,2,2,5,65,Moderate
Chile,Pitrufquen,2,2,9,60,Moderate
Mexico,Poanas,1,21,0,72,Moderate
United States of America,Pocatello,2,4,7,55,Moderate
Italy,Poggiomarino,1,41,2,15,Good
India,Ponnani,0,26,0,70,Moderate
India,Porsa,1,46,0,189,Unhealthy
South Africa,Port Alfred,1,29,0,50,Good
Brazil,Porto Seguro,1,13,1,29,Good
Russian Federation,Povorino,1,38,0,61,Moderate
Czechia,Prerov,1,30,1,36,Good
Brazil,Presidente Epitacio,0,19,0,23,Good
Ghana,Prestea,1,16,0,80,Moderate
United Kingdom of Great Britain and Northern Ireland,Preston,0,32,1,65,Moderate
Brazil,Princesa Isabel,0,12,0,24,Good
Venezuela (Bolivarian Republic of),Puerto Cabello,4,12,11,155,Unhealthy
Colombia,Puerto Carreno,1,4,1,20,Good
Spain,Puerto Lumbreras,1,32,1,28,Good
India,Pujali,3,104,3,175,Unhealthy
Myanmar,Pyinmana,0,22,0,25,Good
China,Qinnan,3,171,3,142,Unhealthy
China,Qiongshan,1,35,2,64,Moderate
India,Radhanpur,0,31,0,208,Very Unhealthy
Bulgaria,Radnevo,1,38,1,34,Good
South Africa,Pietersburg,2,32,1,56,Moderate
China,Pingliang,1,75,0,69,Moderate
Brazil,Piripiri,1,9,1,38,Good
India,Piriyapatna,0,21,0,27,Good
Russian Federation,Pochinki,1,35,0,23,Good
Montenegro,Podgorica,1,30,1,68,Moderate
Serbia,Podujevo,1,37,0,46,Good
Ukraine,Polonne,1,36,1,24,Good
Russian Federation,Poltavskaya,1,38,1,9,Good
Poland,Poniatowa,1,35,2,87,Moderate
Malaysia,Pontian Kecil,1,36,2,102,Unhealthy for Sensitive Groups
Brazil,Porto Belo,2,16,4,92,Moderate
Brazil,Porto Calvo,0,20,0,25,Good
Brazil,Porto Franco,1,5,1,46,Good
Italy,Porto Recanati,2,38,7,50,Good
Spain,Portugalete,1,41,1,17,Good
Canada,Prince Albert,1,34,0,9,Good
Russian Federation,Privolzhskiy,1,36,1,64,Moderate
Russian Federation,Pudozh,1,29,0,52,Moderate
Indonesia,Purworejo,2,42,2,92,Moderate
India,Puttur,0,27,0,67,Moderate
United Kingdom of Great Britain and Northern Ireland,Radcliffe,1,15,12,62,Moderate
Israel,Ramat Hasharon,1,48,5,69,Moderate
United States of America,Bryan,1,19,2,124,Unhealthy for Sensitive Groups
Russian Federation,Buguruslan,1,31,0,50,Good
Albania,Bulqize,1,42,0,65,Moderate
Indonesia,Bumiayu,1,37,1,73,Moderate
Democratic Republic of the Congo,Businga,3,10,0,49,Good
Brazil,Caconde,1,10,2,50,Good
Brazil,Caiaponia,1,7,1,22,Good
Italy,Caldogno,2,32,8,62,Moderate
United States of America,California City,1,41,2,58,Moderate
Italy,Calolziocorte,2,40,4,60,Moderate
Bolivia (Plurinational State of),Camiri,1,1,0,12,Good
Italy,Campobello Di Mazara,1,27,4,34,Good
Hungary,Balatonfured,1,41,0,64,Moderate
Hungary,Balmazujvaros,1,33,1,71,Moderate
United Kingdom of Great Britain and Northern Ireland,Banbury,1,24,4,26,Good
Cameroon,Banyo,2,12,0,63,Moderate
Indonesia,Banyumas,1,36,0,62,Moderate
Tunisia,Bardaw,4,28,20,114,Unhealthy for Sensitive Groups
Portugal,Barreiro,1,36,4,17,Good
India,Barsi,0,26,0,100,Unhealthy for Sensitive Groups
Germany,Barsinghausen,0,35,1,28,Good
Venezuela (Bolivarian Republic of),Baruta,1,17,6,42,Good
Kyrgyzstan,Batken,1,41,0,123,Unhealthy for Sensitive Groups
Indonesia,Baturaden,1,35,1,69,Moderate
India,Bayana,1,64,0,211,Very Unhealthy
Russian Federation,Baykalsk,1,31,0,30,Good
United States of America,Bayonet Point,1,22,10,64,Moderate
Poland,Zabki,1,41,0,31,Good
Japan,Zama,2,28,11,76,Moderate
China,Zhaoqing,4,8,21,145,Unhealthy for Sensitive Groups
China,Zhaoyuan,3,29,5,87,Moderate
China,Zhuozhou,5,19,33,162,Unhealthy
Mexico,Canoa,1,13,6,105,Unhealthy for Sensitive Groups
Italy,Capoterra,1,38,3,53,Moderate
Italy,Capurso,1,56,2,58,Moderate
Italy,Castellanza,2,26,7,72,Moderate
United States of America,Catano,0,22,0,39,Good
United States of America,Cave Spring,2,28,6,60,Moderate
United States of America,Cedar Mill,1,8,15,52,Moderate
United States of America,Cedar Rapids,1,35,2,32,Good
Italy,Celano,1,37,2,88,Moderate
Slovenia,Celje,1,41,3,85,Moderate
South Africa,Ceres,3,14,2,119,Unhealthy for Sensitive Groups
Brazil,Cerqueira Cesar,1,14,1,53,Moderate
Czechia,Ceska Trebova,1,44,1,74,Moderate
Russian Federation,Khasanya,1,37,0,31,Good
Thailand,Khlong Luang,1,27,2,73,Moderate
Greece,Kholargos,1,45,0,50,Good
United Republic of Tanzania,Kidodi,0,17,0,16,Good
Iraq,Kifri,2,114,1,135,Unhealthy for Sensitive Groups
United Republic of Tanzania,Kigonsera,0,18,0,11,Good
United States of America,King City,1,36,1,21,Good
United States of America,Kingsville,1,19,2,99,Moderate
Belgium,Kinrooi,1,31,3,42,Good
Germany,Kirchheim,1,36,4,55,Moderate
United Republic of Tanzania,Kisanga,0,17,0,18,Good
Belarus,Kobryn,1,38,0,34,Good
Japan,Kokubu,1,39,1,26,Good
Austria,Korneuburg,1,42,2,63,Moderate
Greece,Kos,1,48,0,63,Moderate
Guinea,Koundara,1,20,0,153,Unhealthy
Poland,Krapkowice,1,38,1,75,Moderate
Russian Federation,Krasnoturinsk,1,32,0,4,Good
Russian Federation,Krasnoufimsk,1,27,0,37,Good
Russian Federation,Kubinka,1,24,4,65,Moderate
India,Kudal,0,22,0,82,Moderate
Albania,Kukes,1,41,0,59,Moderate
Latvia,Kuldiga,1,36,0,43,Good
India,Kulu,1,48,0,68,Moderate
Germany,Kummersbruck,1,46,1,53,Moderate
Switzerland,Kussnacht,1,32,1,40,Good
France,La Seyne Sur Mer,1,22,16,108,Unhealthy for Sensitive Groups
Belgium,Laarne,1,27,5,41,Good
Russian Federation,Labinsk,1,35,1,24,Good
Cameroon,Lagdo,2,15,0,64,Moderate
Uganda,Kamwenge,2,16,0,63,Moderate
China,Karamay,1,41,0,104,Unhealthy for Sensitive Groups
Indonesia,Karangsembung,1,41,0,73,Moderate
India,Karanja,1,30,0,152,Unhealthy
Germany,Karben,1,41,2,64,Moderate
Russian Federation,Kataysk,1,33,0,23,Good
Papua New Guinea,Kavieng,0,19,0,65,Moderate
Japan,Kazuno,1,36,1,22,Good
Israel,Kefar Sava,1,48,5,67,Moderate
Finland,Kemi,1,17,6,36,Good
Greece,Khalandrion,1,45,0,50,Good
Pakistan,Kharan,1,46,0,154,Unhealthy
Germany,Lampertheim,1,35,3,60,Moderate
Sweden,Landskrona,0,36,0,18,Good
Germany,Langenhagen,0,35,1,22,Good
Netherlands,Laren,1,30,2,16,Good
United States of America,Largo,1,33,4,62,Moderate
Panama,Las Cumbres,3,16,12,97,Moderate
Germany,Lauingen,1,27,6,53,Moderate
France,Le Cannet,2,20,9,100,Unhealthy for Sensitive Groups
Spain,Leganes,1,28,3,16,Good
Italy,Legnano,1,33,6,75,Moderate
United States of America,Lenexa,1,34,4,53,Moderate
Russian Federation,Leninsk,1,40,0,49,Good
Russian Federation,Lesozavodsk,1,31,0,37,Good
Canada,Lethbridge,1,38,0,13,Good
China,Lianran,1,19,1,31,Good
United States of America,Glen Allen,2,35,5,53,Moderate
Indonesia,Gombong,1,37,0,63,Moderate
Netherlands,Gorssel,0,30,2,17,Good
Poland,Gostyn,1,37,1,84,Moderate
Burkina Faso,Gourcy,1,19,0,66,Moderate
Russian Federation,Gryazi,1,35,0,49,Good
Pakistan,Gujar Khan,2,130,0,151,Unhealthy
Russian Federation,Gus Khrustalnyy,1,35,0,27,Good
Japan,Gushikawa,1,41,0,22,Good
Italy,Gussago,2,26,7,61,Moderate
Viet Nam,Ha Tinh,1,28,0,38,Good
United States of America,Hackensack,3,8,32,117,Unhealthy for Sensitive Groups
Iran (Islamic Republic of),Hadishahr,1,36,0,29,Good
Ethiopia,Hagere Hiywet,1,24,0,54,Moderate
United States of America,Ham Lake,1,41,3,50,Good
Germany,Hamm,1,33,2,40,Good
India,Harihar,0,22,0,53,Moderate
United Kingdom of Great Britain and Northern Ireland,Harpenden,0,30,2,16,Good
Germany,Haselunne,0,33,1,14,Good
Iran (Islamic Republic of),Hashtgerd,2,122,3,133,Unhealthy for Sensitive Groups
Finland,Haukipudas,1,20,5,40,Good
United States of America,Hazel Park,1,30,5,37,Good
United Kingdom of Great Britain and Northern Ireland,Heanor,1,21,7,42,Good
Germany,Hechingen,1,34,2,51,Moderate
Spain,Hellin,1,24,1,26,Good
United States of America,Highland,2,11,18,69,Moderate
Japan,Hiji,1,39,1,18,Good
Germany,Hilden,1,31,3,49,Good
Japan,Hirara,1,42,0,16,Good
India,Hirekerur,0,22,0,57,Moderate
United Kingdom of Great Britain and Northern Ireland,Hitchin,1,26,5,18,Good
Belgium,Hoogstraten,1,29,3,29,Good
China,Houma,2,142,3,80,Unhealthy for Sensitive Groups
Poland,Hrubieszow,1,37,1,62,Moderate
China,Hsinhua,2,113,3,79,Unhealthy for Sensitive Groups
Peru,Huanta,1,2,2,19,Good
Sweden,Hudiksvall,0,26,0,17,Good
Spain,Huesca,1,19,2,37,Good
United Kingdom,Hull,2,20,14,59,Moderate
China,Huwei,2,66,6,60,Moderate
Finland,Iisalmi,1,32,1,29,Good
China,Shenyang,4,85,6,125,Unhealthy for Sensitive Groups
Bangladesh,Sherpur,2,65,1,60,Moderate
Kazakhstan,Shieli,1,41,0,49,Good
India,Shiggaon,0,22,0,53,Moderate
India,Shujalpur,1,37,0,192,Unhealthy
China,Shulan,2,76,1,59,Moderate
Iran (Islamic Republic of),Shush,1,97,0,98,Moderate
Mexico,Silao,2,16,6,130,Unhealthy for Sensitive Groups
Indonesia,Singosari,1,36,1,72,Moderate
Russian Federation,Skopin,1,35,0,42,Good
Russian Federation,Smolensk,1,35,0,13,Good
Russian Federation,Sobinka,1,33,2,37,Good
Philippines,Danao,1,21,0,67,Moderate
Syrian Arab Republic,Darayya,1,58,1,166,Unhealthy
United States of America,Davis,1,26,9,50,Good
Ethiopia,Debre Zeyit,1,25,0,64,Moderate
United States of America,Dennis,1,37,3,18,Good
Ukraine,Dergachi,1,35,0,52,Moderate
India,Deshnok,1,39,0,320,Hazardous
India,Dharmadam,1,23,0,67,Moderate
Switzerland,Dietikon,1,37,1,53,Moderate
Mali,Djenne,1,18,1,67,Moderate
Germany,Dobeln,1,31,4,69,Moderate
Slovakia,Dolny Kubin,1,39,0,60,Moderate
Russian Federation,Donskoy,1,35,0,33,Good
Germany,Duderstadt,1,37,4,53,Moderate
Pakistan,Dunga Bunga,3,162,0,157,Unhealthy
Belgium,Durbuy,1,35,4,64,Moderate
India,Durgapur,3,85,1,128,Unhealthy for Sensitive Groups
Uzbekistan,Dustlik,1,47,0,169,Unhealthy
United States of America,East Riverdale,2,25,12,53,Moderate
Switzerland,Ecublens,1,30,1,59,Moderate
Colombia,El Reten,2,9,3,62,Moderate
United States of America,El Segundo,3,7,33,111,Unhealthy for Sensitive Groups
China,Linxi,3,157,3,125,Unhealthy
United Kingdom of Great Britain and Northern Ireland,Lisburn,1,28,3,17,Good
United States of America,Lisle,2,32,8,50,Good
Kenya,Lodwar,1,16,0,26,Good
Poland,Lomianki,1,31,3,91,Moderate
United States of America,Lompoc,1,35,3,38,Good
Colombia,Los Patios,1,10,3,38,Good
Germany,Ludinghausen,1,33,2,34,Good
Germany,Ludwigslust,0,32,1,14,Good
Brazil,Macaparana,0,17,2,31,Good
Romania,Macin,1,40,0,20,Good
Italy,Macomer,1,26,5,50,Good
India,Madhupur,3,93,1,103,Unhealthy for Sensitive Groups
Cuba,Madruga,1,19,2,49,Good
Thailand,Mae Tha,0,22,0,21,Good
Iran (Islamic Republic of),Mahabad,1,44,0,66,Moderate
India,Mahabaleshwar,0,22,0,79,Moderate
India,Mahudha,1,38,0,164,Unhealthy
France,Maisons Alfort,1,24,5,65,Moderate
India,Malegaon,0,27,0,133,Unhealthy for Sensitive Groups
Colombia,Manizales,3,0,6,108,Unhealthy for Sensitive Groups
United States of America,Manteca,1,30,6,35,Good
Mozambique,Maputo,1,28,0,41,Good
India,Marakkanam,1,29,1,76,Moderate
Germany,Marbach,2,28,7,53,Moderate
Germany,Markkleeberg,1,36,2,60,Moderate
Spain,Marratxi,1,49,1,94,Moderate
Italy,Marsala,1,26,5,32,Good
Mexico,Maxcanu,1,18,1,50,Good
Uganda,Mbarara,2,16,0,48,Good
China,Meihekou,2,56,0,44,Moderate
United States of America,Melrose,2,19,15,65,Moderate
India,Memari,4,147,3,160,Unhealthy
Mexico,Meoqui,1,27,0,32,Good
France,Meru,1,25,4,59,Moderate
Germany,Mettingen,0,33,1,19,Good
France,Mougins,2,20,9,100,Unhealthy for Sensitive Groups
Uganda,Moyo,1,21,0,58,Moderate
Chile,Mulchen,1,10,5,45,Good
France,Mulhouse,2,21,4,63,Moderate
Sri Lanka,Mulleriyawa,0,22,0,67,Moderate
Ukraine,Nadvirna,1,32,1,51,Moderate
Israel,Nahariyya,1,45,7,74,Moderate
Thailand,Nang Rong,0,26,0,39,Good
China,Nanning,3,128,2,116,Unhealthy for Sensitive Groups
India,Narayanpet,0,25,0,73,Moderate
United States of America,Natick,2,15,18,74,Moderate
Pakistan,Naudero,1,97,1,184,Unhealthy
China,Neijiang,9,26,31,183,Unhealthy
Ukraine,Nemyriv,1,37,1,18,Good
Russian Federation,Nesterovskaya,1,44,0,36,Good
United States of America,New Ulm,1,42,1,45,Good
United Kingdom of Great Britain and Northern Ireland,Newton Abbot,1,24,6,58,Moderate
Germany,Niederkassel,1,36,2,55,Moderate
Belgium,Nieuwpoort,1,29,3,31,Good
India,Nirmali,3,85,0,59,Moderate
India,Nizamabad,1,31,0,108,Unhealthy for Sensitive Groups
Russian Federation,Nizhniy Tagil,1,30,0,40,Good
Oman,Nizwa,1,81,0,116,Unhealthy for Sensitive Groups
Malawi,Nkhotakota,1,19,0,59,Moderate
Canada,North Battleford,1,33,0,6,Good
Germany,Northeim,1,37,1,47,Good
Brazil,Nova Era,1,11,2,45,Good
Brazil,Nova Iguacu,5,1,21,164,Unhealthy
Serbia,Novi Sad,1,42,1,118,Unhealthy for Sensitive Groups
Russian Federation,Novoaltaysk,1,35,1,56,Moderate
Russian Federation,Novoanninskiy,1,35,0,50,Good
Israel,Ofaqim,1,49,2,69,Moderate
United States of America,Ogdensburg,1,18,5,45,Good
Japan,Mibu,1,37,1,11,Good
United States of America,Mill Creek,1,31,5,35,Good
France,Millau,1,36,1,144,Unhealthy for Sensitive Groups
Russian Federation,Millerovo,1,40,0,43,Good
Italy,Mira,2,30,7,60,Moderate
Libya,Mizdah,1,31,0,155,Unhealthy
Brazil,Moji Das Cruzes,7,0,21,170,Unhealthy
Indonesia,Mojosari,2,62,1,135,Unhealthy for Sensitive Groups
Philippines,Molave,0,14,0,38,Good
United States of America,Monticello,1,41,3,52,Moderate
Peru,Moquegua,0,12,1,21,Good
Poland,Morag,1,30,1,71,Moderate
United States of America,Moreno Valley,2,8,19,69,Moderate
Brazil,Girua,0,22,0,13,Good
Burundi,Gitega,1,26,0,56,Moderate
France,Givors,1,60,0,67,Moderate
Ethiopia,Goba,1,21,0,54,Moderate
United States of America,Goffstown,1,33,1,35,Good
Brazil,Goianinha,0,23,0,19,Good
France,Gradignan,1,41,0,21,Good
Brazil,Grajau,0,16,0,22,Good
Costa Rica,Grecia,1,20,2,52,Moderate
Germany,Griesheim,1,63,0,60,Moderate
Netherlands,Grootegast,1,37,0,38,Good
United States of America,Grove City,1,43,1,42,Good
United States of America,Guayama,0,29,0,129,Unhealthy for Sensitive Groups
Ethiopia,Guder,1,21,0,44,Good
India,Guskhara,5,33,12,160,Unhealthy
Netherlands,Haaren,1,40,0,41,Good
Japan,Hakodate,1,37,1,50,Good
Japan,Hakone,1,35,5,70,Moderate
United States of America,Hampton,1,33,2,41,Good
India,Harduaganj,5,48,17,170,Unhealthy
Pakistan,Harnoli,4,52,5,174,Unhealthy
India,Harsud,1,39,1,193,Unhealthy
Japan,Hashima,3,10,23,125,Unhealthy for Sensitive Groups
Dominican Republic,Hato Mayor,1,33,0,126,Unhealthy for Sensitive Groups
Japan,Hatogaya,2,25,20,85,Moderate
Netherlands,Heemstede,1,38,0,32,Good
Mexico,Hermosillo,1,26,0,80,Moderate
Germany,Hessisch Lichtenau,1,46,0,55,Moderate
Egypt,Hihya,1,119,2,76,Unhealthy for Sensitive Groups
Japan,Himi,2,35,13,104,Unhealthy for Sensitive Groups
India,Hindoria,3,72,2,163,Unhealthy
India,Hingoli,1,31,3,158,Unhealthy
United States of America,Hinsdale,1,33,4,58,Moderate
Czechia,Hlucin,1,46,0,74,Moderate
Ghana,Ho,1,26,0,45,Good
Germany,Hohen Neuendorf,1,45,0,26,Good
Czechia,Holesov,1,47,0,71,Moderate
South Africa,Hoopstad,2,21,6,108,Unhealthy for Sensitive Groups
United States of America,Hormigueros,0,28,0,110,Unhealthy for Sensitive Groups
China,Hsinying,6,2,39,167,Unhealthy
China,Huanan,3,38,6,125,Unhealthy for Sensitive Groups
China,Huangnihe,3,34,2,91,Moderate
Peru,Huaraz,0,9,0,8,Good
Peru,Huarmey,0,20,0,29,Good
India,Hyderabad,8,11,19,201,Very Unhealthy
Brazil,Ibicarai,0,25,0,26,Good
Belgium,Ichtegem,1,36,0,32,Good
Nigeria,Ila,2,38,0,75,Moderate
Japan,Inawashiro,3,6,18,72,Moderate
Brazil,Iranduba,1,5,0,52,Moderate
Hungary,Isaszeg,1,65,0,59,Moderate
Germany,Iserlohn,1,44,0,53,Moderate
France,Issoire,1,42,0,64,Moderate
Brazil,Itapecerica,1,25,0,29,Good
India,Itimadpur,6,38,14,181,Unhealthy
Japan,Iwade,1,30,6,67,Moderate
Japan,Iwanai,1,32,3,58,Moderate
Slovenia,Izola,1,50,0,82,Moderate
Serbia,Jagodina,1,52,0,56,Moderate
India,Jalpaiguri,5,19,10,151,Unhealthy
India,Jammu,4,53,4,158,Unhealthy
Finland,Janakkala,1,36,0,4,Good
Indonesia,Jaten,6,8,18,168,Unhealthy
Pakistan,Jatoi,2,47,3,186,Unhealthy
India,Jetpur,1,20,1,58,Moderate
Ethiopia,Jijiga,1,21,0,90,Moderate
Malaysia,Jitra,3,17,9,134,Unhealthy for Sensitive Groups
United States of America,Johnstown,1,41,2,52,Moderate
Brazil,Jucurutu,0,24,0,18,Good
Brazil,Julio De Castilhos,0,19,0,15,Good
Turkey,Kahramanmaras,1,43,0,54,Moderate
India,Kalyan,7,7,16,180,Unhealthy
India,Kamareddi,2,42,3,176,Unhealthy
Russian Federation,Kamenolomni,1,46,1,25,Good
Japan,Kamifukuoka,2,19,22,89,Moderate
Germany,Kamp Lintfort,1,37,1,50,Good
Russian Federation,Kamyzyak,1,43,0,97,Moderate
Sri Lanka,Kandana,1,21,3,83,Moderate
Pakistan,Kandiaro,1,30,3,136,Unhealthy for Sensitive Groups
Turkey,Karamursel,1,63,0,64,Moderate
India,Karanpura,4,67,7,172,Unhealthy
India,Kashipur,4,19,12,159,Unhealthy
Pakistan,Kasur,4,76,8,173,Unhealthy
Nigeria,Katsina,2,45,0,79,Moderate
United States of America,Katy,0,26,0,27,Good
Turkey,Kavakli,1,40,1,62,Moderate
Russian Federation,Kazan,1,34,3,43,Good
Indonesia,Kendari,1,18,0,56,Moderate
United States of America,Kennewick,1,28,2,37,Good
Germany,Ketsch,1,60,0,65,Moderate
Iran (Islamic Republic of),Alvand,1,46,0,30,Good
United States of America,Americus,2,23,5,57,Moderate
India,Amli,0,25,0,105,Unhealthy for Sensitive Groups
United States of America,Ammon,1,14,5,49,Good
Thailand,Amnat Charoen,1,27,0,46,Good
Iran (Islamic Republic of),Amol,1,41,0,53,Moderate
India,Anaimalai,1,23,0,57,Moderate
United States of America,Anchorage,1,26,3,69,Moderate
India,Anjangaon,1,38,0,114,Unhealthy for Sensitive Groups
Brazil,Araguari,1,5,1,40,Good
Papua New Guinea,Arawa,0,12,0,50,Good
United States of America,Ardmore,1,35,2,45,Good
Philippines,Abucay,1,27,1,47,Good
Equatorial Guinea,Aconibe,1,20,0,52,Moderate
Philippines,Aguisan,1,17,0,50,Good
Iran (Islamic Republic of),Ahar,1,39,0,50,Good
Russian Federation,Akhtubinsk,1,38,0,3,Good
Turkey,Alasehir,1,44,0,82,Moderate
France,Albi,1,31,2,58,Moderate
Spain,Alcazar De San Juan,1,24,2,51,Moderate
Russian Federation,Aleksandriyskaya,1,37,1,57,Moderate
Russian Federation,Aleksandrov,1,21,6,56,Moderate
Greece,Alexandroupoli,1,41,0,41,Good
Spain,Algemesi,1,27,1,50,Good
Spain,Alhaurin El Grande,1,32,4,30,Good
India,Alipur,5,167,4,174,Unhealthy
Pakistan,Shahdadkot,1,57,1,158,Unhealthy
Germany,Schluchtern,1,38,4,66,Moderate
Brazil,Schroeder,1,12,4,56,Moderate
Germany,Schuttorf,1,19,8,53,Moderate
Germany,Schwaigern,1,37,2,66,Moderate
Austria,Schwaz,1,23,2,57,Moderate
Japan,Sennan,1,30,2,22,Good
El Salvador,Sensuntepeque,3,0,13,104,Unhealthy for Sensitive Groups
Russian Federation,Severo Zadonsk,1,35,0,33,Good
Iran (Islamic Republic of),Shahr E Babak,0,44,0,84,Moderate
Russian Federation,Shakhunya,1,31,1,57,Moderate
China,Shanting,4,170,5,165,Unhealthy
Japan,Omama,1,44,1,31,Good
South Africa,Orkney,10,16,14,182,Unhealthy
Nigeria,Oshogbo,4,23,3,134,Unhealthy for Sensitive Groups
Belgium,Oud Heverlee,1,26,4,45,Good
United States of America,Overlea,1,31,7,33,Good
Poland,Ozorkow,1,27,3,65,Moderate
Portugal,Paco De Arcos,0,32,4,34,Good
Panama,Pacora,4,11,13,134,Unhealthy for Sensitive Groups
United States of America,Palm Bay,1,25,7,51,Moderate
United States of America,Palos Verdes Estates,3,13,39,93,Moderate
Guatemala,Panajachel,2,13,9,82,Moderate
France,Pantin,1,19,7,61,Moderate
Brazil,Paraisopolis,1,9,4,58,Moderate
Brazil,Paranapanema,1,14,1,31,Good
Uzbekistan,Parkent,1,63,1,91,Moderate
Iran (Islamic Republic of),Parsabad,1,36,0,46,Good
United States of America,Parsons,1,27,3,87,Moderate
Panama,Pedregal,1,19,3,55,Moderate
United States of America,Perth Amboy,2,18,17,58,Moderate
United States of America,Petersburg,1,41,2,42,Good
Thailand,Phayao,0,26,0,34,Good
Thailand,Phon Thong,0,30,0,47,Good
Colombia,Piedecuesta,1,9,3,35,Good
Mexico,Pijijiapan,1,18,1,68,Moderate
Russian Federation,Pionerskiy,0,33,0,33,Good
Bangladesh,Pirojpur,3,47,3,138,Unhealthy for Sensitive Groups
Colombia,Pitalito,2,1,2,55,Moderate
Brazil,Pitanga,1,12,0,36,Good
Brazil,Planaltina,1,6,5,70,Moderate
United States of America,Plant City,2,5,23,83,Moderate
Viet Nam,Play Cu,1,21,0,39,Good
Indonesia,Polewali,1,16,0,30,Good
France,Pont A Mousson,1,23,3,65,Moderate
United States of America,Northglenn,2,4,16,78,Moderate
Italy,Nova Milanese,1,34,5,104,Unhealthy for Sensitive Groups
Bosnia and Herzegovina,Novi Travnik,1,33,0,47,Good
Russian Federation,Novocheboksarsk,1,31,1,51,Moderate
Russian Federation,Novosilikatnyy,1,45,1,48,Good
Russian Federation,Novotitarovskaya,1,35,1,37,Good
Poland,Nowy Sacz,1,33,1,95,Moderate
Poland,Oborniki,0,31,1,35,Good
Turkey,Odemis,1,39,1,45,Good
United States of America,Odessa,1,30,1,66,Moderate
India,Odlabari,1,39,0,50,Good
India,Ojhar,0,27,0,127,Unhealthy for Sensitive Groups
Russian Federation,Okulovka,1,36,0,52,Moderate
Latvia,Olaine,1,31,0,37,Good
Italy,Olgiate Olona,1,37,4,105,Unhealthy for Sensitive Groups
South Africa,Giyani,1,23,0,45,Good
Ethiopia,Giyon,1,24,0,86,Moderate
United States of America,Glen Avon,3,8,25,91,Moderate
United States of America,Glen Cove,2,13,24,71,Moderate
United States of America,Glenview,2,24,19,62,Moderate
United States of America,Gloucester,1,27,5,30,Good
India,Gobardanga,6,89,7,177,Unhealthy
Brazil,Goiania,3,2,8,93,Moderate
India,Gopalganj,4,154,1,173,Unhealthy
France,Grande Synthe,1,33,1,45,Good
Chile,Graneros,3,4,15,134,Unhealthy for Sensitive Groups
Lithuania,Grigiskes,0,34,0,34,Good
Germany,Gronau,0,33,1,36,Good
Ecuador,Gualaceo,1,5,1,15,Good
Guatemala,Gualan,2,6,3,68,Moderate
Mexico,Guanajuato,1,17,3,41,Good
Brazil,Guapo,3,0,8,93,Moderate
India,Ingraj Bazar,2,83,1,78,Moderate
New Zealand,Invercargill,0,12,1,14,Good
United States of America,Ionia,1,34,4,44,Good
Malaysia,Ipoh,1,38,0,69,Moderate
Democratic Republic of the Congo,Isiro,2,7,0,39,Good
Turkey,Iskilip,1,40,0,19,Good
Russian Federation,Iskitim,1,36,0,36,Good
France,Issy Les Moulineaux,1,18,7,63,Moderate
Brazil,Itamarandiba,1,7,2,32,Good
Japan,Itami,1,43,1,18,Good
Brazil,Itaporanga,1,13,1,31,Good
Brazil,Itaqui,1,12,0,8,Good
Mexico,Ixtapaluca,5,6,21,321,Hazardous
India,Jangaon,1,28,0,101,Unhealthy for Sensitive Groups
United States of America,Jensen Beach,1,21,6,48,Good
China,Jiangkou,3,180,3,94,Unhealthy
Brazil,Jussara,1,10,1,38,Good
Germany,Kaarst,1,27,3,42,Good
Philippines,Kabankalan,1,16,0,81,Moderate
Nigeria,Kafanchan,7,12,3,104,Unhealthy for Sensitive Groups
United States of America,Kahului,0,27,0,26,Good
China,Kaihua,0,23,0,13,Good
India,Kailaras,1,44,0,227,Very Unhealthy
India,Kamalapuram,0,27,0,95,Moderate
Pakistan,Kamalia,2,137,1,192,Unhealthy
Pakistan,Kambar,1,61,2,173,Unhealthy
Japan,Kanie,1,44,1,16,Good
Kenya,Kapenguria,2,27,0,64,Moderate
Germany,Karlsruhe,1,28,3,55,Moderate
Germany,Karlstadt,1,32,2,49,Good
India,Karwar,0,26,0,81,Moderate
Japan,Kasaoka,1,45,1,33,Good
Burkina Faso,Kaya,2,15,2,38,Good
Malaysia,Kepala Batas,1,56,0,76,Moderate
Ukraine,Kerch,1,40,0,17,Good
Kenya,Kerugoya,2,20,1,62,Moderate
Philippines,Olongapo,0,25,0,66,Moderate
Switzerland,Onex,1,27,1,35,Good
Netherlands,Opmeer,1,29,4,37,Good
Hungary,Oroszlany,1,26,2,55,Moderate
Italy,Ortona,1,45,1,34,Good
Italy,Ostuni,1,57,0,37,Moderate
Indonesia,Padang,2,32,0,57,Moderate
China,Paiho,3,60,10,126,Unhealthy for Sensitive Groups
Brazil,Papagaios,3,1,10,88,Moderate
Brazil,Parambu,0,12,0,16,Good
Italy,Partanna,1,45,0,66,Moderate
France,Parthenay,1,28,2,28,Good
Germany,Passau,1,28,1,28,Good
Guatemala,Patzun,4,4,13,114,Unhealthy for Sensitive Groups
Bulgaria,Pavlikeni,1,39,1,48,Good
Russian Federation,Pavlovskiy Posad,1,31,0,27,Good
Uruguay,Paysandu,0,16,0,18,Good
United States of America,Pearl,1,21,3,55,Moderate
Brazil,Pedro Leopoldo,5,0,10,150,Unhealthy
Belgium,Peer,1,32,3,37,Good
Germany,Pegnitz,1,27,2,27,Good
Mozambique,Pemba,0,22,0,32,Good
Philippines,Penaranda,1,25,1,78,Moderate
Italy,Penne,1,45,1,34,Good
Panama,Penonome,1,18,2,51,Moderate
Romania,Petrila,1,40,0,53,Moderate
Thailand,Phetchabun,0,21,0,44,Good
United States of America,Hobbs,1,33,0,82,Moderate
Israel,Hod Hasharon,1,48,4,78,Moderate
India,Honavar,0,25,0,65,Moderate
Ukraine,Horodnya,1,35,1,61,Moderate
Switzerland,Horw,1,25,2,95,Moderate
Netherlands,Houten,0,34,1,35,Good
Peru,Huacho,1,20,1,38,Good
Thailand,Huai Mek,0,28,0,44,Good
Guatemala,Huehuetenango,2,7,6,73,Moderate
Germany,Hullhorst,0,34,1,37,Good
Uganda,Iganga,4,29,1,111,Unhealthy for Sensitive Groups
Mexico,Iguala,1,11,5,51,Moderate
United Republic of Tanzania,Ikwiriri,0,19,0,29,Good
Peru,Ilave,0,14,1,25,Good
United States of America,Gloucester City,1,29,8,53,Moderate
Brazil,Goianira,3,1,8,87,Moderate
United States of America,Golden Gate,1,21,5,42,Good
United States of America,Golden Valley,1,40,4,50,Good
United States of America,Goldenrod,1,16,15,55,Moderate
Nigeria,Gombe,3,24,0,60,Moderate
United States of America,Goodlettsville,1,32,4,79,Moderate
Russian Federation,Gornozavodsk,1,28,0,27,Good
Senegal,Goudomp,1,26,0,123,Unhealthy for Sensitive Groups
United States of America,Grand Rapids,3,7,19,75,Moderate
United States of America,Grandview,1,32,9,70,Moderate
United States of America,Grass Valley,2,25,8,54,Moderate
United Kingdom of Great Britain and Northern Ireland,Great Sankey,1,20,6,32,Good
United States of America,Greece,1,34,5,45,Good
India,Gudalur,1,33,3,91,Moderate
France,Francheville,1,26,2,37,Good
Germany,Freilassing,1,31,2,18,Good
Spain,Fuenlabrada,1,13,7,50,Good
Germany,Gaildorf,1,24,3,38,Good
India,Gandhidham,0,32,0,166,Unhealthy
India,Gangapur,1,35,0,120,Unhealthy for Sensitive Groups
Liberia,Ganta,1,11,0,47,Good
Lithuania,Gargzdai,1,32,1,51,Moderate
India,Garui,3,91,3,198,Unhealthy
Brazil,Getulio Vargas,0,18,0,14,Good
Romania,Gherla,1,42,0,73,Moderate
United Kingdom of Great Britain and Northern Ireland,Giffnock,1,22,5,28,Good
Kenya,Gilgil,1,17,0,46,Good
Italy,Giovinazzo,1,48,1,45,Good
United States of America,Coatesville,1,29,7,52,Moderate
Italy,Cologno Al Serio,1,34,3,54,Moderate
Italy,Concorezzo,1,37,3,59,Moderate
Poland,Cracow,1,32,3,58,Moderate
Mexico,Cuautepec,2,16,5,160,Unhealthy
Romania,Cugir,1,39,0,70,Moderate
Italy,Cuneo,2,15,4,65,Moderate
Philippines,Dadiangas,0,17,0,54,Moderate
United States of America,Downers Grove,2,13,19,73,Moderate
Brazil,Duartina,1,11,2,35,Good
India,Dubrajpur,2,107,1,197,Unhealthy
Luxembourg,Dudelange,1,26,2,23,Good
India,Dudhani,0,28,0,81,Moderate
United Kingdom of Great Britain and Northern Ireland,Dunfermline,1,19,9,36,Good
India,Dungarpur,1,39,0,167,Unhealthy
India,Durg,1,46,0,157,Unhealthy
Russian Federation,Dyatkovo,0,34,0,40,Good
United States of America,East Saint Louis,3,10,22,94,Moderate
Germany,Eching,1,26,3,48,Good
Kenya,Eldoret,3,31,0,74,Moderate
United States of America,Elk City,1,30,1,54,Moderate
France,Epinay Sous Senart,1,26,3,38,Good
Nigeria,Eruwa,9,5,7,169,Unhealthy
India,Etah,1,50,3,437,Hazardous
Belgium,Eupen,0,25,2,30,Good
United States of America,Fairfax,1,31,5,54,Moderate
Senegal,Fatick,1,28,3,135,Unhealthy for Sensitive Groups
Nigeria,Fiditi,5,18,3,98,Moderate
United States of America,Flint,2,25,10,84,Moderate
United States of America,Forest City,1,25,11,48,Good
Germany,Forst,1,18,6,38,Good
India,Gurh,1,42,1,204,Very Unhealthy
Philippines,Hagonoy,1,27,0,52,Moderate
Austria,Hallein,1,32,1,11,Good
Japan,Hamura,1,52,2,36,Moderate
India,Harij,0,32,0,182,Unhealthy
United States of America,Haslett,2,23,8,77,Moderate
United States of America,Hayesville,1,21,8,42,Good
United Kingdom of Great Britain and Northern Ireland,Haywards Heath,1,17,10,32,Good
Netherlands,Heerde,0,30,2,31,Good
China,Helong,1,41,0,38,Good
Costa Rica,Heredia,2,7,10,64,Moderate
Spain,Hernani,0,40,0,41,Good
United States of America,Hickory Hills,2,14,19,75,Moderate
United Kingdom of Great Britain and Northern Ireland,High Wycombe,1,12,8,33,Good
India,Hinganghat,1,35,0,151,Unhealthy
Hungary,Hodmezovasarhely,1,32,1,71,Moderate
United States of America,Holbrook,1,34,5,48,Good
Netherlands,Hoogeveen,0,33,1,29,Good
Peru,Huancavelica,0,2,1,10,Good
Peru,Huancayo,0,4,2,25,Good
Germany,Huckeswagen,1,23,3,36,Good
United Kingdom of Great Britain and Northern Ireland,Huddersfield,1,23,4,31,Good
United States of America,Hueytown,1,17,11,80,Moderate
Oman,Ibra,1,97,0,153,Unhealthy
Russian Federation,Igra,1,29,1,18,Good
Nepal,Ilam,2,43,0,60,Moderate
China,Daliang,6,20,22,166,Unhealthy
United States of America,Danbury,1,27,10,57,Moderate
Honduras,Danli,1,2,3,48,Good
Papua New Guinea,Daru,0,26,0,19,Good
Republic of North Macedonia,Debar,1,42,0,62,Moderate
France,Deuil La Barre,1,27,3,37,Good
India,Devgarh,0,30,0,176,Unhealthy
India,Dharmavaram,0,27,0,81,Moderate
Niger,Diffa,2,32,1,70,Moderate
Philippines,Dologon,1,20,0,65,Moderate
Belgium,Chatelet,1,22,5,41,Good
Mexico,Chemax,1,23,0,65,Moderate
Bangladesh,Chhatak,3,41,2,84,Moderate
China,Chichi,3,189,7,151,Unhealthy
Chile,Chillan,1,15,3,41,Good
Ukraine,Chortkiv,1,33,1,79,Moderate
Mexico,Cienaga De Flores,1,16,4,68,Moderate
Indonesia,Citeureup,4,172,2,148,Unhealthy
Mexico,Ciudad Valles,1,21,2,51,Moderate
Vanuatu,Vila,0,25,0,30,Good
Ecuador,Vinces,2,11,6,67,Moderate
United States of America,Vineland,1,42,4,70,Moderate
Viet Nam,Vinh Yen,2,56,2,82,Moderate
India,Visakhapatnam,2,78,2,155,Unhealthy
Serbia,Vrsac,1,37,1,38,Good
India,Wadhwan,1,38,0,158,Unhealthy
India,Washim,1,40,0,150,Unhealthy
Democratic Republic of the Congo,Watsa,1,10,0,48,Good
Belgium,Wattrelos,1,23,3,38,Good
Germany,Werther,1,37,1,24,Good
United States of America,West Des Moines,1,37,4,35,Good
United States of America,West Norriton,1,45,4,59,Moderate
United Kingdom of Great Britain and Northern Ireland,Westhoughton,0,32,1,61,Moderate
United Kingdom of Great Britain and Northern Ireland,Whitburn,0,30,0,57,Moderate
United States of America,Williamstown,1,43,4,73,Moderate
Poland,Wschowa,1,27,1,36,Good
China,Wuning,2,80,3,84,Moderate
China,Xinpu,4,171,3,141,Unhealthy
China,Xinye,3,195,2,139,Unhealthy
Turkey,Yalvac,1,43,0,37,Good
India,Yelahanka,1,27,0,57,Moderate
Russian Federation,Yelets,0,33,0,61,Moderate
Turkey,Yozgat,1,41,0,37,Good
China,Yuanlin,3,128,15,149,Unhealthy for Sensitive Groups
United States of America,Yucca Valley,1,43,2,44,Good
China,Yueyang,3,140,3,90,Unhealthy for Sensitive Groups
Russian Federation,Yugorsk,1,30,0,31,Good
Russian Federation,Yuryuzan,1,32,0,33,Good
Ukraine,Zbarazh,1,35,1,72,Moderate
Russian Federation,Zelenogorsk,1,39,3,28,Good
Poland,Zgorzelec,0,28,1,32,Good
United States of America,Zionsville,1,24,12,53,Moderate
China,Ziyang,9,39,24,184,Unhealthy
Ukraine,Zuhres,1,45,1,37,Good
India,Lakshmeshwar,0,23,0,76,Moderate
Mauritius,Lalmatie,0,28,0,31,Good
France,Lambersart,1,23,3,38,Good
Viet Nam,Lang Son,2,47,0,58,Moderate
India,Lanja,0,24,0,95,Moderate
United States of America,Lebanon,1,41,0,30,Good
Spain,Lebrija,1,30,4,38,Good
Italy,Lentate Sul Seveso,1,34,2,18,Good
Germany,Leverkusen,1,32,2,30,Good
Russian Federation,Likhoslavl,0,31,0,28,Good
United States of America,Lincoln,1,35,4,32,Good
United States of America,Lincolnia,2,40,6,61,Moderate
United Republic of Tanzania,Lindi,0,22,0,35,Good
United States of America,Livingston,1,44,5,57,Moderate
Congo,Loandjili,1,23,1,99,Moderate
Venezuela (Bolivarian Republic of),Los Dos Caminos,1,16,5,46,Good
United States of America,Los Lunas,1,28,3,72,Moderate
Mexico,Los Mochis,1,17,2,74,Moderate
Russian Federation,Lukhovitsy,0,32,0,25,Good
Philippines,Luna,1,23,0,54,Moderate
France,Lunel,1,37,0,41,Good
Romania,Lupeni,1,39,0,55,Moderate
United States of America,Lyons,2,9,30,82,Moderate
Netherlands,Maastricht,1,32,3,36,Good
Philippines,Mabitac,1,26,1,57,Moderate
Brazil,Macae,2,35,3,48,Good
Mexico,Magdalena,2,1,5,58,Moderate
India,Mahishadal,2,99,2,167,Unhealthy
Russian Federation,Malaya Vishera,0,36,0,12,Good
Mexico,Maltrata,2,9,9,68,Moderate
United Republic of Tanzania,Malya,0,16,0,33,Good
Philippines,Mamatid,1,24,1,54,Moderate
Pakistan,Mangla,2,120,1,244,Very Unhealthy
India,Margherita,2,24,1,53,Moderate
Georgia,Khashuri,1,33,0,47,Good
United Kingdom of Great Britain and Northern Ireland,Kidsgrove,0,32,1,56,Moderate
Greece,Kifisia,1,43,4,65,Moderate
United States of America,Kings Point,1,11,10,69,Moderate
Finland,Kirkkonummi,7,24,13,185,Unhealthy
Japan,Kitakyushu,1,49,1,37,Good
Belgium,Knokke Heist,1,26,3,39,Good
India,Koch Bihar,2,68,1,158,Unhealthy
Tajikistan,Kofarnihon,1,39,0,77,Moderate
India,Kolar,0,28,0,67,Moderate
Senegal,Kolda,2,21,0,146,Unhealthy for Sensitive Groups
Mali,Kolokani,1,21,1,81,Moderate
Poland,Koszalin,0,32,0,27,Good
Japan,Kanaya,1,47,1,44,Good
Kyrgyzstan,Kant,1,34,1,120,Unhealthy for Sensitive Groups
Japan,Karatsu,2,42,5,53,Moderate
Greece,Karditsa,1,45,0,52,Moderate
Russian Federation,Karpinsk,1,24,0,11,Good
Democratic Republic of the Congo,Kasangulu,2,29,1,91,Moderate
Japan,Kashihara,1,40,2,35,Good
India,Kasimbazar,2,119,2,181,Unhealthy
Japan,Kasuga,2,48,3,42,Good
Japan,Kawanoe,1,41,2,35,Good
Pakistan,Jauharabad,2,141,1,224,Very Unhealthy
Malaysia,Jenjarom,1,31,1,55,Moderate
Pakistan,Jhol,1,43,0,172,Unhealthy
China,Jiehu,3,156,2,118,Unhealthy
Nigeria,Jimeta,3,15,0,59,Moderate
India,Jobat,1,35,0,154,Unhealthy
United States of America,Johnson City,2,24,7,58,Moderate
Mexico,Jojutla,3,4,14,99,Moderate
Switzerland,Jona,1,25,2,33,Good
Lebanon,Juniyah,2,48,3,82,Moderate
Nigeria,Kaduna,2,31,0,84,Moderate
Cameroon,Kaele,2,12,0,55,Moderate
India,Kaikalur,1,44,0,150,Unhealthy
Iran (Islamic Republic of),Kalaleh,1,43,0,70,Moderate
Greece,Kalamakion,1,42,4,69,Moderate
Germany,Kaltenkirchen,1,30,3,27,Good
Mali,Koutiala,1,14,0,46,Good
Poland,Kowary,0,28,1,30,Good
Ukraine,Krasnohrad,1,41,0,53,Moderate
China,Kuanhsi,1,47,3,63,Moderate
Thailand,Kui Buri,0,16,0,34,Good
Japan,Kuji,1,44,0,35,Good
India,Kunnamangalam,1,25,0,65,Moderate
Russian Federation,Kuvandyk,1,29,0,17,Good
United States of America,La Habra,4,5,31,135,Unhealthy for Sensitive Groups
United States of America,Laguna Beach,2,24,12,46,Good
Thailand,Non Thai,0,26,0,51,Moderate
United States of America,North Arlington,1,42,6,60,Moderate
United States of America,North Atlanta,3,2,29,97,Moderate
Brazil,Nova Petropolis,1,15,3,46,Good
Malawi,Nsanje,0,22,0,32,Good
United Republic of Tanzania,Nyangao,0,20,0,38,Good
Ukraine,Nyzhnya Krynka,1,43,2,44,Good
United Republic of Tanzania,Nzega,0,15,0,34,Good
United Kingdom of Great Britain and Northern Ireland,Oakham,0,29,1,25,Good
Mexico,Obregon,1,19,1,65,Moderate
Serbia,Obrenovac,1,32,2,72,Moderate
United States of America,Ocean Springs,0,27,2,23,Good
France,Octeville,0,30,3,24,Good
Iran (Islamic Republic of),Naqadeh,1,41,0,83,Moderate
India,Naspur,1,41,0,151,Unhealthy
Lithuania,Naujoji Akmene,1,34,0,39,Good
Brazil,Nazare,0,12,2,28,Good
United Republic of Tanzania,Ndungu,0,19,0,32,Good
United States of America,New Carrollton,1,42,5,57,Moderate
United Republic of Tanzania,Nguruka,1,15,0,35,Good
Italy,Nichelino,1,32,2,53,Moderate
Netherlands,Nijmegen,1,32,3,35,Good
United States of America,Niles,2,12,18,60,Moderate
Venezuela (Bolivarian Republic of),Nirgua,2,10,7,79,Moderate
Japan,Nishio,1,50,2,58,Moderate
Malawi,Nkhata Bay,1,20,0,53,Moderate
Finland,Vihti,1,28,3,10,Good
Dominican Republic,Villa Bisono,4,7,14,160,Unhealthy
Spain,Villamartin,1,25,3,34,Good
Italy,Villorba,1,33,5,93,Moderate
India,Virarajendrapet,0,22,0,54,Moderate
Switzerland,Volketswil,1,29,2,111,Unhealthy for Sensitive Groups
Ukraine,Vyshneve,1,39,1,85,Moderate
Sudan,Wad Madani,1,21,0,55,Moderate
Sudan,Wad Rawah,2,20,1,61,Moderate
Germany,Waiblingen,1,27,3,61,Moderate
United States of America,Walla Walla,1,28,2,21,Good
United Kingdom,Wallasey,1,30,4,43,Good
India,Wardha,0,29,0,164,Unhealthy
Germany,Wasserburg,1,37,1,67,Moderate
Morocco,Wazzan,2,20,7,54,Moderate
Germany,Winterberg,1,27,2,46,Good
United States of America,Woodward,1,24,3,67,Moderate
Mexico,Xonacatlan,3,9,13,148,Unhealthy for Sensitive Groups
Russian Federation,Yanaul,1,29,1,43,Good
Israel,Yavne,1,48,4,73,Moderate
Canada,Yellowknife,1,24,0,5,Good
Cameroon,Yokadouma,3,11,0,79,Moderate
China,Youhao,1,39,0,46,Good
Russian Federation,Yuzhnyy,1,45,1,49,Good
Switzerland,Yverdon,1,27,1,59,Moderate
Russian Federation,Zaraysk,1,34,1,22,Good
Romania,Zarnesti,1,40,0,56,Moderate
Germany,Zehdenick,0,34,1,34,Good
Russian Federation,Zemetchino,1,33,0,22,Good
Ukraine,Zhashkiv,1,42,0,65,Moderate
Kazakhstan,Zhetybay,1,40,0,75,Moderate
Poland,Zielona Gora,1,26,2,40,Good
Poland,Zielonka,1,38,1,47,Good
Portugal,Tavira,1,38,1,26,Good
Russian Federation,Tavricheskoye,1,37,0,15,Good
United States of America,Taylor,1,20,2,29,Good
United States of America,Taylors,1,42,4,58,Moderate
Mexico,Tecpan,2,9,3,62,Moderate
Spain,Teguise,1,35,1,63,Moderate
Turkey,Tekirdag,1,44,0,17,Good
Germany,Teltow,0,32,1,38,Good
Mexico,Tepatitlan,1,8,5,49,Good
Brazil,Terra Santa,1,6,0,27,Good
Morocco,Tetouan,1,32,6,45,Good
Thailand,Thap Than,0,21,0,19,Good
Mexico,Tlaltenango,1,20,1,30,Good
Chile,Tocopilla,1,6,14,25,Good
Japan,Tokamachi,1,37,1,22,Good
Brazil,Toledo,1,15,0,19,Good
India,Tondi,0,31,0,55,Moderate
Belgium,Torhout,1,32,2,40,Good
Japan,Toride,1,47,4,51,Moderate
United States of America,Towson,1,29,8,38,Good
Chile,Traiguen,1,6,7,47,Good
Indonesia,Trenggalek,1,25,0,39,Good
Brazil,Tres Coracoes,2,2,6,59,Moderate
Germany,Trier,1,29,3,53,Moderate
Argentina,Tucuman,1,14,5,66,Moderate
Uzbekistan,Tuytepa,1,68,2,97,Moderate
Germany,Uberlingen,1,29,2,95,Moderate
India,Udaipura,1,38,0,167,Unhealthy
Russian Federation,Unecha,1,36,0,16,Good
United Republic of Tanzania,Usevya,1,18,0,26,Good
Russian Federation,Ust Labinsk,1,34,1,41,Good
Lithuania,Utena,0,33,0,34,Good
India,Vadamadurai,1,31,1,60,Moderate
Portugal,Vale Da Amoreira,1,29,1,25,Good
Papua New Guinea,Vanimo,0,15,0,8,Good
Colombia,Venadillo,2,14,3,70,Moderate
India,Veraval,0,24,0,159,Unhealthy
South Africa,Vereeniging,16,8,19,274,Very Unhealthy
Russian Federation,Verkhnedneprovskiy,1,34,0,19,Good
Cuba,Vertientes,1,21,2,62,Moderate
Belgium,Verviers,1,23,4,48,Good
India,Supaul,2,48,1,67,Moderate
Russian Federation,Surkhakhi,1,36,1,36,Good
Italy,Suzzara,2,28,10,120,Unhealthy for Sensitive Groups
Sweden,Taby,1,30,0,35,Good
Philippines,Tagas,1,24,0,53,Moderate
China,Tangping,1,30,2,57,Moderate
Philippines,Tanza,1,23,1,63,Moderate
Spain,Tarancon,1,21,3,41,Good
Romania,Targoviste,1,42,1,51,Moderate
Saudi Arabia,Tarut,1,86,1,187,Unhealthy
Brazil,Taua,0,10,1,31,Good
Philippines,Sorsogon,1,26,0,47,Good
Belgium,Soumagne,1,23,4,48,Good
United States of America,South Hill,2,17,15,57,Moderate
Germany,Spremberg,1,24,5,43,Good
Germany,Sprockhovel,1,29,2,46,Good
Germany,Steinhagen,0,34,1,39,Good
United States of America,Steubenville,1,43,4,32,Good
United Kingdom of Great Britain and Northern Ireland,Stoke On Trent,1,29,4,50,Good
United Kingdom of Great Britain and Northern Ireland,Stourbridge,1,27,4,53,Moderate
United Kingdom of Great Britain and Northern Ireland,Stratford Upon Avon,1,25,5,50,Good
Republic of North Macedonia,Struga,1,41,0,60,Moderate
Russian Federation,Stupino,1,33,1,22,Good
Japan,Hisai,1,45,2,51,Moderate
Turkey,Horasan,0,39,0,71,Moderate
Brazil,Horizonte,0,16,1,32,Good
India,Hoshangabad,1,38,0,152,Unhealthy
Japan,Hotaka,1,40,1,22,Good
Ecuador,Huaquillas,1,15,2,41,Good
Brazil,Humaita,1,4,0,28,Good
India,Hungund,0,27,0,89,Moderate
India,Ichalkaranji,0,24,0,90,Moderate
Japan,Ichinomiya,1,49,4,57,Moderate
Syrian Arab Republic,Idlib,1,47,1,56,Moderate
Nigeria,Igbo Ora,2,19,2,82,Moderate
Brazil,Igrejinha,1,16,3,44,Good
Nigeria,Ikirun,2,24,1,76,Moderate
Pakistan,Hafizabad,2,149,1,248,Very Unhealthy
Uzbekistan,Hamza,1,57,1,119,Unhealthy for Sensitive Groups
Ethiopia,Harer,0,18,0,56,Moderate
United States of America,Harker Heights,1,21,2,46,Good
United States of America,Harvey,1,19,7,59,Moderate
Japan,Hasaki,1,43,0,32,Good
Pakistan,Hasan Abdal,1,46,0,374,Hazardous
United Kingdom of Great Britain and Northern Ireland,Hatfield,0,30,1,25,Good
India,Hatta,1,43,0,155,Unhealthy
Netherlands,Hattem,1,30,3,32,Good
Japan,Hayama,1,36,5,51,Moderate
Sweden,Helsingborg,0,39,0,19,Good
Finland,Helsinki,5,17,15,162,Unhealthy
Iran (Islamic Republic of),Hendijan,2,81,0,151,Unhealthy
Netherlands,Heusden,1,29,4,39,Good
United States of America,Highlands Ranch,2,5,14,76,Moderate
United States of America,Immokalee,2,11,9,62,Moderate
United Republic of Tanzania,Iringa,0,17,0,11,Good
India,Isagarh,1,43,0,158,Unhealthy
Uzbekistan,Iskandar,1,58,2,124,Unhealthy for Sensitive Groups
United States of America,Islip,2,41,11,83,Moderate
Colombia,Ituango,1,13,0,34,Good
Japan,Iwase,1,41,1,34,Good
Belgium,Izegem,1,24,3,37,Good
Turkey,Iznik,1,41,0,29,Good
India,Jagadhri,1,74,1,470,Hazardous
Brazil,Jales,1,11,1,58,Moderate
India,Gopamau,1,52,1,378,Hazardous
United Kingdom of Great Britain and Northern Ireland,Gosforth,0,32,0,56,Moderate
South Africa,Grabouw,1,26,1,68,Moderate
Mexico,Guadalupe,1,16,2,28,Good
Brazil,Guarapuava,0,13,0,15,Good
Brazil,Guaxupe,1,6,3,54,Moderate
Bolivia (Plurinational State of),Guayaramerin,1,3,0,16,Good
France,Gujan Mestras,0,43,0,25,Good
Turkmenistan,Gumdag,1,41,0,115,Unhealthy for Sensitive Groups
Germany,Gunzburg,1,32,2,65,Moderate
Japan,Hachioji,1,48,2,37,Good
Netherlands,Haelen,1,29,3,37,Good
Germany,Hagenow,0,33,1,33,Good
China,Haicheng,3,134,1,77,Unhealthy for Sensitive Groups
Philippines,Halapitan,1,20,0,47,Good
Malta,Hamrun,1,40,1,23,Good
Somalia,Hargeysa,0,19,0,96,Moderate
Liberia,Harper,0,27,0,31,Good
Germany,Harsewinkel,0,34,1,39,Good
India,Haveri,0,23,0,50,Good
United States of America,Hawthorne,4,7,46,116,Unhealthy for Sensitive Groups
China,Hegang,1,40,0,24,Good
Germany,Herxheim,1,30,3,54,Moderate
United States of America,Onalaska,1,46,1,33,Good
Greece,Oraiokastron,1,40,1,19,Good
Aruba,Oranjestad,0,23,0,163,Unhealthy
Russian Federation,Orel,1,30,1,55,Moderate
Turkey,Orhangazi,1,27,3,34,Good
Germany,Ostfildern,1,23,3,40,Good
Czechia,Otrokovice,1,30,2,60,Moderate
Benin,Ouidah,2,18,2,100,Unhealthy for Sensitive Groups
Italy,Padova,1,35,4,54,Moderate
Italy,Pagani,1,57,1,40,Moderate
Brazil,Paicandu,1,10,1,21,Good
Uganda,Pakwach,2,18,0,57,Moderate
India,Palani,0,24,0,47,Good
United States of America,Palm Springs,1,20,6,35,Good
Brazil,Palmeira Das Missoes,0,21,0,11,Good
Philippines,President Roxas,1,26,0,63,Moderate
South Africa,Pretoria,20,2,18,329,Hazardous
Germany,Pritzwalk,0,28,2,38,Good
Russian Federation,Protvino,1,37,0,26,Good
Costa Rica,Puntarenas,1,15,5,52,Moderate
Philippines,Putatan,4,32,0,50,Good
United States of America,Quincy,1,30,4,64,Moderate
Pakistan,Raiwind,3,179,2,186,Unhealthy
Philippines,Rajal,1,27,1,90,Moderate
Nepal,Rajbiraj,3,72,1,146,Unhealthy for Sensitive Groups
India,Raver,0,34,0,146,Unhealthy for Sensitive Groups
Australia,Raymond Terrace,0,24,2,10,Good
United States of America,Redwood City,1,24,15,66,Moderate
India,Rehli,1,37,0,157,Unhealthy
Switzerland,Renens,1,25,1,39,Good
Brazil,Resplendor,1,1,4,47,Good
United States of America,Ridgecrest,1,35,2,24,Good
Nicaragua,Rio Blanco,1,6,2,31,Good
Germany,Ritterhude,0,30,1,31,Good
United States of America,Robbinsdale,1,40,4,53,Moderate
Ethiopia,Robe,1,15,1,109,Unhealthy for Sensitive Groups
Belgium,Rochefort,1,24,3,32,Good
United States of America,Rosaryville,1,33,5,51,Moderate
Finland,Rovaniemi,1,29,0,15,Good
Italy,Rozzano,1,40,3,64,Moderate
United States of America,Saint Charles,2,20,14,81,Moderate
France,Saint Brice Sous Foret,1,28,2,30,Good
France,Saint Maximin La Sainte Baume,1,21,5,60,Moderate
Ghana,Salaga,2,9,0,55,Moderate
South Africa,Saldanha,1,19,1,66,Moderate
Spain,Salt,1,24,3,35,Good
Mexico,Saltillo,1,16,2,48,Good
Colombia,San Alberto,2,7,3,63,Moderate
Spain,San Bartolome,1,43,0,56,Moderate
Italy,San Giovanni Lupatoto,1,40,3,60,Moderate
Cuba,San Jose De Las Lajas,1,24,2,56,Moderate
Mexico,San Luis Potosi,1,24,1,31,Good
Costa Rica,San Rafael Abajo,3,4,14,94,Moderate
Guatemala,Sanarate,2,19,3,65,Moderate
United States of America,Sandalfoot Cove,1,16,10,47,Good
India,Sandila,1,64,2,380,Hazardous
Poland,Sandomierz,1,30,1,36,Good
United States of America,Sandusky,1,37,3,43,Good
Cameroon,Sangmelima,2,20,0,61,Moderate
Thailand,Sansai,0,21,0,16,Good
Brazil,Santa Helena De Goias,1,10,1,20,Good
Brazil,Santa Maria Da Vitoria,0,10,1,25,Good
Brazil,Sao Felix Do Xingu,1,1,0,43,Good
Brazil,Sao Francisco De Paula,1,15,1,21,Good
Brazil,Sao Joao Da Boa Vista,1,9,4,59,Moderate
Brazil,Sao Joaquim De Bicas,5,1,8,143,Unhealthy for Sensitive Groups
Albania,Sarande,1,31,1,53,Moderate
India,Sarangarh,1,52,0,161,Unhealthy
United States of America,Shelby,2,26,11,67,Moderate
India,Sherkot,6,156,9,240,Very Unhealthy
Japan,Shiraoka,1,48,3,22,Good
Russian Federation,Shuya,1,31,1,28,Good
Turkey,Sirnak,1,46,0,82,Moderate
India,Sironj,1,38,0,154,Unhealthy
Nicaragua,Siuna,1,11,0,25,Good
India,Sardulgarh,1,40,1,500,Hazardous
United States of America,Savage,1,40,4,50,Good
Ghana,Savelugu,2,5,1,52,Moderate
Germany,Schonebeck,0,30,1,34,Good
Germany,Schwalbach,0,31,1,26,Good
United States of America,Searcy,1,17,7,73,Moderate
Spain,Segovia,1,20,3,34,Good
Pakistan,Sehwan,1,39,0,162,Unhealthy
United Republic of Tanzania,Sepuka,0,14,0,21,Good
Italy,Settimo Torinese,2,23,8,72,Moderate
Japan,Settsu,1,46,0,23,Good
Malaysia,Shah Alam,2,43,2,78,Moderate
India,Shahdol,1,39,0,175,Unhealthy
China,Shanghai,4,156,8,152,Unhealthy
Japan,Shibukawa,1,43,0,18,Good
United Kingdom of Great Britain and Northern Ireland,Shipley,1,26,3,22,Good
Ethiopia,Sire,1,22,0,92,Moderate
Brazil,Sobral,1,6,4,56,Moderate
Indonesia,Pangkalanbuun,0,15,0,28,Good
Italy,Parabiago,1,37,4,68,Moderate
Paraguay,Paraguari,0,19,0,28,Good
India,Parbhani,1,30,0,128,Unhealthy for Sensitive Groups
Australia,Parkes,0,21,0,10,Good
Spain,Parla,1,14,7,50,Good
Ecuador,Pasaje,1,11,3,53,Moderate
India,Pattan,2,67,1,83,Moderate
India,Pawayan,3,165,2,354,Hazardous
United Kingdom of Great Britain and Northern Ireland,Penarth,1,16,5,50,Good
Brazil,Penha,2,4,6,57,Moderate
Italy,Pesaro,1,47,1,28,Good
Germany,Pfungstadt,0,31,1,25,Good
India,Phagwara,5,125,9,145,Unhealthy for Sensitive Groups
India,Phaltan,0,27,0,103,Unhealthy for Sensitive Groups
India,Pinjaur,2,142,2,128,Unhealthy for Sensitive Groups
Brazil,Pires Do Rio,1,8,2,30,Good
Thailand,Plaeng Yao,0,25,0,48,Good
France,Plaisance Du Touch,1,33,2,43,Good
United States of America,Ponce,0,22,0,85,Moderate
Bolivia (Plurinational State of),Portachuelo,1,15,0,67,Moderate
Brazil,Porto Murtinho,0,23,0,11,Good
Brazil,Porto Real,3,0,8,94,Moderate
Germany,Sondershausen,0,28,2,34,Good
Thailand,Song Phi Nong,0,22,0,35,Good
United States of America,Spanish Fork,0,16,8,20,Good
Jamaica,Spanish Town,1,19,3,103,Unhealthy for Sensitive Groups
Serbia,Sremcica,1,36,4,98,Moderate
United Kingdom of Great Britain and Northern Ireland,Staines,1,9,12,41,Good
United States of America,Stanton,3,10,29,93,Moderate
Germany,Stockach,1,25,2,42,Good
Canada,Strathroy,1,35,6,58,Moderate
China,Suixi,3,172,2,84,Unhealthy
India,Suket,1,35,0,159,Unhealthy
China,Baicheng,4,27,9,130,Unhealthy for Sensitive Groups
Democratic Republic of the Congo,Bandundu,2,32,0,63,Moderate
Indonesia,Banjaran,10,10,27,195,Unhealthy
India,Bankura,3,33,8,150,Unhealthy
Spain,Barbate,1,47,0,26,Good
United States of America,Barberton,1,40,1,50,Good
Russian Federation,Barnaul,1,21,12,49,Good
Italy,Battipaglia,1,64,0,52,Moderate
United States of America,Bay Village,1,36,2,56,Moderate
United States of America,Beachwood,1,37,2,55,Moderate
United States of America,Beatrice,1,43,1,37,Good
Italy,Beinasco,1,54,0,77,Moderate
Cuba,Bejucal,1,43,0,31,Good
Poland,Belchatow,1,41,1,48,Good
France,Belfort,1,49,0,63,Moderate
United States of America,Bellflower,3,14,24,138,Unhealthy for Sensitive Groups
Bangladesh,Bera,4,15,14,139,Unhealthy for Sensitive Groups
Chad,Bere,1,24,0,77,Moderate
Ukraine,Berehove,1,52,0,61,Moderate
India,Bhainsa,2,29,5,173,Unhealthy
India,Bhayavadar,1,21,1,59,Moderate
Brazil,Bicas,0,23,0,36,Good
Guinea-Bissau,Bissora,2,37,1,195,Unhealthy
France,Blagnac,1,38,1,44,Good
United States of America,Blaine,1,30,2,51,Moderate
Germany,Bobingen,1,58,0,66,Moderate
Democratic Republic of the Congo,Bolobo,2,20,0,59,Moderate
France,Bonneuil,1,46,1,67,Moderate
Indonesia,Bontang,1,11,0,23,Good
Kazakhstan,Boralday,2,15,11,79,Moderate
Russian Federation,Borisovka,1,39,0,46,Good
Romania,Borsa,0,41,0,46,Good
Iran (Islamic Republic of),Borujan,0,35,0,122,Unhealthy for Sensitive Groups
Democratic Republic of the Congo,Bosobolo,1,21,0,60,Moderate
India,Botad,1,28,5,127,Unhealthy for Sensitive Groups
Brazil,Botucatu,1,21,1,74,Moderate
France,Bourges,1,38,0,58,Moderate
Italy,Bressanone,1,43,0,54,Moderate
United States of America,Bridgeview,1,35,4,58,Moderate
Gambia,Brikama,1,33,0,162,Unhealthy
Brazil,Brodowski,1,22,0,50,Good
Switzerland,Burgdorf,1,46,0,51,Moderate
Brazil,Butia,1,16,1,41,Good
Brazil,Cacu,1,29,0,48,Good
Italy,Cadoneghe,1,63,0,87,Moderate
Colombia,Caicedonia,1,25,1,71,Moderate
Italy,Caivano,1,71,0,56,Moderate
Italy,Camaiore,1,74,0,36,Moderate
Brazil,Camocim De Sao Felix,0,23,0,18,Good
Colombia,Campoalegre,1,6,0,27,Good
Brazil,Campos Belos,0,20,0,18,Good
Italy,Camposampiero,1,60,0,86,Moderate
Brazil,Capanema,0,19,0,22,Good
Brazil,Carazinho,0,19,0,19,Good
Spain,Carballo,1,30,3,28,Good
Philippines,Cardona,2,30,6,120,Unhealthy for Sensitive Groups
Switzerland,Carouge,1,42,0,60,Moderate
United States of America,Casa Grande,1,14,9,80,Moderate
Brazil,Catalao,1,23,0,23,Good
United States of America,Cedar Falls,1,39,1,53,Moderate
Italy,Certaldo,1,80,0,40,Moderate
Czechia,Cesky Tesin,1,46,0,71,Moderate
Bangladesh,Chandpur,2,20,5,80,Moderate
Pakistan,Chitral,1,7,1,71,Moderate
Thailand,Chok Chai,2,22,3,72,Moderate
China,Cholan,5,0,61,168,Unhealthy
India,Chopda,1,34,2,134,Unhealthy for Sensitive Groups
South Africa,Christiana,2,22,4,83,Moderate
Afghanistan,Ciras,0,26,0,90,Moderate
Italy,Cividale Del Friuli,1,47,0,76,Moderate
United States of America,Clinton,1,34,4,49,Good
United Kingdom of Great Britain and Northern Ireland,Welwyn Garden City,1,32,1,32,Good
United States of America,West Hollywood,3,18,24,117,Unhealthy for Sensitive Groups
United States of America,Westwego,1,24,3,46,Good
Canada,White Rock,2,22,12,71,Moderate
Ghana,Winneba,1,23,0,28,Good
Thailand,Wiset Chai Chan,2,11,8,103,Unhealthy for Sensitive Groups
China,Xiaolingwei,12,1,52,198,Unhealthy
Somalia,Xuddur,0,20,0,55,Moderate
Japan,Yaizu,2,29,7,67,Moderate
Japan,Yasugi,1,44,2,58,Moderate
Russian Federation,Yekaterinburg,1,40,2,22,Good
Japan,Yoshii,2,13,11,69,Moderate
China,Yuanli,4,14,48,153,Unhealthy
China,Yungkang,1,17,6,50,Good
Mexico,Zacatepec,1,23,3,68,Moderate
Italy,Zagarolo,1,72,0,42,Moderate
Austria,Zell Am See,1,48,0,57,Moderate
China,Zhangjiakou,2,18,22,160,Unhealthy
United States of America,Zion,1,20,7,59,Moderate
Germany,Zirndorf,1,52,0,62,Moderate
Burkina Faso,Zorgo,1,28,0,61,Moderate
Liberia,Zwedru,0,17,0,16,Good
Yemen,Yarim,1,38,2,145,Unhealthy for Sensitive Groups
Brazil,Altinopolis,1,12,2,52,Moderate
France,Amilly,1,19,4,67,Moderate
India,Amravati,1,32,0,157,Unhealthy
Turkey,Anamur,1,45,0,36,Good
China,Anju,7,39,22,164,Unhealthy
Brazil,Apiai,1,10,1,62,Moderate
Ukraine,Apostolove,1,38,1,31,Good
Brazil,Arari,1,7,0,49,Good
Russian Federation,Ardon,1,40,1,37,Good
Italy,Ariccia,2,39,7,53,Moderate
Ireland,Arklow,0,31,1,33,Good
France,Arnouville Les Gonesse,1,22,5,67,Moderate
India,Asandh,3,136,1,147,Unhealthy for Sensitive Groups
Italy,Ascoli Piceno,1,35,5,75,Moderate
Togo,Atakpame,2,14,1,65,Moderate
France,Autun,1,30,2,151,Unhealthy
United States of America,Azusa,4,5,33,124,Unhealthy for Sensitive Groups
Germany,Babenhausen,1,36,3,68,Moderate
Viet Nam,Bac Can,2,36,0,55,Moderate
Germany,Bad Essen,0,34,1,20,Good
Germany,Bad Hersfeld,1,38,2,62,Moderate
India,Bagalkot,0,23,0,57,Moderate
Myanmar,Bago,0,22,0,49,Good
Afghanistan,Bagrami,1,40,0,102,Unhealthy for Sensitive Groups
Argentina,Bahia Blanca,0,10,3,18,Good
Brazil,Baixo Guandu,1,8,3,52,Moderate
India,Bally,5,101,6,170,Unhealthy
India,Bandora,0,23,0,81,Moderate
India,Banki,2,47,3,131,Unhealthy for Sensitive Groups
Philippines,Bansud,0,23,0,27,Good
Malaysia,Banting,1,36,1,89,Moderate
Philippines,Barotac Nuevo,1,22,0,47,Good
Brazil,Barra Do Garcas,1,4,2,37,Good
India,Basavana Bagevadi,0,23,0,64,Moderate
United Kingdom of Great Britain and Northern Ireland,Bathgate,1,22,5,34,Good
Philippines,Bato,1,26,0,57,Moderate
Hungary,Batonyterenye,1,40,2,95,Moderate
Philippines,Bay,1,23,1,53,Moderate
France,Behren Les Forbach,1,31,3,44,Good
Hungary,Bekescsaba,1,35,1,63,Moderate
United Kingdom of Great Britain and Northern Ireland,Bellshill,1,23,4,33,Good
South Africa,Bethlehem,2,20,1,59,Moderate
India,Bhubaneswar,2,53,2,132,Unhealthy for Sensitive Groups
Democratic Republic of the Congo,Bimbo,3,16,0,62,Moderate
Malta,Birkirkara,1,45,0,28,Good
Chad,Bitkine,2,15,0,37,Good
United Kingdom of Great Britain and Northern Ireland,Blackburn,1,17,11,60,Moderate
Germany,Bohl Iggelheim,1,35,3,54,Moderate
France,Bolbec,1,32,2,43,Good
Italy,Bondeno,2,27,10,69,Moderate
Serbia,Borca,1,45,2,86,Moderate
South Africa,Botshabelo,4,14,4,87,Moderate
Australia,Bowen,0,22,0,3,Good
South Africa,Brandfort,3,16,3,76,Moderate
Brazil,Campos,1,16,3,55,Moderate
Brazil,Candelaria,1,12,1,37,Good
Brazil,Carapicuiba,6,0,22,172,Unhealthy
Philippines,Carranglan,1,25,1,60,Moderate
France,Carrieres Sur Seine,1,21,6,69,Moderate
United States of America,Carson,3,5,38,101,Unhealthy for Sensitive Groups
Italy,Casalpusterlengo,1,34,5,76,Moderate
Italy,Castiglione Del Lago,1,37,4,54,Moderate
Italy,Catania,1,33,3,73,Moderate
India,Chandrapur,1,23,4,156,Unhealthy
United Kingdom of Great Britain and Northern Ireland,Brynmawr,1,15,6,59,Moderate
Liberia,Buchanan,1,23,0,40,Good
Romania,Buhusi,1,41,1,19,Good
Rwanda,Bukavu,2,20,0,65,Moderate
Spain,Bullas,1,21,2,29,Good
France,Bully Les Mines,1,25,4,46,Good
Brazil,Cajazeiras,0,14,1,23,Good
Italy,Campagna,1,45,1,49,Good
Spain,Arona,0,21,1,9,Good
Côte d'Ivoire,Arrah,1,14,0,58,Moderate
Italy,Arzignano,1,36,3,65,Moderate
United Kingdom of Great Britain and Northern Ireland,Ashton Under Lyne,1,33,3,19,Good
Spain,Atarfe,1,33,1,25,Good
Afghanistan,Azrow,0,48,0,72,Moderate
India,Babai,1,43,0,163,Unhealthy
Austria,Bad Voslau,1,42,1,58,Moderate
Spain,Badalona,2,27,9,53,Moderate
Sri Lanka,Badulla,1,26,0,50,Good
Spain,Baeza,1,30,1,40,Good
Iraq,Baghdad,3,143,8,90,Unhealthy for Sensitive Groups
Italy,Bagnacavallo,1,48,2,64,Moderate
Philippines,Bagting,1,32,1,97,Moderate
India,Charthawal,3,122,1,159,Unhealthy
Russian Federation,Chekhov,1,31,1,35,Good
Russian Federation,Cherlak,1,30,0,46,Good
India,Cheyur,1,39,1,80,Moderate
United Republic of Tanzania,Chimala,0,20,0,23,Good
India,Chiplun,1,27,0,74,Moderate
United States of America,Chippewa Falls,1,29,3,47,Good
Pakistan,Chuhar Kana,3,175,1,161,Unhealthy
Russian Federation,Chunskiy,1,37,0,40,Good
Indonesia,Ciamis,1,36,0,60,Moderate
Indonesia,Ciawi,4,195,3,155,Unhealthy
Indonesia,Cilegon,3,182,3,145,Unhealthy
Italy,Civitanova Marche,1,46,1,56,Moderate
France,Sollies Pont,1,23,13,111,Unhealthy for Sensitive Groups
United Republic of Tanzania,Somanda,0,18,0,11,Good
Nicaragua,Somoto,1,10,1,57,Moderate
United Republic of Tanzania,Soni,0,17,0,21,Good
United States of America,South Miami Heights,2,10,13,92,Moderate
United States of America,South Plainfield,3,20,19,92,Moderate
Italy,Spoltore,2,32,9,50,Good
Russian Federation,Starokamyshinsk,1,34,1,21,Good
United Kingdom of Great Britain and Northern Ireland,Staveley,1,15,9,50,Good
India,Sualkuchi,1,35,0,46,Good
Russian Federation,Sukhinichi,1,33,0,35,Good
Gambia,Sukuta,1,21,1,154,Unhealthy
Tunisia,Sulayman,3,29,15,103,Unhealthy for Sensitive Groups
Bulgaria,Sumen,1,41,0,35,Good
United States of America,Summit,3,12,26,101,Unhealthy for Sensitive Groups
Guatemala,Sumpango,3,2,11,124,Unhealthy for Sensitive Groups
Nigeria,Abonnema,1,27,0,65,Moderate
Philippines,Abuyog,1,21,0,45,Good
Brazil,Acara,0,14,0,31,Good
Mexico,Acatic,1,30,0,52,Moderate
Germany,Achern,1,60,0,67,Moderate
India,Achhnera,6,45,11,180,Unhealthy
Russian Federation,Akhty,1,34,0,74,Moderate
India,Akola,1,31,3,154,Unhealthy
India,Akot,2,22,4,157,Unhealthy
Kazakhstan,Aktau,1,32,0,152,Unhealthy
India,Alampur,2,38,5,119,Unhealthy for Sensitive Groups
Canada,Aldergrove,2,18,14,73,Moderate
United Kingdom of Great Britain and Northern Ireland,Alloa,1,37,1,35,Good
Brazil,Alpinopolis,1,24,0,36,Good
Germany,Altenburg,1,47,0,54,Moderate
Chad,Am Timan,1,17,0,76,Moderate
Japan,Amagasaki,2,19,19,85,Moderate
Brazil,Amargosa,0,22,0,23,Good
India,Anakapalle,3,35,8,101,Unhealthy for Sensitive Groups
Chile,Ancud,0,23,0,32,Good
Brazil,Andrelandia,1,21,0,41,Good
Madagascar,Antsohihy,1,15,0,14,Good
Brazil,Araci,0,22,0,13,Good
Italy,Arenzano,1,69,0,42,Moderate
Russian Federation,Argayash,1,38,1,12,Good
Colombia,Ariguani,1,23,0,80,Moderate
Colombia,Armenia,1,19,1,66,Moderate
India,Arsikere,1,11,5,62,Moderate
United States of America,Arvada,1,23,7,52,Moderate
Mauritania,Atar,1,32,0,169,Unhealthy
France,Avion,1,38,1,47,Good
Brazil,Bady Bassitt,1,27,0,55,Moderate
Brazil,Maribondo,0,24,0,16,Good
Brazil,Marica,1,31,2,60,Moderate
Germany,Marienheide,1,46,0,54,Moderate
Poland,Marki,1,40,0,27,Good
United States of America,Marlborough,1,41,1,46,Good
Tunisia,Masakin,1,103,0,52,Unhealthy for Sensitive Groups
Italy,Massarosa,1,76,0,37,Moderate
United Republic of Tanzania,Maswa,1,19,0,24,Good
Brazil,Matriz De Camaragibe,0,24,0,15,Good
India,Mau Aima,4,93,7,180,Unhealthy
United States of America,Mayfield,1,50,1,70,Moderate
Democratic Republic of the Congo,Mbanza Ngungu,2,45,0,84,Moderate
United Republic of Tanzania,Mbulu,0,15,0,22,Good
Saudi Arabia,Mecca,1,65,0,150,Unhealthy
United States of America,Mentor,1,36,3,58,Moderate
Belgium,Merelbeke,1,37,2,49,Good
Russian Federation,Metallostroy,1,29,2,15,Good
France,Metz,1,55,0,69,Moderate
Brazil,Miguel Calmon,0,20,0,21,Good
Russian Federation,Minusinsk,1,24,3,32,Good
Italy,Modena,1,65,0,63,Moderate
Germany,Moers,1,39,1,51,Moderate
Hungary,Mohacs,1,65,0,51,Moderate
Italy,Montebelluna,1,54,0,83,Moderate
Colombia,Monteria,1,19,0,43,Good
Mexico,Monterrey,2,23,6,85,Moderate
Uruguay,Montevideo,0,26,0,22,Good
Canada,Moose Jaw,1,25,0,35,Good
Brazil,Morada Nova,0,23,0,20,Good
Romania,Moreni,1,42,0,56,Moderate
United States of America,Morgan Hill,1,32,3,43,Good
Belgium,Morlanwelz,1,42,1,55,Moderate
Venezuela (Bolivarian Republic of),Moron,1,43,0,85,Moderate
Brazil,Mossoro,0,23,0,22,Good
Brazil,Mucuri,0,28,0,28,Good
Germany,Muhldorf,1,65,0,71,Moderate
Malawi,Mulanje,1,20,0,58,Moderate
India,Mundwa,1,29,2,212,Very Unhealthy
Italy,Mussomeli,1,54,0,50,Moderate
Japan,Mutsu,1,38,1,46,Good
Poland,Myszkow,1,44,1,52,Moderate
Thailand,Na Klang,2,12,4,74,Moderate
United Republic of Tanzania,Naberera,0,17,0,12,Good
Honduras,Nacaome,1,27,1,68,Moderate
Philippines,Naga,1,20,1,72,Moderate
India,Nagari,2,38,4,112,Unhealthy for Sensitive Groups
Japan,Nago,2,23,14,54,Moderate
Dominican Republic,Nagua,1,39,0,112,Unhealthy for Sensitive Groups
Germany,Taunusstein,1,61,0,56,Moderate
Lithuania,Taurage,1,35,0,22,Good
Poland,Tczew,1,37,0,24,Good
Honduras,Tela,1,21,0,79,Moderate
United States of America,Temecula,2,14,13,66,Moderate
Mexico,Tepalcatepec,1,27,0,44,Good
Mexico,Tepalcingo,1,32,1,68,Moderate
Mexico,Tepeapulco,3,25,6,384,Hazardous
Brazil,Teresopolis,1,24,1,51,Moderate
United States of America,The Hammocks,1,34,1,28,Good
Japan,Toki,3,7,15,97,Moderate
United States of America,Tomball,0,21,2,29,Good
Japan,Tomobe,1,19,10,60,Moderate
United States of America,Toms River,1,48,1,42,Good
Romania,Topoloveni,1,45,0,51,Moderate
United States of America,Totowa,1,45,2,52,Moderate
United States of America,Townsend,1,34,1,39,Good
Russian Federation,Troitskoye,1,46,0,18,Good
Netherlands,Tubbergen,1,36,0,29,Good
United States of America,Tucson,1,20,6,80,Moderate
Venezuela (Bolivarian Republic of),Tucupita,0,17,0,43,Good
Mexico,Tula De Allende,1,32,2,147,Unhealthy for Sensitive Groups
India,Tumsar,3,44,7,172,Unhealthy
Pakistan,Ubauro,2,13,15,166,Unhealthy
Russian Federation,Uchkeken,1,34,1,31,Good
India,Udhampur,3,46,2,154,Unhealthy
Russian Federation,Udomlya,1,29,0,12,Good
Netherlands,Uithoorn,1,39,0,30,Good
Mexico,Uruapan,1,28,0,44,Good
Russian Federation,Ust Donetskiy,1,47,0,26,Good
Democratic Republic of the Congo,Uvira,1,25,0,50,Good
Russian Federation,Uzhur 4,1,26,4,39,Good
Brazil,Vacaria,1,13,0,14,Good
Russian Federation,Vakhrushi,1,28,2,29,Good
Chile,Valdivia,1,21,1,23,Good
United States of America,Valdosta,1,86,0,24,Moderate
Brazil,Valinhos,2,23,3,89,Moderate
Mexico,Valparaiso,1,28,0,63,Moderate
Cuba,Varadero,0,37,0,25,Good
France,Vaulx En Velin,1,53,0,70,Moderate
Italy,Veglie,1,73,0,74,Moderate
Croatia,Velika Gorica,1,67,0,76,Moderate
Bosnia and Herzegovina,Velika Kladusa,1,44,0,83,Moderate
Senegal,Velingara,1,34,0,182,Unhealthy
Hungary,Veresegyhaz,1,64,0,58,Moderate
Spain,Verin,1,35,0,9,Good
Brazil,Vespasiano,1,21,0,42,Good
Brazil,Vicencia,0,25,0,19,Good
Italy,Vico Equense,1,73,0,56,Moderate
Chile,Vicuna,0,22,0,13,Good
Georgia,Surami,1,33,0,69,Moderate
Japan,Susono,2,30,6,73,Moderate
Russian Federation,Svetlograd,1,48,0,20,Good
Czechia,Svitavy,1,42,0,73,Moderate
Poland,Sycow,1,44,0,39,Good
Russian Federation,Syzran,1,40,0,30,Good
Tunisia,Tabarqah,1,73,1,24,Moderate
Tunisia,Tabursuq,1,57,0,27,Moderate
Ghana,Tafo,1,24,0,39,Good
Russian Federation,Talmenka,1,28,3,42,Good
Pakistan,Tando Jam,1,24,2,162,Unhealthy
China,Tangzhai,6,92,16,151,Unhealthy
Malaysia,Tanjong Tokong,3,37,6,131,Unhealthy for Sensitive Groups
Mexico,Tantoyuca,1,31,3,70,Moderate
United States of America,Tarpon Springs,1,81,1,13,Moderate
Myanmar,Taunggyi,1,9,1,39,Good
Pakistan,Vihari,5,18,19,224,Very Unhealthy
United Republic of Tanzania,Vikindu,1,17,0,66,Moderate
France,Villeneuve Le Roi,1,44,1,72,Moderate
France,Villers Les Nancy,1,54,0,75,Moderate
India,Vinukonda,2,37,6,150,Unhealthy
United States of America,Vista,2,11,16,68,Moderate
South Africa,Vredendal,0,23,0,61,Moderate
Russian Federation,Vyazniki,1,38,0,19,Good
Belgium,Waasmunster,1,37,2,49,Good
Algeria,Wahran,1,41,1,43,Good
India,Walajabad,2,40,3,100,Unhealthy for Sensitive Groups
Belgium,Walcourt,1,45,1,56,Moderate
Germany,Waldkirchen,1,50,0,70,Moderate
Netherlands,Weesp,0,38,0,30,Good
Argentina,Villa Constitucion,2,12,8,141,Unhealthy for Sensitive Groups
France,Villejuif,1,44,1,72,Moderate
United Republic of Tanzania,Wete,1,21,0,35,Good
United States of America,Glendora,3,23,21,102,Unhealthy for Sensitive Groups
Indonesia,Godean,6,14,17,162,Unhealthy
Italy,Goito,1,61,0,82,Moderate
Japan,Gojo,1,27,6,62,Moderate
Germany,Goldbach,1,57,0,59,Moderate
Ethiopia,Gondar,1,19,0,58,Moderate
Poland,Gorzow Wielkopolski,1,43,0,27,Good
United Kingdom of Great Britain and Northern Ireland,Gravesend,0,33,0,27,Good
Germany,Grefrath,1,39,1,51,Moderate
Greece,Grevena,1,40,0,97,Moderate
Netherlands,Groningen,1,37,0,36,Good
Namibia,Grootfontein,1,32,0,14,Good
Italy,Grugliasco,1,55,0,77,Moderate
Poland,Gryfino,1,43,0,22,Good
Spain,Guadix,0,36,0,16,Good
China,Guangshui,8,32,23,167,Unhealthy
Guatemala,Guastatoya,1,23,0,55,Moderate
Guatemala,Guatemala,2,17,3,67,Moderate
China,Gucheng,7,25,22,162,Unhealthy
China,Guiren,6,45,18,156,Unhealthy
Pakistan,Gujranwala,6,35,15,175,Unhealthy
Turkey,Gurgentepe,1,43,0,35,Good
India,Gursarai,3,104,4,168,Unhealthy
Russian Federation,Gusev,1,34,0,21,Good
Germany,Haan,1,43,1,54,Moderate
Viet Nam,Hai Phong,9,17,15,160,Unhealthy
Philippines,Halayhay,1,26,3,60,Moderate
India,Handwara,2,31,3,142,Unhealthy for Sensitive Groups
India,Hapur,7,37,17,179,Unhealthy
United States of America,Hazel Crest,1,37,4,58,Moderate
Netherlands,Heerhugowaard,0,37,0,32,Good
Belgium,Herent,1,37,1,53,Moderate
Japan,Higashiyamato,2,18,19,86,Moderate
United States of America,Hilo,0,28,0,57,Moderate
Japan,Himeji,2,32,9,71,Moderate
France,Hirson,1,47,0,58,Moderate
Viet Nam,Hoa Binh,9,2,19,163,Unhealthy
Germany,Hochstadt,1,51,0,61,Moderate
Denmark,Holbaek,1,45,0,13,Good
India,Hosakote,1,24,2,53,Moderate
Burkina Faso,Hounde,1,22,0,39,Good
China,Huangzhai,7,56,22,161,Unhealthy
Netherlands,Hulst,1,38,1,43,Good
Brazil,Ibate,1,28,0,58,Moderate
Brazil,Ibicui,0,24,0,23,Good
Madagascar,Ifanadiana,2,9,1,73,Moderate
United Kingdom,Ilfracombe,1,22,2,41,Good
France,Illzach,1,55,0,65,Moderate
Romania,Ineu,1,46,0,45,Good
Belgium,Ingelmunster,1,38,1,40,Good
Greece,Iraklion,1,48,0,52,Moderate
Iran (Islamic Republic of),Iranshahr,1,42,0,157,Unhealthy
Brazil,Itanhem,0,25,0,22,Good
Japan,Itoman,2,20,21,57,Moderate
Brazil,Jacupiranga,0,20,0,21,Good
India,Jahazpur,2,21,7,170,Unhealthy
Iran (Islamic Republic of),Jahrom,0,42,0,67,Moderate
Mexico,Jalacingo,2,21,4,90,Moderate
Mexico,Jaltipan,1,19,1,54,Moderate
Finland,Jarvenpaa,1,35,1,7,Good
Germany,Jena,1,47,0,54,Moderate
Indonesia,Jepara,3,9,14,132,Unhealthy for Sensitive Groups
Haiti,Jeremie,1,32,0,87,Moderate
India,Jind,4,106,8,167,Unhealthy
Czechia,Jindrichuv Hradec,1,49,0,77,Moderate
Lithuania,Jonava,1,35,0,22,Good
Brazil,Juazeiro,0,22,0,12,Good
Democratic Republic of the Congo,Kabalo,2,40,2,101,Unhealthy for Sensitive Groups
Zimbabwe,Kadoma,0,25,0,22,Good
Indonesia,Kadungora,12,2,32,212,Very Unhealthy
Mexico,Kanasin,1,21,1,59,Moderate
Kenya,Kapsabet,3,16,3,110,Unhealthy for Sensitive Groups
India,Karaikkudi,2,21,6,108,Unhealthy for Sensitive Groups
Kazakhstan,Karatau,1,32,1,78,Moderate
India,Kariapatti,2,19,5,90,Moderate
India,Karkal,1,17,2,66,Moderate
China,Kashi,1,38,1,91,Moderate
Japan,Kashiwa,1,29,15,74,Moderate
Russian Federation,Kasli,1,39,1,11,Good
Greece,Kastoria,1,38,0,109,Unhealthy for Sensitive Groups
Côte d'Ivoire,Katiola,1,22,0,33,Good
India,Kattivakkam,3,35,7,132,Unhealthy for Sensitive Groups
India,Kaveripattinam,2,29,4,87,Moderate
India,Kawardha,3,43,5,157,Unhealthy
Russian Federation,Kem,1,34,0,12,Good
United States of America,Kerman,1,32,2,35,Good
Japan,Kesennuma,1,21,4,47,Good
Indonesia,Ketanggungan,7,17,16,161,Unhealthy
Finland,Keuruu,1,34,0,2,Good
United States of America,Beech Grove,2,31,11,60,Moderate
China,Beidao,2,74,0,75,Moderate
Brazil,Bela Vista,1,10,0,23,Good
Argentina,Bell Ville,1,11,0,20,Good
Egypt,Benha,2,78,5,80,Moderate
France,Berck,1,30,3,34,Good
Hungary,Berettyoujfalu,1,40,1,66,Moderate
India,Beypur,0,24,0,74,Moderate
India,Bhatpara,6,117,6,174,Unhealthy
India,Bhindar,1,34,0,194,Unhealthy
Ukraine,Bila Tserkva,1,37,1,16,Good
Tunisia,Bin Qirdan,1,40,2,167,Unhealthy
Nigeria,Biu,2,21,0,53,Moderate
Germany,Blaubeuren,1,24,5,50,Good
United States of America,Blue Springs,1,35,4,54,Moderate
Brazil,Boa Vista,0,10,0,15,Good
United Kingdom of Great Britain and Northern Ireland,Bodmin,1,20,8,49,Good
Guinea,Boke,1,23,0,151,Unhealthy
Brazil,Bom Jesus Da Lapa,0,9,1,16,Good
United States of America,Boulder City,1,13,11,47,Good
United States of America,Bowie,1,42,5,50,Good
Brazil,Braco Do Norte,1,21,2,68,Moderate
Brazil,Brejo,1,9,1,45,Good
India,Chirala,1,29,0,71,Moderate
Tajikistan,Chkalovsk,1,44,0,111,Unhealthy for Sensitive Groups
Honduras,Choloma,1,11,2,78,Moderate
Czechia,Chrudim,1,43,1,82,Moderate
Ukraine,Chyhyryn,1,37,1,29,Good
Brazil,Cobija,1,2,0,30,Good
United States of America,Colleyville,1,22,3,135,Unhealthy for Sensitive Groups
Belgium,Courcelles,1,25,5,57,Moderate
Italy,Cremona,2,32,7,106,Unhealthy for Sensitive Groups
Mexico,Cuautlancingo,2,12,7,122,Unhealthy for Sensitive Groups
Germany,Dachau,1,42,2,50,Good
Philippines,Daet,1,27,0,41,Good
Philippines,Dagupan,0,24,1,53,Moderate
Niger,Dakoro,2,26,1,40,Good
Brazil,Canto Do Buriti,0,14,0,14,Good
Brazil,Caravelas,1,25,0,24,Good
Central African Republic,Carnot,3,14,0,66,Moderate
France,Carros,2,19,7,111,Unhealthy for Sensitive Groups
Brazil,Catanduva,1,12,1,37,Good
Italy,Ceccano,1,38,3,31,Good
Brazil,Cedro,0,13,1,27,Good
Romania,Cernavoda,1,37,0,30,Good
United States of America,Chalmette,1,26,4,84,Moderate
Pakistan,Chaman,0,44,0,134,Unhealthy for Sensitive Groups
Mexico,Champoton,1,23,0,57,Moderate
China,Changtu,3,91,2,84,Moderate
China,Chaochou,2,91,2,67,Moderate
United States of America,Charlotte,2,47,6,61,Moderate
France,Chatenay Malabry,1,23,5,67,Moderate
Mauritius,Chemin Grenier,0,27,0,27,Good
Russian Federation,Cherdakly,1,31,0,51,Moderate
Mexico,Chignahuapan,2,7,8,173,Unhealthy
Nicaragua,Chinandega,1,17,4,143,Unhealthy for Sensitive Groups
India,Chintamani,0,22,0,62,Moderate
Romania,Cisnadie,1,38,0,35,Good
Guatemala,Ciudad Vieja,3,2,12,129,Unhealthy for Sensitive Groups
Philippines,Buanoy,1,20,0,68,Moderate
Russian Federation,Bugulma,1,27,0,45,Good
Australia,Bunbury,0,31,0,16,Good
United States of America,Burke,1,38,6,40,Good
Venezuela (Bolivarian Republic of),Cabudare,1,14,3,54,Moderate
Slovakia,Cadca,1,42,1,77,Moderate
Mexico,Calkini,1,19,0,47,Good
Brazil,Campo Largo,1,15,2,71,Moderate
Cuba,Bahia Honda,1,30,2,69,Moderate
Germany,Baiersbronn,1,37,1,62,Moderate
China,Baiquan,2,39,0,29,Good
India,Bakewar,4,172,1,171,Unhealthy
Côte d'Ivoire,Bangolo,1,14,0,46,Good
Bosnia and Herzegovina,Banja Luka,1,32,0,54,Moderate
Myanmar,Banmo,1,18,0,19,Good
India,Bannur,1,23,0,26,Good
Poland,Barlinek,1,35,1,50,Good
Israel,Beit Jann,3,60,7,100,Unhealthy for Sensitive Groups
United States of America,Bethesda,2,25,12,55,Moderate
Germany,Beverungen,1,40,5,59,Moderate
India,Bhanpura,1,37,0,171,Unhealthy
China,Bianzhuang,4,193,2,164,Unhealthy
Peru,Picsi,0,19,1,35,Good
Brazil,Pindamonhangaba,2,10,4,57,Moderate
India,Pipraich,4,168,1,274,Very Unhealthy
Mexico,Platon Sanchez,3,13,7,80,Moderate
Russian Federation,Plesetsk,1,32,0,8,Good
Portugal,Pombal,0,27,1,34,Good
United States of America,Port Angeles,1,29,1,16,Good
United Kingdom of Great Britain and Northern Ireland,Potters Bar,0,27,2,28,Good
Belgium,Wervik,1,23,3,38,Good
Germany,Wesel,1,33,2,30,Good
United States of America,West Little River,2,8,15,90,Moderate
United States of America,West Melbourne,1,18,7,40,Good
Ireland,Wexford,0,38,0,68,Moderate
United States of America,Wheeling,2,29,11,53,Moderate
Thailand,Wichian Buri,0,22,0,41,Good
Germany,Willich,1,33,2,32,Good
United States of America,Wilson,1,36,3,62,Moderate
United Kingdom of Great Britain and Northern Ireland,Wishaw,0,31,0,59,Moderate
United States of America,Woburn,1,46,3,49,Good
United States of America,Worcester,1,46,2,35,Good
China,Xinglongshan,3,49,4,97,Moderate
South Sudan,Yambio,1,6,0,60,Moderate
Myanmar,Yamethin,0,25,0,23,Good
Japan,Yatsushiro,3,26,6,69,Moderate
Mexico,Yecapixtla,4,0,14,154,Unhealthy
France,Yerres,1,22,5,50,Good
Indonesia,Yogyakarta,1,27,0,54,Moderate
Honduras,Yoro,1,13,1,16,Good
Turkey,Yuksekova,1,41,0,79,Moderate
Russian Federation,Yuryev Polskiy,1,30,0,23,Good
Spain,Zafra,1,28,2,35,Good
Argentina,Zarate,0,14,3,24,Good
Netherlands,Zijpe,1,27,4,36,Good
India,Ziro,1,22,0,24,Good
Azerbaijan,Neftcala,1,38,0,62,Moderate
Sri Lanka,Negombo,0,27,0,57,Moderate
Republic of North Macedonia,Negotino,1,45,0,59,Moderate
Germany,Niederzier,1,32,2,33,Good
Russian Federation,Nikolayevka,1,45,1,39,Good
India,Niwari,1,46,2,492,Hazardous
Russian Federation,Nizhnyaya Salda,1,29,0,28,Good
United States of America,Lamont,2,23,11,43,Good
Chile,Lampa,28,0,36,358,Hazardous
Italy,Lana,0,30,0,10,Good
Philippines,Lapu Lapu,1,22,0,69,Moderate
Spain,Las Torres De Cotillas,1,31,2,31,Good
Poland,Lask,1,30,2,42,Good
Finland,Laukaa,1,33,2,32,Good
France,Le Pontet,1,33,0,38,Good
Netherlands,Leiderdorp,1,27,5,40,Good
United States of America,Lemoore,2,19,11,45,Good
Germany,Leopoldshohe,1,32,3,29,Good
France,Les Ponts De Ce,0,27,1,17,Good
Sweden,Lidkoping,0,37,0,24,Good
Peru,Lima,4,16,9,110,Unhealthy for Sensitive Groups
Germany,Lindau,1,31,1,32,Good
Spain,Llanes,0,32,0,21,Good
Democratic Republic of the Congo,Lodja,10,21,4,165,Unhealthy
Philippines,Loma De Gato,1,25,1,68,Moderate
United States of America,Lomita,3,17,30,85,Moderate
Colombia,Lorica,1,14,2,57,Moderate
Spain,Los Llanos De Aridane,0,36,0,14,Good
China,Luocheng,9,83,25,175,Unhealthy
United States of America,Lynchburg,1,29,4,65,Moderate
India,Jaypur,1,44,0,157,Unhealthy
Latvia,Jelgava,1,36,0,48,Good
India,Jhalida,1,70,1,182,Unhealthy
China,Jiaonan,3,98,4,106,Unhealthy for Sensitive Groups
China,Jiaozhou,2,120,3,86,Unhealthy for Sensitive Groups
Czechia,Jihlava,1,30,1,29,Good
France,Joue Les Tours,1,25,2,37,Good
China,Juifang,1,48,2,60,Moderate
Peru,Juliaca,0,3,2,18,Good
Japan,Kaga,1,42,1,25,Good
Germany,Kaiserslautern,1,33,2,28,Good
China,Kaiyuan,1,18,3,52,Moderate
Ukraine,Kakhovka,1,40,0,45,Good
India,Kakori,1,49,1,329,Hazardous
Pakistan,Kalaswala,3,183,1,221,Very Unhealthy
Denmark,Kalundborg,0,38,1,39,Good
Poland,Kamienna Gora,0,28,1,30,Good
United States of America,Mokena,2,11,26,74,Moderate
Italy,Monserrato,1,40,1,67,Moderate
Portugal,Montemor O Novo,0,28,1,35,Good
Bolivia (Plurinational State of),Montero,0,20,0,27,Good
Italy,Montevarchi,1,39,1,18,Good
Italy,Montichiari,1,31,4,64,Moderate
France,Montivilliers,1,24,4,42,Good
Cameroon,Mora,2,24,0,50,Good
Chile,San Felipe,14,2,20,176,Unhealthy
Bolivia (Plurinational State of),San Ignacio,0,13,0,43,Good
Paraguay,San Lorenzo,1,13,2,59,Moderate
India,Sankheda,1,33,0,155,Unhealthy
Spain,Santa Lucia,0,37,0,16,Good
United States of America,Santee,2,4,26,70,Moderate
Brazil,Santo Antonio De Posse,2,3,8,80,Moderate
Brazil,Sao Joao Dos Patos,0,12,0,20,Good
India,Sarkhej,1,40,0,159,Unhealthy
Philippines,Sasmuan,1,24,1,66,Moderate
United States of America,Sayreville,1,44,5,64,Moderate
United Kingdom of Great Britain and Northern Ireland,Scarborough,0,31,1,24,Good
Germany,Schongau,0,27,1,32,Good
Germany,Schwabisch Hall,1,24,4,27,Good
Germany,Seevetal,1,35,2,25,Good
Brazil,Senador Guiomard,1,4,0,14,Good
Italy,Seregno,1,33,2,21,Good
Spain,Sestao,0,32,1,21,Good
Russian Federation,Severnyy,1,27,1,56,Moderate
Turkmenistan,Seydi,1,42,0,163,Unhealthy
Iran (Islamic Republic of),Shahrud,1,44,0,59,Moderate
Ethiopia,Shambu,1,21,0,43,Good
United States of America,Roselle Park,1,45,5,65,Moderate
United States of America,Round Lake Beach,3,1,27,78,Moderate
Bolivia (Plurinational State of),Rurrenabaque,1,9,0,29,Good
Colombia,Sabana De Torres,2,8,4,61,Moderate
Dominican Republic,Sabana Grande De Boya,3,5,16,152,Unhealthy
India,Sailana,1,41,0,156,Unhealthy
Canada,Saint John,1,26,3,39,Good
India,Salimpur,4,161,2,276,Very Unhealthy
United States of America,Salt Lake City,1,24,7,39,Good
Indonesia,Sampit,1,17,0,45,Good
United States of America,Shelton,1,46,5,63,Moderate
China,Shuangcheng,3,79,2,83,Moderate
Hungary,Siklos,1,29,1,52,Moderate
India,Sillod,1,38,0,146,Unhealthy for Sensitive Groups
India,Sinor,0,31,0,153,Unhealthy
Netherlands,Sint Oedenrode,1,31,3,38,Good
Poland,Solec Kujawski,1,33,1,33,Good
Burkina Faso,Solenzo,1,16,0,40,Good
Thailand,Songkhla,2,41,0,54,Moderate
El Salvador,Sonzacate,3,13,7,85,Moderate
India,Sorada,1,47,0,160,Unhealthy
United States of America,South Charleston,1,36,10,61,Moderate
Indonesia,Sragen,1,37,0,66,Moderate
Russian Federation,Staraya Kupavna,1,29,4,45,Good
United States of America,Streetsboro,1,31,8,50,Good
United Kingdom of Great Britain and Northern Ireland,Strood,0,29,3,24,Good
Japan,Sukagawa,1,43,1,28,Good
Russian Federation,Sukhodol,0,31,0,31,Good
United States of America,Sulphur,1,15,10,65,Moderate
United States of America,Kiryas Joel,1,44,2,44,Good
United Republic of Tanzania,Kishapu,0,16,0,36,Good
Japan,Kitakata,1,38,1,19,Good
Poland,Knurow,1,27,2,46,Good
India,Koath,1,74,1,286,Hazardous
Ukraine,Kobelyaky,1,39,0,59,Moderate
Republic of North Macedonia,Kocani,1,45,0,58,Moderate
Ukraine,Kolomyya,1,36,1,68,Moderate
Democratic Republic of the Congo,Kongolo,3,21,2,137,Unhealthy for Sensitive Groups
Poland,Konin,1,33,1,33,Good
Albania,Korce,1,41,0,44,Good
Poland,Kostrzyn,0,34,1,26,Good
Brazil,Marialva,1,14,2,33,Good
United States of America,Marshall,2,31,5,51,Moderate
Japan,Marumori,1,41,1,18,Good
United States of America,Maryville,2,19,11,55,Moderate
Brazil,Matias Barbosa,4,1,13,112,Unhealthy for Sensitive Groups
India,Mau,1,47,0,180,Unhealthy
Malawi,Mchinji,1,21,0,39,Good
El Salvador,Mejicanos,3,10,10,113,Unhealthy for Sensitive Groups
Chile,Melipilla,7,0,17,161,Unhealthy
China,Mengcheng,3,172,3,127,Unhealthy
India,Kunnamkulam,1,26,0,68,Moderate
Russian Federation,Kursavka,1,45,0,29,Good
Colombia,La Estrella,4,1,8,120,Unhealthy for Sensitive Groups
Venezuela (Bolivarian Republic of),La Guaira,1,19,4,54,Moderate
Hungary,Gyomro,1,29,2,44,Good
Viet Nam,Hai Duong,2,53,2,77,Moderate
Pakistan,Haripur,2,157,1,121,Unhealthy
United States of America,Hartford,2,17,10,51,Moderate
Japan,Hasama,1,39,0,14,Good
India,Hastinapur,1,50,1,500,Hazardous
Czechia,Havlickuv Brod,1,29,1,31,Good
Germany,Heilbronn,0,30,2,26,Good
Germany,Herten,1,33,2,29,Good
Germany,Herzogenrath,1,33,2,34,Good
Nepal,Hetauda,2,87,0,207,Very Unhealthy
Germany,Hiddenhausen,1,37,1,24,Good
Philippines,Pandacaqui,1,23,1,73,Moderate
India,Panvel,1,25,1,150,Unhealthy
Brazil,Pao De Acucar,0,8,1,31,Good
Brazil,Paracuru,0,18,1,43,Good
India,Parasia,0,37,0,153,Unhealthy
Indonesia,Pare,1,43,0,78,Moderate
India,Parnera,0,21,0,132,Unhealthy for Sensitive Groups
Mexico,Paso Del Macho,6,1,16,150,Unhealthy
Germany,Pattensen,1,37,1,23,Good
United States of America,Patterson,1,27,7,45,Good
Brazil,Pedro Ii,1,8,1,29,Good
Indonesia,Pemalang,2,51,1,100,Unhealthy for Sensitive Groups
Germany,Petersberg,1,33,2,32,Good
Russian Federation,Kharovsk,1,33,0,5,Good
Senegal,Khombole,2,26,3,157,Unhealthy
Afghanistan,Khowst,1,54,0,94,Moderate
Rwanda,Kibungo,3,19,1,69,Moderate
United States of America,Kinston,1,39,3,58,Moderate
Portugal,Machico,0,35,0,19,Good
Congo,Madingou,1,24,0,68,Moderate
India,Mahuva,0,26,0,151,Unhealthy
Colombia,Majagual,1,19,0,37,Good
United States of America,Malden,1,45,3,54,Moderate
India,Malwan,0,24,0,91,Moderate
Nicaragua,Managua,1,11,5,57,Moderate
Brazil,Mangaratiba,2,24,4,84,Moderate
United States of America,Manhattan,1,33,4,68,Moderate
Brazil,Maragogipe,1,10,3,44,Good
United Republic of Tanzania,Maramba,1,20,0,36,Good
Mexico,Maravatio,1,9,3,39,Good
United States of America,Marblehead,1,44,4,59,Moderate
Honduras,Marcala,2,4,7,60,Moderate
Italy,Margherita Di Savoia,1,48,1,34,Good
Uzbekistan,Urgut,1,47,0,110,Unhealthy for Sensitive Groups
Brazil,Urucurituba,1,2,0,39,Good
Russian Federation,Ust Abakan,1,43,0,58,Moderate
Russian Federation,Uvelskiy,1,34,0,26,Good
France,Vaires Sur Marne,1,22,5,50,Good
Italy,Valdagno,1,28,2,16,Good
Italy,Valdobbiadene,1,28,2,20,Good
Spain,Valls,0,34,0,17,Good
Italy,Valmontone,1,45,2,22,Good
Italy,Varese,1,35,1,15,Good
Netherlands,Veenendaal,1,30,3,37,Good
Italy,Ventimiglia,1,38,2,66,Moderate
Portugal,Viana Do Castelo,1,26,2,34,Good
Spain,Mostoles,1,27,3,32,Good
Japan,Motegi,1,43,1,36,Good
United Republic of Tanzania,Mpanda,0,18,0,32,Good
Italy,Musile Di Piave,1,30,2,23,Good
Finland,Mustasaari,1,35,2,19,Good
India,Nagar Karnul,0,33,0,123,Unhealthy for Sensitive Groups
Japan,Nakano,1,38,1,24,Good
United Republic of Tanzania,Namanyere,1,16,0,27,Good
India,Nambiyur,1,30,0,58,Moderate
China,Nantai,4,35,9,80,Moderate
France,Nanterre,1,20,5,50,Good
Spain,Torrelavega,0,33,0,21,Good
Spain,Torrevieja,1,31,3,35,Good
Italy,Torri Di Quartesolo,1,28,3,26,Good
Guinea,Tougue,1,15,0,29,Good
Croatia,Trogir,1,43,1,35,Good
Bulgaria,Trojan,1,40,0,55,Moderate
Japan,Tsubata,1,40,0,23,Good
Tunisia,Tunis,1,43,2,45,Good
United States of America,Tustin,3,14,21,78,Moderate
Russian Federation,Tyulgan,1,34,0,41,Good
Brazil,Ubaitaba,1,7,2,38,Good
Brazil,Ubajara,1,6,2,44,Good
Brazil,Ubata,1,5,2,39,Good
Spain,Ubrique,1,34,3,23,Good
Czechia,Uherske Hradiste,1,30,1,43,Good
India,Thiruvarur,1,40,0,70,Moderate
Switzerland,Thonex,1,30,0,31,Good
China,Tienchung,3,135,14,151,Unhealthy
Georgia,Tkibuli,1,38,0,37,Good
Poland,Tomaszow Lubelski,1,33,0,53,Moderate
Romania,Tomesti,1,46,0,67,Moderate
Japan,Tomisato,1,41,1,34,Good
South Africa,Temba,15,20,7,161,Unhealthy
Czechia,Teplice,1,30,2,28,Good
Brazil,Teresina,0,12,1,27,Good
United States of America,Terryville,2,41,9,73,Moderate
Brazil,Teutonia,1,12,3,40,Good
Kenya,Thika,2,18,1,92,Moderate
Portugal,Vila Real,1,23,2,36,Good
Estonia,Viljandi,1,31,0,45,Good
Ukraine,Vinnytsya,1,44,1,60,Moderate
India,Virapandi,0,22,0,45,Good
France,Vitry Sur Seine,1,21,5,51,Moderate
Albania,Vlore,1,46,0,55,Moderate
Czechia,Vrchlabi,0,28,1,30,Good
India,Vuyyuru,1,42,0,142,Unhealthy for Sensitive Groups
Czechia,Vysoke Myto,1,29,1,31,Good
United States of America,Waukesha,2,13,14,53,Moderate
United States of America,Waxahachie,1,22,4,52,Moderate
Thailand,Suphan Buri,0,20,0,45,Good
Slovakia,Surany,1,30,1,50,Good
Iran (Islamic Republic of),Susangerd,1,79,0,150,Unhealthy
Pakistan,Swabi,3,197,1,130,Unhealthy
Poland,Swidnica,0,28,1,33,Good
Canada,Sydney Mines,1,17,10,17,Good
Japan,Tagajo,1,40,0,15,Good
Brazil,Taiobeiras,0,7,1,19,Good
Chile,Taltal,1,12,2,23,Good
Indonesia,Taman,1,39,1,124,Unhealthy for Sensitive Groups
Japan,Tarui,1,44,3,46,Good
Kazakhstan,Tasbuget,1,37,0,61,Moderate
Viet Nam,Hoi An,2,32,1,82,Moderate
Romania,Holboca,1,42,1,71,Moderate
United States of America,Hooksett,1,44,1,25,Good
France,Houilles,1,19,4,50,Good
China,Huaihua,2,121,1,68,Unhealthy for Sensitive Groups
China,Huaiyuan,4,184,4,142,Unhealthy
Mexico,Huajuapan,3,2,7,69,Moderate
Mexico,Huejotzingo,2,4,12,156,Unhealthy
India,Ichchapuram,2,80,1,155,Unhealthy
Japan,Ichinohe,1,35,1,21,Good
Bulgaria,Ihtiman,1,42,2,77,Moderate
Switzerland,Fribourg,0,31,0,28,Good
Mexico,Frontera Comalapa,3,6,7,83,Moderate
Brazil,Frutal,1,5,1,41,Good
Germany,Furstenwalde,1,36,1,26,Good
France,Gaillac,1,31,1,38,Good
United States of America,Gallup,0,27,1,57,Moderate
Israel,Ganne Tiqwa,2,49,6,94,Moderate
China,Gaogou,5,202,3,156,Very Unhealthy
Kenya,Garissa,1,23,0,43,Good
Russian Federation,Giaginskaya,1,52,1,21,Moderate
India,Giddarbaha,1,45,0,416,Hazardous
Indonesia,Ende,1,23,0,16,Good
United States of America,Endwell,1,40,1,34,Good
France,Enghien Les Bains,1,18,6,55,Moderate
Turkey,Eregli,0,41,0,57,Moderate
Romania,Fagaras,1,41,1,59,Moderate
Brazil,Farias Brito,0,12,1,24,Good
India,Faridnagar,1,45,2,496,Hazardous
United States of America,Federal Heights,3,2,17,83,Moderate
Austria,Feldkirchen,0,28,0,9,Good
Germany,Finnentrop,1,35,1,26,Good
Germany,Finsterwalde,1,34,1,28,Good
France,Fleury Les Aubrais,1,23,2,38,Good
Germany,Floha,0,32,1,26,Good
Brazil,Floresta,0,13,0,23,Good
Italy,Foligno,1,40,1,28,Good
United States of America,Fort Dodge,1,35,4,34,Good
Russian Federation,Glazov,1,28,0,12,Good
United States of America,Glendale Heights,3,6,29,81,Moderate
United States of America,Glenvar Heights,2,8,15,91,Moderate
Germany,Gluckstadt,1,32,2,26,Good
Austria,Gotzis,0,29,1,28,Good
Niger,Goure,2,39,1,79,Moderate
Germany,Grenzach Wyhlen,1,29,1,35,Good
Italy,Grosseto,1,44,1,33,Good
Poland,Gryfice,0,35,0,23,Good
Argentina,Gualeguay,0,15,1,14,Good
France,Guerande,0,33,0,21,Good
United States of America,Indianola,1,21,5,54,Moderate
India,Irugur,1,26,0,58,Moderate
United Republic of Tanzania,Isaka,0,15,0,36,Good
Japan,Ishinomaki,1,39,0,13,Good
Brazil,Itajobi,1,6,1,54,Moderate
India,Itarsi,1,38,0,152,Unhealthy
Brazil,Itau De Minas,1,2,3,54,Moderate
Brazil,Iuna,1,7,2,36,Good
Japan,Iwamizawa,1,32,0,15,Good
Mexico,Izamal,1,22,0,40,Good
Guatemala,Jacaltenango,2,11,5,66,Moderate
Brazil,Jaciara,1,7,0,55,Moderate
India,Jais,1,48,1,282,Hazardous
India,Jalna,1,38,0,143,Unhealthy for Sensitive Groups
Uzbekistan,Kibray,1,35,13,102,Unhealthy for Sensitive Groups
Papua New Guinea,Kimbe,0,21,0,13,Good
United Kingdom of Great Britain and Northern Ireland,Kirkby In Ashfield,1,33,1,41,Good
Russian Federation,Kodinsk,1,23,1,56,Moderate
India,Kohima,2,7,4,68,Moderate
India,Kollegal,2,10,7,92,Moderate
India,Koppal,1,20,3,43,Good
Russian Federation,Kotovo,1,45,0,19,Good
Turkey,Kozluk,1,43,1,62,Moderate
Poland,Krasnik,1,47,0,54,Moderate
Russian Federation,Krasnoyarsk,1,27,3,35,Good
Serbia,Krusevac,1,49,0,54,Moderate
Russian Federation,Krylovskaya,1,44,0,20,Good
Russian Federation,Kstovo,1,36,3,30,Good
Sweden,Kumla,1,41,0,12,Good
Russian Federation,Kupino,1,27,0,26,Good
Czechia,Kutna Hora,1,46,0,67,Moderate
United States of America,La Mirada,3,19,24,105,Unhealthy for Sensitive Groups
Peru,La Peca,1,6,0,11,Good
United States of America,Lake Oswego,2,24,7,74,Moderate
Pakistan,Lakki Marwat,3,104,2,181,Unhealthy
Philippines,Lalig,2,25,9,90,Moderate
Poland,Lapy,1,38,0,19,Good
United Kingdom of Great Britain and Northern Ireland,Largs,1,34,1,35,Good
Norway,Larvik,1,49,0,17,Good
Spain,Las Rozas De Madrid,0,42,0,10,Good
United States of America,Lawrenceville,1,46,4,37,Good
France,Le Chesnay,1,43,2,70,Moderate
France,Le Plessis Trevise,1,45,1,70,Moderate
Italy,Lecco,1,47,0,94,Moderate
Germany,Lengede,1,43,0,36,Good
Russian Federation,Lesnoy,1,41,0,39,Good
Sweden,Lidingo,1,34,0,16,Good
Finland,Lieto,1,36,0,4,Good
France,Lillebonne,1,41,0,50,Good
China,Linchuan,6,7,22,159,Unhealthy
Philippines,Lipa,2,25,10,93,Moderate
United Kingdom of Great Britain and Northern Ireland,Littlehampton,1,32,1,32,Good
Russian Federation,Livadiya,2,48,2,83,Moderate
Brazil,Livramento,0,22,0,18,Good
Chile,Llaillay,18,2,28,207,Very Unhealthy
Israel,Lod,1,53,4,85,Moderate
Nigeria,Lokoja,1,34,0,59,Moderate
Benin,Lokossa,1,28,0,47,Good
India,Lonar,1,26,3,154,Unhealthy
Chile,Los Andes,9,7,14,167,Unhealthy
United States of America,Loves Park,1,39,1,38,Good
United States of America,Lower Burrell,1,36,3,51,Moderate
Uganda,Lugazi,3,18,1,105,Unhealthy for Sensitive Groups
Poland,Lukow,1,41,0,28,Good
India,Lunglei,1,10,1,45,Good
United States of America,Lynn,1,39,1,44,Good
Ecuador,Macas,1,7,0,7,Good
Kenya,Machakos,1,17,1,71,Moderate
India,Baheri,3,162,1,160,Unhealthy
India,Bahua,2,126,1,196,Unhealthy
Romania,Bailesti,1,38,1,40,Good
Indonesia,Banda Aceh,0,17,0,17,Good
Somalia,Bandarbeyla,0,18,0,138,Unhealthy for Sensitive Groups
United Kingdom of Great Britain and Northern Ireland,Bangor,1,24,4,20,Good
India,Baranagar,5,101,6,171,Unhealthy
Brazil,Barauna,0,19,0,23,Good
Portugal,Barcelos,1,32,2,22,Good
India,Baruni,5,168,1,153,Unhealthy
India,Basi,1,49,0,235,Very Unhealthy
United States of America,Bastrop,1,22,3,61,Moderate
United States of America,Bay Point,1,30,9,36,Good
France,Bayeux,1,33,2,37,Good
India,Arukutti,1,24,1,88,Moderate
United States of America,Arvin,1,33,6,41,Good
United States of America,Athol,1,18,7,49,Good
Mexico,Atlazalpan,4,2,21,185,Unhealthy
Ecuador,Atuntaqui,1,6,2,46,Good
India,Avanashi,0,25,0,43,Good
Kazakhstan,Ayagoz,1,33,0,50,Good
Dominican Republic,Azua,1,11,7,62,Moderate
Germany,Bad Bentheim,0,32,1,17,Good
Germany,Bad Laasphe,1,34,2,56,Moderate
Germany,Bad Wildbad,1,33,4,46,Good
India,Bahadurganj,2,57,0,54,Moderate
Brazil,Amaraji,0,17,2,30,Good
Madagascar,Ambalavao,1,20,0,41,Good
Madagascar,Ambilobe,0,23,0,18,Good
United States of America,American Canyon,1,33,5,29,Good
Netherlands,Amersfoort,1,30,2,17,Good
India,Amet,1,35,0,193,Unhealthy
India,Amroli,0,25,0,152,Unhealthy
India,Andippatti,1,26,0,45,Good
India,Anjad,1,33,0,163,Unhealthy
Philippines,Antipolo,1,23,2,61,Moderate
India,Anupshahr,4,173,1,177,Unhealthy
Brazil,Apodi,0,16,0,25,Good
Brazil,Araguaina,1,12,0,41,Good
Brazil,Arapiraca,0,12,2,32,Good
Belgium,Arendonk,1,30,3,32,Good
Ecuador,Arenillas,1,17,1,34,Good
Italy,Arezzo,1,39,3,61,Moderate
Greece,Ayia Varvara,1,46,0,46,Good
India,Iluppur,1,35,0,72,Moderate
Italy,Isernia,1,48,2,52,Moderate
Russian Federation,Isilkul,1,31,0,50,Good
Brazil,Itamaraca,0,22,0,31,Good
Brazil,Itapora,1,10,0,23,Good
Brazil,Itubera,0,15,0,14,Good
Brazil,Ituporanga,5,10,2,118,Unhealthy for Sensitive Groups
Brazil,Ivaipora,1,11,1,51,Moderate
Russian Federation,Ivanovo,1,33,0,25,Good
Syria,Jablah,1,45,0,56,Moderate
India,Jagdalpur,1,25,1,65,Moderate
India,Jaisalmer,1,44,0,274,Hazardous
Brazil,Jardinopolis,1,11,2,54,Moderate
India,Jaynagar,3,100,0,75,Unhealthy for Sensitive Groups
Brazil,Jeremoabo,0,15,0,13,Good
China,Jiangyou,3,69,5,119,Unhealthy for Sensitive Groups
China,Jiazi,3,184,2,87,Unhealthy
China,Jieshou,4,192,4,125,Unhealthy
India,Kakinada,2,24,3,105,Unhealthy for Sensitive Groups
Russian Federation,Kalach Na Donu,1,40,0,50,Good
India,Kalka,2,125,1,123,Unhealthy for Sensitive Groups
United States of America,Fort Wayne,1,31,4,35,Good
France,Fos Sur Mer,1,23,14,146,Unhealthy for Sensitive Groups
Brazil,Francisco Sa,0,16,0,17,Good
United States of America,Friendswood,1,20,4,110,Unhealthy for Sensitive Groups
Germany,Friesenheim,1,35,3,56,Moderate
Germany,Fritzlar,1,38,1,53,Moderate
Japan,Fukuchiyama,1,46,0,36,Good
Democratic Republic of the Congo,Gandajika,14,47,9,277,Very Unhealthy
India,Gandhinagar,1,33,1,167,Unhealthy
India,Gangawati,0,24,0,65,Moderate
India,Gangoh,3,166,1,152,Unhealthy
China,Ganzhou,3,128,1,77,Unhealthy for Sensitive Groups
United States of America,Gardendale,1,32,7,75,Moderate
Netherlands,Geldrop,1,31,2,31,Good
Turkey,Gemlik,1,33,0,39,Good
Pakistan,Ghotki,1,59,1,194,Unhealthy
India,Ghugus,1,28,3,165,Unhealthy
United States of America,Gillette,1,36,0,51,Moderate
Italy,Gioia Tauro,1,43,1,47,Good
India,Gunupur,1,36,1,65,Moderate
Nigeria,Gusau,2,26,0,53,Moderate
Mexico,Gutierrez Zamora,2,19,4,108,Unhealthy for Sensitive Groups
China,Guye,3,157,3,125,Unhealthy
Germany,Haar,1,36,4,56,Moderate
Denmark,Haderslev,0,33,0,19,Good
Pakistan,Hangu,2,64,0,159,Unhealthy
Belarus,Haradok,1,33,0,11,Good
Zimbabwe,Harare,3,14,2,61,Moderate
Bulgaria,Haskovo,1,44,0,50,Good
Netherlands,Heerlen,1,35,2,51,Moderate
Denmark,Helsingor,0,37,0,17,Good
Germany,Hemmingen,0,35,1,25,Good
Germany,Herne,1,33,2,38,Good
Poland,Glucholazy,1,41,1,72,Moderate
Austria,Gmunden,1,37,2,58,Moderate
South Sudan,Gogrial,2,8,0,72,Moderate
India,Gopichettipalaiyam,0,26,1,38,Good
Armenia,Goris,1,33,0,26,Good
Russian Federation,Gornyak,1,36,0,30,Good
Spain,Grado,1,35,4,28,Good
Colombia,Granada,2,5,4,61,Moderate
Italy,Gravina In Puglia,1,44,2,55,Moderate
United States of America,Greer,2,37,7,64,Moderate
Belgium,Grimbergen,1,31,3,43,Good
Brazil,Guiratinga,1,6,1,25,Good
United States of America,Gulfport,1,31,2,72,Moderate
Dominican Republic,Higuey,1,22,1,55,Moderate
United States of America,Hilliard,1,47,3,19,Good
Ukraine,Hlukhiv,1,34,0,10,Good
Ghana,Hohoe,1,19,0,49,Good
India,Holalkere,0,21,0,50,Good
United States of America,Hopewell,1,35,5,53,Moderate
China,Huangpu,4,202,5,148,Very Unhealthy
United States of America,Huntley,1,32,7,49,Good
Brazil,Ibipora,1,11,2,55,Moderate
Greece,Ierapetra,1,47,0,52,Moderate
Brazil,Igarape Acu,1,13,1,44,Good
Brazil,Iguai,0,13,0,15,Good
Brazil,Sarzedo,3,2,9,95,Moderate
Côte d'Ivoire,Sassandra,1,25,0,28,Good
India,Saundatti Yellamma,0,23,0,60,Moderate
Mexico,Sayula,2,17,4,89,Moderate
Japan,Sekiyado,1,36,3,20,Good
Georgia,Senaki,1,33,0,26,Good
Russian Federation,Severomorsk,1,27,0,19,Good
China,Shache,1,41,0,244,Very Unhealthy
India,Shahi,4,167,1,164,Unhealthy
India,Sherghati,3,133,0,151,Unhealthy
Cuba,Sibanicu,1,20,1,45,Good
Poland,Siemiatycze,1,33,1,68,Moderate
Finland,Sipoo,1,27,12,52,Moderate
India,Sirohi,1,33,0,193,Unhealthy
Republic of North Macedonia,Skopje,1,39,1,56,Moderate
Russian Federation,Slavgorod,1,35,0,34,Good
Russian Federation,Sochi,1,45,0,23,Good
Bulgaria,Sofia,1,35,2,50,Good
Spain,San Bartolome De Tirajana,0,43,0,12,Good
United States of America,San Carlos Park,1,15,9,53,Moderate
Italy,San Giovanni Valdarno,1,45,1,74,Moderate
Mexico,San Jose Del Castillo,1,17,5,67,Moderate
Spain,San Roque,1,30,3,39,Good
Austria,Sankt Johann Im Pongau,1,31,1,50,Good
Germany,Sankt Leon Rot,1,43,2,50,Good
Japan,Sano,1,32,2,15,Good
Brazil,Santa Cruz Cabralia,0,18,0,16,Good
Paraguay,Santa Rita,1,12,0,22,Good
Brazil,Sao Benedito Do Rio Preto,1,10,0,46,Good
Philippines,Sapang,1,22,2,98,Moderate
India,Sarai Mir,3,154,1,150,Unhealthy
Kazakhstan,Sarkand,1,40,0,49,Good
Kazakhstan,Saryozek,1,39,0,74,Moderate
Romania,Sebes,1,35,1,58,Moderate
United States of America,Sedro Woolley,1,24,7,38,Good
Romania,Seini,1,37,0,64,Moderate
India,Seondha,1,62,0,222,Very Unhealthy
Brazil,Sertaozinho,1,11,2,54,Moderate
United States of America,Fort Worth,1,21,4,61,Moderate
Serbia,Futog,1,40,2,74,Moderate
Romania,Gaesti,1,42,1,49,Good
India,Gangtok,1,28,0,31,Good
United States of America,Gatesville,1,21,1,33,Good
Turkey,Gaziantep,1,37,0,53,Moderate
India,Ghaziabad,4,151,4,227,Very Unhealthy
Spain,Gibraleon,1,34,1,21,Good
China,Guozhen,2,118,1,71,Unhealthy for Sensitive Groups
Brazil,Gurupi,1,10,0,35,Good
Germany,Halle,1,30,2,42,Good
Belgium,Hannut,1,24,4,48,Good
Pakistan,Harnai,1,44,0,134,Unhealthy for Sensitive Groups
Czechia,Havirov,1,34,5,80,Moderate
China,Hede,5,203,4,152,Very Unhealthy
France,Herblay,1,20,6,61,Moderate
Germany,Hersbruck,1,35,2,43,Good
Belgium,Gistel,1,33,2,38,Good
United States of America,Glen Burnie,1,31,7,35,Good
United States of America,Godfrey,2,20,15,77,Moderate
Belarus,Gomel,1,36,1,65,Moderate
Italy,Grammichele,2,37,3,58,Moderate
United States of America,Gresham,1,16,11,52,Moderate
Germany,Grunwald,1,37,1,66,Moderate
Cuba,Guane,1,29,0,46,Good
Costa Rica,Guapiles,3,2,12,82,Moderate
Japan,Omuta,1,49,1,41,Good
Poland,Opoczno,1,31,2,73,Moderate
Mexico,Orizaba,2,16,8,79,Moderate
Pakistan,Ormara,1,32,0,165,Unhealthy
France,Orthez,1,43,1,34,Good
Japan,Osakasayama,1,43,1,18,Good
Turkey,Osmaniye,1,39,0,46,Good
Ecuador,Otavalo,1,2,4,57,Moderate
Russian Federation,Otradnoye,1,40,5,73,Moderate
South Africa,Oudtshoorn,2,6,3,66,Moderate
Belgium,Overijse,1,26,4,46,Good
United States of America,Owosso,1,33,5,42,Good
New Zealand,Palmerston North,0,26,0,51,Moderate
Philippines,Papaya,1,27,1,82,Moderate
Brazil,Paraguacu Paulista,1,13,1,31,Good
India,Partapur,1,41,0,155,Unhealthy
Uruguay,Paso De Los Toros,0,14,0,9,Good
Belarus,Pastavy,0,35,0,32,Good
United States of America,Peachtree City,2,19,13,71,Moderate
Chile,Penco,2,14,7,82,Moderate
United States of America,Pepperell,1,30,3,22,Good
Mexico,Petatlan,1,12,2,39,Good
Canada,Petawawa,1,23,1,29,Good
Brazil,Pianco,0,15,0,23,Good
Brazil,Pimenta Bueno,1,1,1,41,Good
Finland,Pirkkala,0,29,1,5,Good
United States of America,Pittsfield,1,31,4,31,Good
Indonesia,Plumbon,1,39,0,54,Moderate
France,Poissy,1,19,6,62,Moderate
Italy,Ponte San Nicolo,2,34,5,98,Moderate
Italy,Pontecorvo,1,41,1,31,Good
United Kingdom of Great Britain and Northern Ireland,Pontypool,1,21,4,51,Moderate
Italy,Portici,2,36,10,50,Good
Nigeria,Potiskum,3,20,1,85,Moderate
Bolivia (Plurinational State of),Potosi,0,14,0,9,Good
Brazil,Prata,0,14,0,32,Good
Slovenia,Ptuj,1,44,2,75,Moderate
Colombia,Puerto Berrio,2,15,1,38,Good
India,Pukhrayan,1,70,1,234,Very Unhealthy
India,Pune,0,24,0,98,Moderate
Costa Rica,Purral,2,4,13,78,Moderate
Kazakhstan,Qostanay,1,37,0,46,Good
Germany,Quickborn,0,33,1,31,Good
Germany,Quierschied,1,29,3,52,Moderate
China,Qujing,1,23,2,46,Good
China,Quzhou,3,131,1,81,Unhealthy for Sensitive Groups
Poland,Radzionkow,2,23,10,112,Unhealthy for Sensitive Groups
India,Raja Sansi,3,154,1,147,Unhealthy
India,Ramanagaram,0,22,0,53,Moderate
United States of America,Fort Payne,1,43,3,69,Moderate
United States of America,Fostoria,1,37,3,43,Good
United States of America,Fruitville,1,22,12,47,Good
Japan,Funabashi,1,77,2,39,Moderate
Colombia,Fusagasuga,3,6,9,106,Unhealthy for Sensitive Groups
Bangladesh,Gafargaon,3,48,3,177,Unhealthy
United Republic of Tanzania,Gairo,0,13,0,30,Good
Greece,Galatsion,2,34,10,61,Moderate
Indonesia,Gambiran,1,24,0,37,Good
Indonesia,Gampengrejo,1,38,0,73,Moderate
India,Gandai,1,44,0,156,Unhealthy
United States of America,Gantt,2,28,10,71,Moderate
India,Gariadhar,0,31,0,151,Unhealthy
Germany,Gartringen,1,24,3,42,Good
Indonesia,Gempol,2,73,1,158,Unhealthy
India,Ghiror,1,47,1,331,Hazardous
Germany,Ginsheim Gustavsburg,0,29,2,27,Good
Germany,Gladbeck,0,27,2,26,Good
Iran (Islamic Republic of),Golpayegan,1,42,0,75,Moderate
Italy,Gragnano,1,60,2,43,Moderate
United Kingdom,Great Yarmouth,0,30,3,21,Good
United States of America,Greensboro,2,22,9,60,Moderate
Italy,Grumo Appula,1,48,1,40,Good
Zimbabwe,Gweru,0,17,0,45,Good
India,Habra,4,94,4,208,Very Unhealthy
Japan,Hanyu,1,50,0,17,Good
India,Harrai,1,34,0,155,Unhealthy
Romania,Hateg,1,28,4,72,Moderate
Pakistan,Hazro,3,200,2,104,Unhealthy
Netherlands,Heemskerk,0,37,0,30,Good
Netherlands,Heerenveen,0,36,1,33,Good
Germany,Hemer,0,24,3,35,Good
India,Hilsa,2,96,1,189,Unhealthy
India,Hojai,2,30,1,64,Moderate
Belgium,Horst,1,22,4,33,Good
China,Huzhou,5,154,8,144,Unhealthy
Nigeria,Ihiala,9,17,8,158,Unhealthy
Nigeria,Ilesha,2,23,0,82,Moderate
Portugal,Ilhavo,1,25,3,37,Good
Russian Federation,Inta,1,25,0,13,Good
Russian Federation,Inzhavino,1,27,0,25,Good
Philippines,Ipil,1,15,0,157,Unhealthy
Jordan,Irbid,1,46,3,85,Moderate
Bangladesh,Ishurdi,4,100,3,199,Unhealthy
India,Islampur,2,48,1,85,Moderate
Brazil,Itamaraju,0,11,1,16,Good
Brazil,Itaparica,0,18,1,22,Good
Brazil,Itapira,2,4,7,82,Moderate
Brazil,Itapui,1,11,1,32,Good
Brazil,Itu,4,3,11,156,Unhealthy
United States of America,Jacksonville,1,18,10,57,Moderate
India,Jagraon,4,114,9,175,Unhealthy
Pakistan,Jand,3,136,6,146,Unhealthy for Sensitive Groups
United States of America,Janesville,2,21,8,61,Moderate
United States of America,Jenison,3,7,19,79,Moderate
Pakistan,Jhang,2,156,1,208,Very Unhealthy
China,Jiayuguan,1,49,0,174,Unhealthy
Brazil,Juatuba,6,0,7,152,Unhealthy
Brazil,Juiz De Fora,2,4,8,78,Moderate
India,Kagaznagar,1,39,0,150,Unhealthy
Japan,Kakegawa,1,63,0,34,Moderate
India,Kalamnuri,1,30,0,135,Unhealthy for Sensitive Groups
Bangladesh,Kaliganj,4,83,3,206,Very Unhealthy
Russian Federation,Kamensk Shakhtinskiy,1,28,3,36,Good
Brazil,Dourados,1,13,0,12,Good
Russian Federation,Dubna,1,29,1,22,Good
India,Dumraon,1,93,1,219,Very Unhealthy
Germany,Duren,0,26,2,29,Good
Turkey,Duzici,1,38,0,59,Moderate
Russian Federation,Dzerzhinsk,1,30,3,54,Moderate
Cameroon,Edea,4,15,1,83,Moderate
Germany,Eggenfelden,1,29,3,53,Moderate
United States of America,El Sobrante,1,24,16,59,Moderate
United States of America,Elmwood Park,3,5,30,93,Moderate
India,Eluru,1,29,2,115,Unhealthy for Sensitive Groups
Germany,Engen,1,25,2,46,Good
Sweden,Enkoping,1,30,0,13,Good
Germany,Ennepetal,0,26,2,29,Good
Brazil,Entre Rios,0,15,1,21,Good
Turkey,Ercis,0,36,0,68,Moderate
Germany,Espelkamp,0,30,1,26,Good
India,Ettaiyapuram,1,31,0,52,Moderate
United States of America,Eureka,1,31,1,26,Good
United States of America,Fairhope,1,24,4,60,Moderate
Sweden,Falun,1,28,0,13,Good
China,Fengcheng,3,101,1,92,Unhealthy for Sensitive Groups
Russian Federation,Mariinskiy Posad,1,32,1,50,Good
Japan,Maruoka,1,44,0,28,Good
Philippines,Masalukot,1,27,1,45,Good
Italy,Melito Di Napoli,2,35,8,40,Good
Czechia,Melnik,1,30,4,62,Moderate
Papua New Guinea,Mendi,0,11,0,5,Good
Malaysia,Mentakab,1,41,0,88,Moderate
Greece,Mesolongion,1,40,1,54,Moderate
El Salvador,Metapan,2,6,8,81,Moderate
Germany,Mettmann,1,28,3,45,Good
Germany,Metzingen,1,27,3,67,Moderate
Madagascar,Miandrivazo,2,18,0,65,Moderate
Mexico,Miguel Auza,0,23,0,53,Moderate
China,Minggang,2,126,2,77,Unhealthy for Sensitive Groups
Portugal,Mirandela,1,26,1,15,Good
Mexico,Misantla,3,17,8,105,Unhealthy for Sensitive Groups
Austria,Mistelbach,1,38,2,68,Moderate
Japan,Mobara,1,65,2,45,Moderate
Mozambique,Mocambique,0,24,0,21,Good
Germany,Molln,0,33,1,32,Good
Mexico,Monclova,1,22,1,64,Moderate
Italy,Monteroni Di Lecce,1,56,1,15,Moderate
United States of America,Mooresville,1,40,4,33,Good
Australia,Morayfield,0,27,5,26,Good
Spain,Moron De La Frontera,1,22,4,31,Good
France,Morsang Sur Orge,1,19,6,58,Moderate
Sweden,Motala,0,28,0,17,Good
United States of America,Mount Prospect,2,24,18,62,Moderate
Russian Federation,Mtsensk,1,33,1,20,Good
Myanmar,Mudon,0,21,0,50,Good
India,Mukerian,2,124,0,97,Unhealthy for Sensitive Groups
Japan,Muroran,1,35,1,27,Good
India,Naini Tal,2,116,0,123,Unhealthy for Sensitive Groups
Thailand,Nakhon Nayok,1,30,1,59,Moderate
India,Nakur,3,164,1,150,Unhealthy
United Republic of Tanzania,Nanganga,1,20,0,45,Good
Japan,Kimitsu,1,57,3,47,Moderate
India,Kishtwar,0,43,0,59,Moderate
Guinea,Kissidougou,1,16,0,25,Good
India,Kodaikanal,0,23,0,52,Moderate
Hungary,Komarom,1,39,1,61,Moderate
Russian Federation,Konstantinovsk,1,38,0,14,Good
India,Korba,1,94,2,186,Unhealthy
Denmark,Korsor,0,35,0,29,Good
Pakistan,Kot Samaba,1,54,1,210,Very Unhealthy
Thailand,Krabi,1,28,0,65,Moderate
Sweden,Kristianstad,0,38,0,27,Good
China,Kuandian,3,80,0,60,Moderate
Cameroon,Kumbo,4,11,1,79,Moderate
Japan,Kunitachi,1,49,3,43,Good
Russian Federation,Kushva,1,30,0,58,Moderate
Finland,Kuusankoski,0,29,1,5,Good
France,La Fleche,1,26,2,31,Good
India,Lachhmangarh,1,36,0,400,Hazardous
Nigeria,Lagos,7,17,9,172,Unhealthy
United States of America,Lake Forest Park,2,23,12,52,Moderate
United States of America,Lake Worth,1,14,10,47,Good
Peru,Lambayeque,0,23,0,45,Good
Germany,Lebach,1,30,3,52,Moderate
Poland,Ledziny,2,29,7,102,Unhealthy for Sensitive Groups
France,Les Mureaux,1,21,5,59,Moderate
United States of America,Lexington Park,1,39,1,30,Good
Poland,Lezajsk,1,32,2,100,Unhealthy for Sensitive Groups
China,Lianyuan,3,91,6,113,Unhealthy for Sensitive Groups
Switzerland,Liestal,1,26,3,93,Moderate
Chile,Limache,7,3,19,164,Unhealthy
Paraguay,Limpio,2,4,4,96,Moderate
Germany,Lingen,0,34,1,36,Good
Russian Federation,Livny,1,32,1,18,Good
Indonesia,Loa Janan,1,15,0,54,Moderate
Italy,Locorotondo,1,49,3,27,Good
Mexico,Loma Bonita,2,18,5,88,Moderate
India,Loni,3,141,4,249,Very Unhealthy
Philippines,Los Banos,1,24,1,52,Moderate
South Africa,Lydenburg,1,18,1,46,Good
United States of America,Lynn Haven,1,27,2,40,Good
Italy,Maglie,1,57,1,13,Moderate
Dominican Republic,Maimon,3,15,8,129,Unhealthy for Sensitive Groups
Venezuela (Bolivarian Republic of),Maiquetia,1,16,6,92,Moderate
Sierra Leone,Makeni,1,16,0,40,Good
India,Makrana,1,35,0,202,Very Unhealthy
Japan,Makubetsu,1,37,0,35,Good
Belgium,Malmedy,1,23,4,50,Good
India,Malur,0,22,0,59,Moderate
India,Manavadar,0,25,0,161,Unhealthy
India,Mandalgarh,1,40,0,164,Unhealthy
Iraq,Mandali,1,52,1,129,Unhealthy for Sensitive Groups
Togo,Mango,1,13,1,40,Good
India,Manoharpur,1,71,0,177,Unhealthy
Indonesia,Manokwari,0,10,0,10,Good
Brazil,Maraba,1,6,0,38,Good
Venezuela (Bolivarian Republic of),Maracay,2,9,14,105,Unhealthy for Sensitive Groups
Spain,Marbella,1,26,4,35,Good
India,Narasannapeta,2,28,4,150,Unhealthy
India,Narasapur,1,22,2,118,Unhealthy for Sensitive Groups
United Kingdom of Great Britain and Northern Ireland,Neath,1,21,4,45,Good
Germany,Neuruppin,0,33,1,34,Good
Belgium,Nevele,1,30,3,41,Good
France,Nice,1,43,2,54,Moderate
Nigeria,Nnewi,7,16,7,154,Unhealthy
Germany,Norderstedt,0,33,1,31,Good
Sweden,Norrkoping,0,29,0,18,Good
Bulgaria,Nova Zagora,1,41,1,36,Good
Brazil,Novo Hamburgo,2,6,10,91,Moderate
Poland,Nowa Deba,1,28,4,99,Moderate
Guatemala,Nuevo San Carlos,3,13,11,111,Unhealthy for Sensitive Groups
United Republic of Tanzania,Nyalikungu,0,16,0,24,Good
Switzerland,Nyon,1,29,1,63,Moderate
Japan,Obu,1,45,1,18,Good
Russian Federation,Ocher,1,33,0,28,Good
Mexico,Ocoyoacac,4,8,15,160,Unhealthy
Germany,Odenthal,1,25,4,47,Good
Bosnia and Herzegovina,Odzak,1,36,1,66,Moderate
Japan,Oi,1,45,4,41,Good
United States of America,Olean,1,40,1,33,Good
United States of America,Jeannette,1,44,3,36,Good
China,Jinan,7,210,8,168,Very Unhealthy
Nicaragua,Jinotega,1,16,1,21,Good
Czechia,Jirkov,1,32,4,56,Moderate
Brazil,Joao Alfredo,1,12,4,52,Moderate
Cuba,Jobabo,2,11,8,82,Moderate
India,Jodiya,0,28,0,161,Unhealthy
Nepal,Jogbani,2,47,0,68,Moderate
Finland,Joutseno,1,28,1,7,Good
United States of America,Junction City,1,28,4,85,Moderate
Brazil,Juquia,2,8,4,70,Moderate
Mexico,Juventino Rosas,1,8,6,59,Moderate
India,Kadayanallur,0,24,0,64,Moderate
India,Kalanwali,1,91,1,353,Hazardous
France,Ollioules,1,26,6,61,Moderate
Germany,Oranienburg,1,26,2,36,Good
United States of America,Oroville,2,29,9,54,Moderate
France,Orvault,1,25,2,38,Good
India,Ottappalam,1,23,1,72,Moderate
France,Oullins,1,26,2,31,Good
United States of America,Ozark,2,9,10,78,Moderate
India,Padampur,1,43,0,441,Hazardous
India,Palakkad,1,25,0,65,Moderate
United States of America,Palmetto,1,32,9,43,Good
Colombia,Pradera,1,8,3,50,Good
Bosnia and Herzegovina,Prijedor,1,39,0,59,Moderate
Italy,Procida,1,57,1,39,Moderate
United States of America,Provo,0,8,12,7,Good
Ukraine,Pryluky,1,35,0,60,Moderate
Russian Federation,Pskov,1,34,0,15,Good
China,Qiqihar,2,75,1,81,Moderate
Morocco,Rabat,3,23,15,83,Moderate
Republic of Moldova,Rabnita,1,45,0,64,Moderate
Italy,Racconigi,2,14,7,73,Moderate
India,Rajamahendri,1,31,2,140,Unhealthy for Sensitive Groups
Iran (Islamic Republic of),Ramhormoz,1,44,1,137,Unhealthy for Sensitive Groups
France,Ramonville Saint Agne,1,33,1,39,Good
India,Raniganj,2,100,1,192,Unhealthy
Sri Lanka,Ratnapura,1,21,1,66,Moderate
Bulgaria,Razgrad,1,35,1,23,Good
Russian Federation,Razumnoye,1,31,2,53,Moderate
Brazil,Recife,0,23,1,42,Good
United Kingdom of Great Britain and Northern Ireland,Redditch,1,6,9,48,Good
India,Redhakhol,1,44,0,162,Unhealthy
Brazil,Ribeirao Preto,3,4,7,100,Unhealthy for Sensitive Groups
Slovakia,Rimavska Sobota,1,37,0,56,Moderate
Italy,Rivoli,2,11,9,70,Moderate
France,Rixheim,1,23,2,46,Good
Italy,Roncade,1,45,2,52,Moderate
Germany,Rosendahl,0,27,2,31,Good
Denmark,Roskilde,0,33,0,36,Good
Netherlands,Rotterdam,0,35,1,27,Good
South Africa,Rustenburg,17,1,15,248,Very Unhealthy
Russian Federation,Ryazhsk,1,32,1,43,Good
Colombia,Sabaneta,3,2,8,92,Moderate
United States of America,Saco,1,49,2,34,Good
Tunisia,Safaqis,1,40,3,62,Moderate
India,Saharsa,4,109,2,176,Unhealthy
United States of America,Saint Paul,1,39,4,53,Moderate
France,Saint Chamond,1,24,2,35,Good
France,Saint Fons,1,26,1,41,Good
Japan,Sakado,1,51,0,19,Moderate
Japan,Sakura,1,65,1,30,Moderate
Romania,Salonta,1,25,3,74,Moderate
Pakistan,Sambrial,3,175,1,153,Unhealthy
United States of America,San Bruno,1,29,11,66,Moderate
Italy,San Giustino,1,39,2,37,Good
Spain,San Javier,1,30,3,51,Moderate
Guatemala,San Jose Pinula,2,11,8,63,Moderate
China,Sanming,2,62,2,75,Moderate
Spain,Sant Feliu De Guixols,1,36,2,33,Good
Philippines,Santa Catalina,1,16,0,78,Moderate
United States of America,Santa Clarita,2,30,18,81,Moderate
Mexico,Santa Cruz Del Valle,1,7,5,61,Moderate
Spain,Santa Eulalia Del Rio,1,46,0,28,Good
United States of America,Santa Paula,2,49,7,52,Moderate
Brazil,Sao Borja,0,22,0,15,Good
Brazil,Sao Sebastiao Do Passe,1,9,6,63,Moderate
India,Saraipali,1,43,1,160,Unhealthy
Bosnia and Herzegovina,Sarajevo,1,31,0,68,Moderate
Brazil,Para De Minas,4,0,7,117,Unhealthy for Sensitive Groups
United States of America,Paramount,2,6,36,90,Moderate
United States of America,Parkland,1,13,12,51,Moderate
Italy,Parma,2,34,5,86,Moderate
Indonesia,Paseh,1,41,0,66,Moderate
Russian Federation,Pashkovskiy,1,39,5,51,Moderate
Thailand,Pattaya,0,19,0,31,Good
Italy,Perugia,1,44,2,40,Good
Bulgaria,Pestera,2,27,4,92,Moderate
United States of America,Pike Creek,1,30,7,51,Moderate
Spain,Pilar De La Horadada,1,30,2,50,Good
Hungary,Pilis,1,31,2,63,Moderate
Brazil,Pindorama,1,12,1,28,Good
United States of America,Piney Green,1,31,7,49,Good
Italy,Pistoia,1,37,2,24,Good
Bolivia (Plurinational State of),Placido De Castro,2,0,1,41,Good
United States of America,Pleasant Grove,1,15,10,20,Good
United States of America,Plymouth,1,30,7,53,Moderate
Brazil,Pocao De Pedras,1,3,1,48,Good
Trinidad and Tobago,Point Fortin,1,22,2,93,Moderate
India,Polasara,1,65,0,156,Unhealthy
Poland,Police,1,27,2,32,Good
India,Ponda,0,21,0,81,Moderate
India,Pondicherry,1,33,2,89,Moderate
Brazil,Pontalina,1,1,4,51,Moderate
Brazil,Porciuncula,1,13,1,39,Good
Portugal,Portalegre,1,24,2,18,Good
Brazil,Portao,1,19,1,21,Good
Italy,Potenza Picena,1,48,2,45,Good
Portugal,Povoa De Santa Iria,1,38,2,45,Good
Germany,Solms,0,28,1,33,Good
United States of America,South Holland,2,17,17,73,Moderate
United Kingdom of Great Britain and Northern Ireland,Southampton,1,15,11,39,Good
Russian Federation,Spassk Dalniy,1,32,0,27,Good
Belarus,Stolin,1,35,0,29,Good
United States of America,Stoneham,1,39,4,47,Good
Italy,Stradella,1,37,3,56,Moderate
Canada,Strathmore,1,15,5,37,Good
Poland,Strzelin,1,20,3,43,Good
Peru,Satipo,1,3,0,35,Good
France,Saumur,1,27,1,30,Good
Italy,Saviano,1,53,1,37,Moderate
Belgium,Schilde,0,27,3,36,Good
Germany,Schlitz,0,28,1,32,Good
Germany,Schrobenhausen,1,27,3,51,Moderate
United States of America,Seekonk,1,34,4,41,Good
Brazil,Sertania,0,16,0,25,Good
Japan,Setaka,1,51,0,31,Moderate
Italy,Sezze,1,48,1,33,Good
Tajikistan,Shaartuz,1,43,0,77,Moderate
Canada,Shawinigan,1,32,2,34,Good
Russian Federation,Shebekino,1,30,2,57,Moderate
Japan,Shido,1,50,0,17,Good
Japan,Shimodate,1,63,0,20,Moderate
India,Sholapur,0,29,0,97,Moderate
United States of America,Shoreline,2,25,11,55,Moderate
Central African Republic,Sibut,2,1,0,53,Moderate
India,Silchar,3,35,1,56,Moderate
India,Sindgi,0,27,0,114,Unhealthy for Sensitive Groups
Indonesia,Singkang,1,19,0,34,Good
Indonesia,Singkawang,1,14,0,61,Moderate
Sweden,Skelleftea,1,29,1,80,Moderate
Croatia,Solin,1,56,0,28,Moderate
Germany,Sonthofen,1,23,3,20,Good
United States of America,South Bend,2,19,12,55,Moderate
India,Srinivaspur,0,26,0,60,Moderate
Sweden,Staffanstorp,1,36,1,29,Good
Russian Federation,Staronizhestebliyevskaya,1,42,2,47,Good
Germany,Steinfurt,0,26,3,31,Good
Norway,Steinkjer,1,26,0,12,Good
Russian Federation,Stepnoye,1,36,0,21,Good
Germany,Straelen,0,27,2,26,Good
Sweden,Strangnas,1,31,0,13,Good
Republic of Moldova,Straseni,1,45,0,69,Moderate
United States of America,Sun Valley,1,18,8,39,Good
United States of America,National City,1,36,5,46,Good
Spain,Navalcarnero,1,42,0,10,Good
Romania,Navodari,1,42,0,41,Good
Indonesia,Negara,3,21,3,67,Moderate
Italy,Nembro,1,48,0,91,Moderate
Germany,Neuenburg,1,57,0,65,Moderate
Germany,Neuhof,1,51,0,57,Moderate
Iran (Islamic Republic of),Neyshabur,1,41,1,86,Moderate
Germany,Nideggen,1,47,0,54,Moderate
China,Ningan,2,72,1,113,Unhealthy for Sensitive Groups
Democratic Republic of the Congo,Nioki,2,28,0,65,Moderate
Japan,Nishihara,2,18,22,59,Moderate
Japan,Noboribetsu,1,27,4,38,Good
India,Nokha,1,33,2,256,Very Unhealthy
Germany,Nordenham,0,37,0,29,Good
United States of America,Norridge,1,27,6,62,Moderate
United States of America,North Augusta,1,49,1,24,Good
United States of America,North Laurel,1,52,1,39,Moderate
United States of America,North Ogden,1,20,6,52,Moderate
United States of America,North Potomac,1,50,1,37,Good
United States of America,North Reading,1,35,2,40,Good
Serbia,Nova Varos,1,38,0,68,Moderate
Ukraine,Novomyrhorod,1,47,0,42,Good
Russian Federation,Novoulyanovsk,1,39,1,33,Good
Nigeria,Nsukka,2,39,0,68,Moderate
United Republic of Tanzania,Nsunga,1,23,0,37,Good
United States of America,Oak Grove,2,24,6,70,Moderate
United States of America,Oceanside,2,22,9,57,Moderate
Germany,Ochsenfurt,1,53,0,63,Moderate
Japan,Omachi,2,10,13,80,Moderate
Nigeria,Ondo,2,38,0,72,Moderate
Belize,Orange Walk,1,26,0,58,Moderate
Romania,Oravita,1,48,0,44,Good
Brazil,Osorio,1,18,1,52,Moderate
Brazil,Padre Bernardo,0,20,0,7,Good
Philippines,Paombong,3,27,7,103,Unhealthy for Sensitive Groups
India,Papanasam,2,29,4,98,Moderate
Chile,Parral,3,3,5,98,Moderate
India,Pasan,2,53,6,156,Unhealthy
India,Pathanamthitta,2,15,6,117,Unhealthy for Sensitive Groups
India,Pendra,2,75,5,156,Unhealthy
Brazil,Pentecoste,0,23,0,30,Good
Guatemala,Petapa,1,25,1,61,Moderate
Venezuela (Bolivarian Republic of),Petare,1,36,0,59,Moderate
Russian Federation,Otradnaya,1,44,1,31,Good
Belgium,Oud Turnhout,1,39,1,46,Good
United States of America,Oxnard,1,36,4,49,Good
Philippines,Ozamiz,1,18,1,49,Good
Philippines,Pagsangahan,0,23,0,32,Good
Spain,Palafrugell,1,63,0,34,Moderate
United States of America,Palm Valley,1,125,1,27,Unhealthy for Sensitive Groups
Italy,Palmi,1,47,0,69,Moderate
Indonesia,Panarukan,3,17,4,85,Moderate
India,Madhoganj,4,44,8,162,Unhealthy
United Republic of Tanzania,Mahuta,0,21,0,20,Good
India,Majholi,4,41,4,164,Unhealthy
Gabon,Makokou,1,22,0,50,Good
Philippines,Malanday,5,19,12,165,Unhealthy
Australia,Mandurah,0,36,0,51,Moderate
Brazil,Manga,0,24,0,14,Good
United States of America,Maple Valley,1,33,3,38,Good
Yemen,Bajil,2,82,1,148,Unhealthy for Sensitive Groups
India,Balod,2,46,1,156,Unhealthy
Mauritius,Bambous,1,27,0,56,Moderate
Thailand,Bang Ban,3,7,12,143,Unhealthy for Sensitive Groups
India,Banposh,3,49,3,167,Unhealthy
India,Bansda,1,23,1,95,Moderate
Brazil,Barreirinhas,0,21,0,39,Good
France,Basse Terre,0,28,0,55,Moderate
Germany,Bayreuth,1,49,0,55,Moderate
Ethiopia,Bedesa,1,21,0,66,Moderate
India,Begusarai,3,52,5,150,Unhealthy
United States of America,Belton,1,46,2,55,Moderate
United States of America,Belvidere,1,38,1,38,Good
Malaysia,Bemban,2,17,7,101,Unhealthy for Sensitive Groups
India,Beohari,2,58,10,158,Unhealthy
Italy,Bergamo,1,50,0,89,Moderate
United States of America,Berkeley,1,33,3,46,Good
Italy,Bibbiena,1,57,0,53,Moderate
Brazil,Biritiba Mirim,1,28,2,64,Moderate
Lithuania,Birzai,1,33,0,24,Good
Germany,Bischofsheim,1,64,0,59,Moderate
United Kingdom of Great Britain and Northern Ireland,Bishop Auckland,1,39,0,38,Good
Poland,Biskupiec,1,38,0,21,Good
Germany,Blomberg,1,44,0,45,Good
Germany,Boizenburg,1,41,0,22,Good
Italy,Borgo San Dalmazzo,1,47,0,57,Moderate
Ukraine,Borzna,1,40,0,13,Good
Central African Republic,Bossembele,1,22,0,56,Moderate
Germany,Bottrop,1,40,1,52,Moderate
United States of America,Bountiful,1,38,3,47,Good
United Kingdom of Great Britain and Northern Ireland,Bournemouth,1,32,2,37,Good
Czechia,Brandys Nad Labem Stara Boleslav,1,47,0,60,Moderate
Brazil,Brasilia,0,21,0,11,Good
Malaysia,Bukit Baru,2,20,6,93,Moderate
United States of America,Burbank,3,23,21,108,Unhealthy for Sensitive Groups
Albania,Burrel,1,43,0,113,Unhealthy for Sensitive Groups
Brazil,Cabedelo,0,23,0,20,Good
Brazil,Cachoeira,0,23,0,36,Good
Romania,Calan,1,45,0,41,Good
France,Cambrai,1,42,1,54,Moderate
France,Canteleu,1,44,0,56,Moderate
Mexico,Capulhuac,4,28,9,175,Unhealthy
United States of America,Carmichael,1,28,5,49,Good
Spain,Cartaya,1,41,0,17,Good
Brazil,Cassilandia,1,31,0,52,Moderate
United States of America,Catalina Foothills,1,20,6,81,Moderate
Philippines,Cebu,1,26,1,51,Moderate
Thailand,Chachoengsao,3,3,13,145,Unhealthy for Sensitive Groups
Thailand,Chaiyo,2,12,8,112,Unhealthy for Sensitive Groups
France,Chalons En Champagne,1,50,0,72,Moderate
Kazakhstan,Chardara,1,20,2,77,Moderate
Germany,Chemnitz,1,47,0,53,Moderate
France,Chenove,1,45,0,64,Moderate
Russian Federation,Cheremkhovo,1,18,3,57,Moderate
Italy,Chiampo,1,47,0,82,Moderate
Zambia,Chingola,1,27,0,40,Good
Colombia,Chiriguana,1,21,0,65,Moderate
Mexico,Cholula,1,36,2,176,Unhealthy
Pakistan,Zafarwal,5,41,9,161,Unhealthy
Ukraine,Zaporizhzhya,1,34,1,50,Good
Russian Federation,Zavodskoy,2,77,2,99,Moderate
Poland,Zawiercie,1,44,1,54,Moderate
Ukraine,Zdolbuniv,1,41,0,38,Good
United States of America,Zephyrhills,1,98,1,15,Moderate
Germany,Zetel,1,38,0,32,Good
China,Zhaotong,6,1,18,156,Unhealthy
Pakistan,Zhob,2,56,0,177,Unhealthy
China,Zhongxing,7,46,19,162,Unhealthy
China,Zhuhai,1,18,13,70,Moderate
Russian Federation,Zhukovka,1,38,0,18,Good
Thailand,Yaring,1,29,0,94,Moderate
Russian Federation,Yayva,1,40,0,44,Good
China,Yiyang,9,18,31,170,Unhealthy
China,Yizheng,12,0,59,199,Unhealthy
Colombia,Yopal,1,10,0,50,Good
Tajikistan,Yovon,1,25,1,153,Unhealthy
China,Yuancheng,2,16,8,69,Moderate
Mexico,Yuriria,1,28,2,56,Moderate
Malawi,Zomba,1,23,0,59,Moderate
Russian Federation,Zverevo,1,46,0,24,Good
Germany,Zwonitz,1,46,0,54,Moderate
El Salvador,Delgado,4,9,12,151,Unhealthy
United States of America,Denison,1,25,2,128,Unhealthy for Sensitive Groups
India,Deoband,3,162,1,152,Unhealthy
India,Deogarh,2,65,1,157,Unhealthy
India,Depalpur,1,38,0,169,Unhealthy
Iran (Islamic Republic of),Dezful,1,85,0,113,Unhealthy for Sensitive Groups
Russian Federation,Dobrinka,1,35,0,48,Good
Russian Federation,Dolinsk,1,32,0,17,Good
Kazakhstan,Abay,1,35,0,42,Good
Benin,Abomey Calavi,2,22,1,95,Moderate
Sudan,Abu Jubayhah,1,14,0,39,Good
Brazil,Acucena,1,6,3,52,Moderate
Brazil,Agudos,1,11,2,43,Good
Greece,Aigaleo,1,40,3,36,Good
India,Aklera,1,41,0,167,Unhealthy
Egypt,Alexandria,1,56,1,35,Moderate
Portugal,Alfena,0,27,2,21,Good
Brazil,Alfenas,1,8,3,42,Good
Belgium,Amay,1,22,5,50,Good
India,Ambattur,1,29,1,77,Moderate
India,Amudalavalasa,2,26,4,151,Unhealthy
Ukraine,Amvrosiyivka,1,40,1,9,Good
Brazil,Anicuns,1,5,3,49,Good
Germany,Anklam,0,35,0,31,Good
China,Aojiang,4,171,3,113,Unhealthy
Brazil,Aparecida,3,2,8,82,Moderate
Mexico,Apodaca,2,8,9,80,Moderate
Kazakhstan,Aqtobe,1,38,0,28,Good
India,Arantangi,1,34,0,59,Moderate
Spain,Arenys De Mar,1,34,4,48,Good
Denmark,Arhus,1,33,1,26,Good
United States of America,Artesia,1,21,4,61,Moderate
Uruguay,Artigas,0,17,0,5,Good
India,Aruppukkottai,1,30,0,56,Moderate
Russian Federation,Assinovskaya,1,36,1,40,Good
Kazakhstan,Atbasar,1,36,0,41,Good
United States of America,Auburn Hills,1,31,7,49,Good
El Salvador,Ayutuxtepeque,3,20,10,107,Unhealthy for Sensitive Groups
Indonesia,Babakan,1,34,0,54,Moderate
Germany,Bad Salzdetfurth,0,33,1,40,Good
Germany,Bad Salzuflen,0,34,1,39,Good
Germany,Bad Worishofen,1,34,2,71,Moderate
India,Badnawar,1,37,0,155,Unhealthy
Mexico,Balancan,1,16,1,62,Moderate
India,Bangarmau,3,148,1,180,Unhealthy
India,Bantva,0,25,0,162,Unhealthy
China,Baoqing,1,33,0,34,Good
Brazil,Barra Velha,3,3,7,76,Moderate
United States of America,Beaver Dam,2,33,6,54,Moderate
India,Bedi,0,28,0,161,Unhealthy
United States of America,Belchertown,1,27,5,27,Good
United Kingdom of Great Britain and Northern Ireland,Belfast,0,29,2,23,Good
United States of America,Belle Glade,3,8,12,98,Moderate
Russian Federation,Belovo,1,36,0,32,Good
United States of America,Bentonville,1,23,4,88,Moderate
Malaysia,Beranang,2,44,1,90,Moderate
Thailand,Betong,1,32,0,51,Moderate
Germany,Bexbach,1,29,3,51,Moderate
India,Bhopal,1,39,0,162,Unhealthy
France,Billere,1,37,1,21,Good
Central African Republic,Birao,2,7,0,60,Moderate
United Kingdom of Great Britain and Northern Ireland,Blyth,1,31,2,21,Good
Côte d'Ivoire,Bocanda,2,15,0,56,Moderate
Central African Republic,Boda,2,13,0,77,Moderate
Belgium,Bonheiden,1,28,4,42,Good
Côte d'Ivoire,Bouafle,1,17,0,50,Good
United States of America,Bradley,1,30,7,41,Good
Cameroon,Buea,3,20,1,89,Moderate
India,Buguda,1,40,0,166,Unhealthy
Germany,Buhl,1,24,3,66,Moderate
Pakistan,Burewala,2,109,1,311,Hazardous
United Kingdom of Great Britain and Northern Ireland,Burgess Hill,1,29,5,52,Moderate
Iran (Islamic Republic of),Bushehr,1,64,0,154,Unhealthy
Italy,Busto Arsizio,1,38,3,105,Unhealthy for Sensitive Groups
Italy,Caltagirone,2,35,3,58,Moderate
Italy,Calvizzano,2,34,7,40,Good
Italy,Canosa Di Puglia,2,37,7,41,Good
United States of America,Canton,1,20,3,50,Good
Italy,Carini,1,49,2,29,Good
United Kingdom of Great Britain and Northern Ireland,Carluke,1,15,8,31,Good
Italy,Cerignola,2,39,7,41,Good
India,Chanasma,0,33,0,170,Unhealthy
Italy,Villa San Giovanni,1,37,2,73,Moderate
Colombia,Villanueva,1,12,1,44,Good
Spain,Villena,1,29,1,22,Good
Nepal,Waling,2,58,0,71,Moderate
United Kingdom of Great Britain and Northern Ireland,Walkden,1,30,3,32,Good
Belgium,Wemmel,1,27,4,44,Good
United Kingdom of Great Britain and Northern Ireland,Whitstable,0,37,1,50,Good
United States of America,Wichita Falls,1,29,1,64,Moderate
Germany,Wickede,0,31,2,52,Moderate
Poland,Wielun,2,17,10,87,Moderate
Belgium,Wingene,1,32,3,40,Good
Netherlands,Winsum,0,37,0,32,Good
United States of America,Winter Garden,1,14,13,68,Moderate
United Kingdom of Great Britain and Northern Ireland,Wokingham,1,26,6,51,Moderate
Ethiopia,Wonji,1,24,0,98,Moderate
United States of America,Woodridge,2,29,12,57,Moderate
Mexico,Yajalon,3,3,7,95,Moderate
Ukraine,Yakymivka,1,40,0,15,Good
Japan,Yanai,1,45,1,42,Good
China,Yingshang,3,128,5,91,Unhealthy for Sensitive Groups
Japan,Yokkaichi,1,44,1,16,Good
Peru,Yurimaguas,1,1,0,32,Good
Russian Federation,Yuryevets,1,27,4,30,Good
Iran (Islamic Republic of),Zarand,0,42,0,152,Unhealthy
Kazakhstan,Zhanaozen,1,39,0,110,Unhealthy for Sensitive Groups
China,Zigong,5,69,8,146,Unhealthy for Sensitive Groups
Russian Federation,Znamenka,1,34,1,20,Good
Switzerland,Zofingen,1,28,2,98,Moderate
Serbia,Zrenjanin,1,40,3,87,Moderate
Canada,Charlottetown,1,25,1,22,Good
France,Chateauneuf Les Martigues,1,36,5,59,Moderate
France,Chelles,1,19,6,59,Moderate
Russian Federation,Chernogolovka,1,20,13,59,Moderate
Bangladesh,Chilmari,2,40,0,54,Moderate
Colombia,Chimichagua,1,9,1,44,Good
Zambia,Chipata,0,19,0,29,Good
United Kingdom of Great Britain and Northern Ireland,Chippenham,1,20,5,50,Good
Poland,Ciechocinek,0,35,0,32,Good
Indonesia,Cileunyi,1,37,1,64,Moderate
United States of America,Clive,1,26,6,55,Moderate
Romania,Codlea,1,39,0,58,Moderate
Brazil,Colina,1,11,1,37,Good
United States of America,Columbus,1,26,4,51,Moderate
United Kingdom of Great Britain and Northern Ireland,Congleton,1,29,4,44,Good
United States of America,Coon Rapids,1,31,10,54,Moderate
United States of America,Corsicana,1,18,4,47,Good
Brazil,Crateus,1,7,2,35,Good
Brazil,Cruz Das Almas,0,13,2,26,Good
Guatemala,Cubulco,2,9,6,77,Moderate
Philippines,Taytay,1,23,1,65,Moderate
United Kingdom of Great Britain and Northern Ireland,Telford,1,26,5,56,Moderate
Mexico,Temascalcingo,1,13,2,50,Good
Serbia,Temerin,1,40,2,80,Moderate
Bulgaria,Teteven,1,40,1,65,Moderate
Netherlands,Tholen,1,32,2,34,Good
Nicaragua,Ticuantepe,1,16,3,34,Good
Mexico,Tizapan El Alto,1,11,3,37,Good
Mexico,Tlanalapan,2,10,7,67,Moderate
Indonesia,Tomohon,1,16,0,24,Good
Belgium,Tongeren,1,24,4,46,Good
China,Tongzhou,5,198,6,157,Unhealthy
China,Tongzi,4,40,5,81,Moderate
France,Torcy,1,20,6,57,Moderate
Germany,Torgelow,0,34,1,32,Good
Portugal,Torres Novas,0,30,1,23,Good
Japan,Tosu,1,48,0,39,Good
India,Tral,1,49,0,99,Moderate
Brazil,Tucurui,1,8,0,24,Good
United States of America,Tulare,2,17,11,55,Moderate
Bolivia (Plurinational State of),Tupiza,0,14,0,10,Good
India,Udaipur,3,36,2,70,Moderate
Japan,Uenohara,1,46,1,30,Good
Brazil,Uniao Dos Palmares,1,13,3,44,Good
United States of America,Uniontown,1,45,2,31,Good
Japan,Urayasu,1,54,3,49,Moderate
India,Vadnagar,1,36,0,165,Unhealthy
Italy,Varazze,1,35,3,34,Good
Germany,Vechelde,0,33,1,39,Good
Italy,Velletri,1,41,2,22,Good
Italy,Venosa,2,39,6,46,Good
Portugal,Vialonga,0,33,3,32,Good
Russian Federation,Votkinsk,1,28,1,38,Good
Germany,Weil Im Schonbuch,1,26,3,66,Moderate
South Africa,Bisho,1,27,1,57,Moderate
Russian Federation,Bolkhov,0,23,1,65,Moderate
Russian Federation,Bolokhovo,0,31,1,50,Good
Germany,Bonn,1,32,2,30,Good
Russian Federation,Borovskiy,1,29,1,42,Good
Belgium,Bredene,1,27,2,42,Good
Ukraine,Buchach,1,37,1,70,Moderate
Chile,Buin,20,0,27,245,Very Unhealthy
Philippines,Bunawan,1,18,0,54,Moderate
Germany,Burgstadt,0,32,1,27,Good
India,Burla,1,63,0,163,Unhealthy
China,Caidian,4,170,6,145,Unhealthy
Cuba,Calabazar De Sagua,1,21,1,90,Moderate
United States of America,Camp Verde,1,13,4,43,Good
Turkey,Can,1,46,0,23,Good
Italy,Capua,1,45,2,15,Good
Portugal,Cartaxo,0,28,1,37,Good
Italy,Casalgrande,1,38,1,60,Moderate
Portugal,Cascais,0,29,3,47,Good
Ecuador,Catamayo,1,8,1,24,Good
Chile,Cauquenes,1,16,3,36,Good
Brazil,Ceara Mirim,0,19,1,34,Good
United States of America,Cedarburg,2,16,14,49,Good
Turkey,Cerkezkoy,1,43,0,26,Good
United Republic of Tanzania,Chake Chake,1,25,0,52,Moderate
India,Chakradharpur,1,93,0,167,Unhealthy
Philippines,Codcod,1,23,0,58,Moderate
United States of America,College Park,3,0,28,98,Moderate
Brazil,Colonia Leopoldina,1,13,2,40,Good
Spain,Conil,1,26,7,42,Good
Mexico,Constitucion,0,35,0,5,Good
United States of America,Corinth,1,20,6,58,Moderate
Benin,Cotonou,1,24,0,71,Moderate
France,Courbevoie,1,20,5,51,Moderate
South Africa,Cradock,1,23,0,43,Good
United Kingdom of Great Britain and Northern Ireland,Crawley,0,28,3,32,Good
Turkey,Cubuk,1,42,0,34,Good
Rwanda,Cyangugu,2,24,0,56,Moderate
Brazil,Abaete,1,2,3,39,Good
Ethiopia,Abiy Adi,1,25,0,106,Unhealthy for Sensitive Groups
Benin,Abomey,1,21,1,80,Moderate
France,Agen,1,37,1,46,Good
Greece,Akharnai,1,44,3,66,Moderate
Turkey,Alanya,1,42,0,22,Good
Ukraine,Aleksandriya,1,40,0,69,Moderate
Russian Federation,Aleysk,1,35,0,27,Good
Portugal,Almeirim,1,4,0,47,Good
Brazil,Alvinopolis,2,2,4,63,Moderate
Pakistan,Amangarh,3,198,2,98,Unhealthy
Mexico,Amecameca,2,3,14,137,Unhealthy for Sensitive Groups
Russian Federation,Amursk,1,33,0,47,Good
Russian Federation,Anastasiyevskaya,1,47,1,20,Good
India,Anjar,0,29,0,172,Unhealthy
Madagascar,Ankazobe,0,21,0,14,Good
United States of America,Annapolis,1,41,5,61,Moderate
Guatemala,Antigua Guatemala,4,3,13,125,Unhealthy for Sensitive Groups
India,Anuppur,1,42,0,158,Unhealthy
Italy,Appiano,0,30,1,12,Good
Brazil,Arapongas,1,14,2,37,Good
Philippines,Aringay,1,24,1,59,Moderate
Iran (Islamic Republic of),Bam,1,42,0,178,Unhealthy
India,Banganapalle,0,30,0,83,Moderate
Thailand,Bangkok,1,25,1,69,Moderate
United States of America,Belmont,1,24,9,54,Moderate
China,Bengbu,4,174,5,141,Unhealthy
Indonesia,Bengkalis,1,19,0,38,Good
Belgium,Beringen,1,26,5,46,Good
Madagascar,Beroroha,0,22,0,8,Good
India,Bhind,1,46,0,193,Unhealthy
Poland,Bierun,1,26,3,52,Moderate
China,Bijie,2,26,6,81,Moderate
Germany,Billerbeck,1,33,2,26,Good
United States of America,Billings,1,24,4,40,Good
United States of America,Biloxi,0,27,2,22,Good
United States of America,Binghamton,1,40,1,34,Good
India,Binika,1,66,0,164,Unhealthy
Nepal,Birganj,3,147,1,231,Very Unhealthy
United Kingdom of Great Britain and Northern Ireland,Cheltenham,0,32,1,47,Good
Mexico,Chiapa,3,7,8,79,Moderate
Italy,Chieri,1,33,4,60,Moderate
Colombia,Chigorodo,1,7,0,35,Good
Panama,Chilibre,2,18,8,82,Moderate
India,Chinna Salem,1,43,2,81,Moderate
China,Chizhou,5,201,5,159,Very Unhealthy
United Kingdom of Great Britain and Northern Ireland,Chorley,0,32,1,63,Moderate
Thailand,Chumphon,0,15,0,41,Good
China,Chutung,1,49,3,64,Moderate
Indonesia,Cidahu,2,88,1,112,Unhealthy for Sensitive Groups
Italy,Cisterna,1,49,1,20,Good
India,Asifabad,1,40,0,151,Unhealthy
United States of America,Atascocita,1,11,13,53,Moderate
United States of America,Aurora,2,7,14,78,Moderate
Spain,Azpeitia,0,33,0,20,Good
Cameroon,Bafang,3,15,1,75,Moderate
United States of America,Baldwin,2,28,12,55,Moderate
Ukraine,Bar,1,42,0,64,Moderate
Italy,Barletta,1,48,1,35,Good
United States of America,Batavia,3,3,25,78,Moderate
Sri Lanka,Batticaloa,1,40,0,54,Moderate
Cuba,Bauta,1,23,2,65,Moderate
Madagascar,Bealanana,0,22,0,7,Good
Thailand,Phra Phutthabat,2,18,7,112,Unhealthy for Sensitive Groups
France,Pierrefitte Sur Seine,1,46,1,67,Moderate
Philippines,Pila,2,26,7,89,Moderate
Germany,Pocking,1,61,0,74,Moderate
Brazil,Pocone,1,8,0,44,Good
Italy,Pomezia,1,78,0,28,Moderate
United States of America,Ponca City,1,47,0,50,Good
Romania,Popesti Leordeni,1,52,0,59,Moderate
United States of America,Poquoson,1,47,1,47,Good
Papua New Guinea,Port Moresby,0,20,1,23,Good
Brazil,Porto Nacional,0,16,0,18,Good
Russian Federation,Pravdinskiy,1,32,6,30,Good
Republic of North Macedonia,Prilep,1,39,0,123,Unhealthy for Sensitive Groups
Argentina,Puerto Madryn,0,11,0,7,Good
Spain,Punta Umbria,1,41,0,21,Good
Azerbaijan,Qazax,1,34,0,70,Moderate
Brazil,Quata,1,20,0,46,Good
Cuba,Quemado De Guines,1,35,0,24,Good
Pakistan,Rajanpur,1,40,3,175,Unhealthy
Israel,Ramat Gan,1,45,5,70,Moderate
United States of America,Scarsdale,1,46,2,53,Moderate
Germany,Scharbeutz,1,43,0,26,Good
France,Seyssinet Pariset,1,34,1,33,Good
India,Shahapur,5,12,13,171,Unhealthy
Pakistan,Sharqpur,5,74,9,179,Unhealthy
Belgium,Ronse,1,38,1,51,Moderate
Italy,Roseto Degli Abruzzi,1,52,0,69,Moderate
United States of America,Roseville,1,32,1,51,Moderate
France,Rouen,1,44,0,57,Moderate
United States of America,Roy,1,24,6,51,Moderate
Costa Rica,Sabanilla,1,21,2,42,Good
Mexico,Sabinas Hidalgo,1,25,0,54,Moderate
Slovakia,Sabinov,1,46,0,69,Moderate
Saudi Arabia,Sabya,4,138,3,170,Unhealthy
Egypt,Safaga,1,71,0,68,Moderate
United States of America,Saint Augustine,2,82,2,34,Moderate
Japan,Saitama,2,23,22,87,Moderate
Italy,Sala Consilina,1,49,0,41,Good
India,Samalkha,7,29,25,189,Unhealthy
Ecuador,Samborondon,1,25,2,57,Moderate
Colombia,San Benito Abad,1,18,0,60,Moderate
United States of America,San Gabriel,3,20,24,112,Unhealthy for Sensitive Groups
Colombia,San Gil,1,26,0,65,Moderate
Dominican Republic,San Ignacio De Sabaneta,1,48,0,106,Unhealthy for Sensitive Groups
Guatemala,San Miguel Chicaj,1,16,2,52,Moderate
Colombia,San Vicente De Chucuri,1,34,0,90,Moderate
Philippines,Santa Ana,2,25,8,150,Unhealthy
Cuba,Santa Cruz Del Norte,0,39,0,38,Good
Cuba,Santa Cruz Del Sur,1,28,0,77,Moderate
Peru,Santiago De Cao,0,22,0,44,Good
Brazil,Sao Francisco De Assis,0,19,0,8,Good
Brazil,Sao Luis De Montes Belos,1,27,0,21,Good
Brazil,Sao Luis,0,19,0,30,Good
Brazil,Sao Pedro Da Aldeia,0,29,0,28,Good
Brazil,Sao Pedro Do Sul,0,17,0,14,Good
Pakistan,Sarai Sidhu,5,42,13,186,Unhealthy
Cuba,Ranchuelo,1,36,0,37,Good
India,Ratlam,1,31,3,157,Unhealthy
United States of America,Redondo Beach,2,18,21,90,Moderate
Germany,Reinheim,1,60,0,61,Moderate
Germany,Remscheid,1,43,1,55,Moderate
India,Remuna,2,30,2,98,Moderate
United States of America,Robstown,0,26,1,44,Good
Greece,Rodos,1,63,0,29,Moderate
France,Roissy En Brie,1,45,1,72,Moderate
Czechia,Rokycany,1,49,0,62,Moderate
France,Romainville,1,46,1,70,Moderate
Thailand,Ron Phibun,3,5,4,119,Unhealthy for Sensitive Groups
Syrian Arab Republic,Damascus,1,77,1,59,Moderate
Tajikistan,Dangara,1,19,0,156,Unhealthy
United States of America,Danvers,1,35,2,40,Good
United Kingdom of Great Britain and Northern Ireland,Darlington,1,38,0,40,Good
China,Dashiqiao,3,69,4,74,Moderate
China,Dashitou,2,40,1,86,Moderate
Pakistan,Daulatpur,1,25,2,114,Unhealthy for Sensitive Groups
United States of America,De Land,1,74,1,24,Moderate
Indonesia,Delanggu,13,3,24,208,Very Unhealthy
India,Deoria,4,57,6,165,Unhealthy
India,Dholka,2,27,6,153,Unhealthy
United States of America,Dickinson,1,22,1,26,Good
France,Dieppe,1,36,0,43,Good
Chad,Doba,1,16,0,69,Moderate
Romania,Dofteana,1,44,0,46,Good
India,Dohrighat,4,65,6,168,Unhealthy
Viet Nam,Dong Xoai,2,13,5,88,Moderate
United States of America,Dorado,0,29,0,117,Unhealthy for Sensitive Groups
Niger,Dosso,1,36,0,69,Moderate
India,Dostpur,4,59,7,167,Unhealthy
United States of America,Duarte,3,24,21,102,Unhealthy for Sensitive Groups
Guinea,Dubreka,1,27,0,58,Moderate
Syrian Arab Republic,Duma,1,76,0,56,Moderate
United States of America,Duncanville,2,35,5,68,Moderate
Switzerland,Ebikon,1,45,0,53,Moderate
United States of America,Eden,1,47,0,21,Good
Mexico,El Llano,1,32,2,147,Unhealthy for Sensitive Groups
India,Elumalai,3,8,8,121,Unhealthy for Sensitive Groups
United States of America,Elwood,1,47,5,58,Moderate
Turkey,Erbaa,1,42,0,31,Good
Germany,Erding,1,64,0,68,Moderate
China,Erenhot,1,32,0,47,Good
Guatemala,Escuintla,2,32,2,86,Moderate
Brazil,Esperantinopolis,0,17,0,27,Good
Brazil,Esteio,1,18,1,51,Moderate
Brazil,Estrela,1,13,0,14,Good
Portugal,Evora,1,40,0,16,Good
United States of America,Fairborn,1,44,1,44,Good
India,Faizabad,4,48,7,158,Unhealthy
Madagascar,Fandriana,1,14,0,57,Moderate
Italy,Fara In Sabina,1,63,0,43,Moderate
Bangladesh,Fatikchhari,2,17,3,71,Moderate
France,Fecamp,1,39,0,44,Good
Iran (Islamic Republic of),Fereydun Kenar,2,38,2,151,Unhealthy
Romania,Fetesti,1,43,0,51,Moderate
Botswana,Francistown,1,29,0,42,Good
United States of America,Frankfort,1,39,3,55,Moderate
United States of America,Freehold,1,41,3,51,Moderate
Germany,Friedeburg,1,38,0,33,Good
Germany,Gaimersheim,1,54,0,64,Moderate
India,Gangavalli,2,24,6,113,Unhealthy for Sensitive Groups
India,Gariaband,2,40,2,151,Unhealthy
Belgium,Geraardsbergen,1,38,2,52,Moderate
Germany,Gevelsberg,1,44,1,54,Moderate
Republic of North Macedonia,Gevgelija,1,47,0,81,Moderate
Ethiopia,Gidole,1,14,0,45,Good
Germany,Giengen,1,53,0,65,Moderate
United States of America,Gilroy,1,29,3,41,Good
Canada,Sherbrooke,1,23,0,18,Good
India,Shiliguri,4,29,6,132,Unhealthy for Sensitive Groups
Japan,Shimoda,1,51,1,51,Moderate
United Republic of Tanzania,Shinyanga,0,19,0,22,Good
Iran (Islamic Republic of),Shushtar,1,60,1,154,Unhealthy
Ukraine,Shyroke,1,42,0,47,Good
Italy,Signa,1,73,0,42,Moderate
India,Simga,3,40,4,156,Unhealthy
Philippines,Siquijor,1,24,0,54,Moderate
Sweden,Skovde,1,38,0,11,Good
Netherlands,Someren,1,39,1,49,Good
United States of America,Somerville,1,41,2,49,Good
Honduras,Sonaguera,1,14,0,77,Moderate
India,Sonari,3,8,8,89,Moderate
India,Songadh,1,24,2,107,Unhealthy for Sensitive Groups
Poland,Sopot,1,35,0,25,Good
El Salvador,Soyapango,2,17,4,76,Moderate
Italy,Spoleto,1,53,0,52,Moderate
Indonesia,Srono,3,18,4,90,Moderate
Russian Federation,Sterlitamak,1,38,0,19,Good
Czechia,Sumperk,1,42,0,67,Moderate
Russian Federation,Dalmatovo,1,34,1,60,Moderate
India,Darjiling,1,37,0,44,Good
United Kingdom of Great Britain and Northern Ireland,Darwen,1,30,3,28,Good
United States of America,Davenport,1,30,5,41,Good
United States of America,Deerfield Beach,2,12,11,74,Moderate
United States of America,Del City,1,29,2,67,Moderate
United States of America,Deltona,1,18,12,65,Moderate
Italy,Desenzano Del Garda,2,33,5,126,Unhealthy for Sensitive Groups
Slovakia,Detva,1,42,0,69,Moderate
Germany,Diepholz,0,34,1,35,Good
Pakistan,Dir,0,45,0,59,Moderate
Romania,Viseu De Sus,1,38,0,58,Moderate
France,Voiron,1,31,1,61,Moderate
Poland,Wadowice,1,38,2,72,Moderate
United States of America,Waimalu,0,23,0,22,Good
United States of America,Wake Forest,2,32,7,56,Moderate
India,Yellapur,1,26,0,21,Good
Ukraine,Yevpatoriya,1,49,0,5,Good
China,Yining,1,45,0,82,Moderate
China,Yushu,2,58,1,72,Moderate
Serbia,Zajecar,1,37,1,63,Moderate
Russian Federation,Zayukovo,1,42,0,33,Good
Germany,Zeulenroda,1,38,2,61,Moderate
China,Zhuzhou,3,32,7,80,Moderate
Belgium,Zonnebeke,1,38,2,40,Good
Netherlands,Zundert,1,30,5,44,Good
New Zealand,Wellington,0,24,2,17,Good
Germany,Welver,2,25,10,70,Moderate
Germany,Wendelstein,1,38,2,59,Moderate
United States of America,West Milford,2,21,12,65,Moderate
United States of America,West New York,2,19,19,73,Moderate
New Zealand,Whangarei,0,22,1,21,Good
United States of America,Willoughby,2,6,28,88,Moderate
Netherlands,Winschoten,1,30,4,41,Good
China,Wuan,4,61,11,185,Unhealthy
China,Wuxi,5,34,23,176,Unhealthy
Brazil,Xique Xique,0,14,0,26,Good
India,Yamunanagar,3,134,1,157,Unhealthy
Cuba,Yara,1,19,3,77,Moderate
China,Dongsheng,1,52,0,138,Unhealthy for Sensitive Groups
China,Dongzhen,1,26,4,64,Moderate
Russian Federation,Dudinka,1,21,0,46,Good
Germany,Dulmen,0,32,2,41,Good
Philippines,Dumaguete,1,15,0,89,Moderate
India,Dundwaraganj,3,147,5,184,Unhealthy
Germany,Durmersheim,1,27,3,59,Moderate
China,Duyun,2,42,1,62,Moderate
Mayotte,Dzaoudzi,0,23,0,21,Good
United States of America,East Bethel,1,34,8,53,Moderate
India,Egra,2,87,1,163,Unhealthy
Panama,El Coco,2,18,7,76,Moderate
Colombia,El Doncello,2,0,2,51,Moderate
United States of America,El Dorado,1,26,3,79,Moderate
Poland,Elblag,0,32,0,33,Good
Netherlands,Elburg,0,34,1,34,Good
United Kingdom of Great Britain and Northern Ireland,Ellesmere Port,1,28,5,47,Good
South Africa,Elliot,1,16,1,27,Good
Turkey,Emet,1,39,0,25,Good
Mexico,Emiliano Zapata,5,0,15,162,Unhealthy
Germany,Emmendingen,1,23,5,71,Moderate
Brazil,Extremoz,0,23,1,29,Good
United States of America,Fairhaven,1,26,5,23,Good
United States of America,Fairview Park,1,45,4,32,Good
Germany,Feldkirchen Westerham,1,35,2,69,Moderate
China,Fengshan,2,126,2,89,Unhealthy for Sensitive Groups
Germany,Feuchtwangen,1,29,3,55,Moderate
Italy,Fisciano,1,44,2,43,Good
France,Fontenay Le Comte,1,30,2,27,Good
Guinea,Forecariah,2,19,1,65,Moderate
Philippines,Mariveles,0,27,0,42,Good
Germany,Markgroningen,1,25,3,40,Good
United States of America,Marrero,1,19,6,40,Good
Syrian Arab Republic,Masyaf,1,47,2,68,Moderate
Uzbekistan,Matcha,1,71,0,128,Unhealthy for Sensitive Groups
India,Maur,1,62,1,433,Hazardous
Myanmar,Mawlamyine,0,22,0,53,Moderate
Belgium,Meise,0,28,3,34,Good
United States of America,Merritt Island,1,26,5,48,Good
Croatia,Metkovic,1,46,0,68,Moderate
Iran (Islamic Republic of),Meybod,1,43,0,167,Unhealthy
France,Miramas,1,30,2,52,Moderate
Netherlands,Moerdijk,0,33,1,27,Good
India,Mon,1,17,0,25,Good
Malawi,Monkey Bay,1,20,0,55,Moderate
Brazil,Monte Santo De Minas,1,6,5,61,Moderate
India,Morena,1,43,0,196,Unhealthy
Tanzania,Mtwara,0,20,0,29,Good
Thailand,Mukdahan,0,30,0,61,Moderate
India,Mundi,0,34,0,140,Unhealthy for Sensitive Groups
Russian Federation,Murmansk,1,31,0,9,Good
Australia,Muswellbrook,0,22,3,9,Good
Pakistan,Muzaffarabad,1,80,0,60,Moderate
India,Muzaffarnagar,4,199,4,307,Hazardous
Ukraine,Mykhaylivka,1,38,0,28,Good
India,Nagina,4,196,3,191,Unhealthy
Thailand,Nakhon Phanom,0,28,0,59,Moderate
Bangladesh,Nalchiti,2,35,3,170,Unhealthy
United States of America,Nantucket,1,39,0,25,Good
Germany,Lahr,1,24,3,46,Good
United States of America,Lake Grove,1,25,13,53,Moderate
United States of America,Lake In The Hills,2,5,22,77,Moderate
India,Lakhnau,1,67,1,370,Hazardous
India,Lalganj,4,173,2,204,Very Unhealthy
Bangladesh,Lalmanir Hat,3,90,1,108,Unhealthy for Sensitive Groups
Italy,Lanciano,1,41,3,64,Moderate
Italy,Lariano,1,48,1,35,Good
Australia,Launceston,0,29,0,12,Good
United States of America,Laurel,1,31,6,54,Moderate
France,Le Pre Saint Gervais,1,26,3,39,Good
Andorra,Les Escaldes,0,29,0,22,Good
United States of America,Lincolnwood,3,5,30,92,Moderate
China,Linshu,3,159,2,88,Unhealthy
China,Liusha,4,89,9,155,Unhealthy
Malawi,Liwonde,1,20,0,64,Moderate
Spain,Logrono,0,34,0,30,Good
United Kingdom of Great Britain and Northern Ireland,Long Eaton,1,13,10,51,Moderate
Spain,Lora Del Rio,1,19,3,22,Good
Angola,Luanda,8,7,11,164,Unhealthy
Vanuatu,Luganville,0,22,0,17,Good
Zambia,Maamba,1,12,0,50,Good
India,Mainaguri,2,39,1,62,Moderate
Spain,Mairena Del Aljarafe,1,16,4,28,Good
Brazil,Mairinque,3,6,11,127,Unhealthy for Sensitive Groups
Philippines,Mambajao,1,23,0,112,Unhealthy for Sensitive Groups
India,Mangaldai,2,40,0,64,Moderate
Uzbekistan,Mangit,1,36,0,172,Unhealthy
Germany,Mannheim,0,30,1,24,Good
India,Marhaura,4,172,2,212,Very Unhealthy
India,Kamthi,1,38,0,152,Unhealthy
Russian Federation,Kamyshin,1,30,0,35,Good
Russian Federation,Kapustin Yar 1,1,35,0,18,Good
Togo,Kara,2,11,1,45,Good
Ukraine,Karlivka,1,33,1,51,Moderate
Nepal,Kathmandu,2,60,0,123,Unhealthy for Sensitive Groups
Philippines,Katipunan,1,14,0,152,Unhealthy
Russian Federation,Kedrovka,1,32,0,43,Good
United Kingdom of Great Britain and Northern Ireland,Keighley,1,24,3,27,Good
India,Kelamangalam,0,23,0,59,Moderate
Germany,Kelheim,1,28,3,48,Good
Germany,Kempten,1,23,3,32,Good
Indonesia,Kepanjen,1,26,0,41,Good
Poland,Kety,1,35,2,58,Moderate
India,Khagaul,2,116,1,201,Very Unhealthy
India,Khandela,1,33,0,311,Hazardous
Russian Federation,Kharabali,1,39,0,21,Good
India,Kharagpur,1,71,1,181,Unhealthy
India,Khardaha,5,54,7,216,Very Unhealthy
India,Khilchipur,1,39,0,156,Unhealthy
Greece,Khios,1,45,0,17,Good
Canada,Kitchener,1,36,4,55,Moderate
Russian Federation,Klimovsk,1,30,8,49,Good
India,Kodoli,0,23,0,86,Moderate
Poland,Koluszki,1,31,1,32,Good
United Republic of Tanzania,Kongwa,0,14,0,30,Good
Germany,Kornwestheim,1,24,3,41,Good
India,Kottagudem,1,29,2,134,Unhealthy for Sensitive Groups
India,Kovur,0,26,0,74,Moderate
India,Kulti,2,70,2,196,Unhealthy
Poland,Kutno,1,34,1,27,Good
Mexico,La Mira,0,14,0,11,Good
Romania,Negresti Oas,1,38,1,64,Moderate
United States of America,Newburg,1,38,3,81,Moderate
Romania,Nicolae Balcescu,1,43,0,66,Moderate
Spain,Nigran,1,29,2,41,Good
Mali,Niono,1,12,1,22,Good
United States of America,North Druid Hills,2,32,9,62,Moderate
United Kingdom of Great Britain and Northern Ireland,Nottingham,1,17,8,49,Good
Brazil,Nova Russas,1,4,3,47,Good
Ukraine,Nova Vodolaha,1,32,1,55,Moderate
Afghanistan,Nuristan,0,37,0,59,Moderate
Kenya,Nyahururu,1,16,1,70,Moderate
United States of America,Ocoee,1,20,12,50,Good
Germany,Offenburg,1,27,2,33,Good
United Republic of Tanzania,Karema,10,25,10,195,Unhealthy
Germany,Kaufbeuren,1,26,5,56,Moderate
Indonesia,Kawalu,1,34,0,58,Moderate
Russian Federation,Kemerovo,1,42,0,42,Good
Poland,Kepno,1,36,2,52,Moderate
India,Lakhipur,2,29,0,55,Moderate
Pakistan,Larkana,1,48,0,159,Unhealthy
Germany,Laubach,2,33,7,74,Moderate
India,Lawar,3,120,1,158,Unhealthy
United States of America,Lawndale,2,11,30,89,Moderate
Serbia,Lazarevac,1,44,0,61,Moderate
France,Le Francois,0,25,0,35,Good
France,Le Mans,1,30,2,24,Good
France,Le Plessis Robinson,2,27,6,71,Moderate
United States of America,Leesburg,2,22,12,58,Moderate
United States of America,Lehigh Acres,2,9,11,66,Moderate
Germany,Lehre,1,28,4,55,Moderate
Netherlands,Lelystad,1,26,5,26,Good
France,Les Clayes Sous Bois,2,17,8,79,Moderate
Ireland,Letterkenny,1,31,1,23,Good
France,Kourou,0,21,0,57,Moderate
Greece,Kozani,1,43,2,89,Moderate
Russian Federation,Krasnobrodskiy,1,39,0,27,Good
India,Kundgol,1,28,1,26,Good
Russian Federation,Kungur,1,33,0,32,Good
Russian Federation,Kuznetsk,1,38,0,55,Moderate
Mexico,La Canada,1,24,2,45,Good
United States of America,La Porte,2,14,9,85,Moderate
Pakistan,Lachi,2,103,0,166,Unhealthy
Russian Federation,Kholmskaya,1,33,2,40,Good
Indonesia,Kijang,1,22,0,53,Moderate
South Africa,Kimberley,2,10,6,67,Moderate
United Republic of Tanzania,Kingori,0,18,0,29,Good
United States of America,Kings Mountain,2,28,13,72,Moderate
Kenya,Kisii,3,25,1,99,Moderate
Japan,Kitsuki,1,47,2,52,Moderate
Bulgaria,Kjustendil,1,45,0,81,Moderate
Uganda,Koboko,1,20,0,67,Moderate
Japan,Komatsu,1,49,2,55,Moderate
India,Konch,4,162,1,166,Unhealthy
Russian Federation,Kondopoga,1,32,0,17,Good
Malaysia,Kota Belud,1,22,0,40,Good
Colombia,San Antero,1,17,1,66,Moderate
Italy,San Giorgio A Cremano,3,36,16,77,Moderate
Venezuela (Bolivarian Republic of),San Juan De Los Morros,2,9,10,156,Unhealthy
Guatemala,San Lucas Toliman,3,5,9,87,Moderate
Guatemala,San Pedro Ayampuc,2,8,5,74,Moderate
Costa Rica,San Vicente,1,11,7,55,Moderate
Germany,Sankt Wendel,1,37,3,60,Moderate
Mexico,Santa Maria Del Rio,1,24,0,42,Good
Colombia,Santa Rosa De Osos,2,6,6,76,Moderate
Brazil,Santa Vitoria,1,5,0,24,Good
Spain,Santiago De Compostela,1,14,6,38,Good
Brazil,Santo Estevao,1,5,4,61,Moderate
Brazil,Sao Bento Do Una,0,10,1,32,Good
Czechia,Prostejov,1,42,2,89,Moderate
El Salvador,Puerto El Triunfo,2,34,6,110,Unhealthy for Sensitive Groups
Cuba,Puerto Padre,1,25,1,48,Good
Mexico,Puerto Vallarta,2,12,2,61,Moderate
Somalia,Qandala,0,20,0,120,Unhealthy for Sensitive Groups
Iran (Islamic Republic of),Qorveh,1,59,0,87,Moderate
Germany,Radeberg,1,35,2,79,Moderate
Ukraine,Rakitnoye,1,41,0,13,Good
India,Ramanathapuram,0,30,0,54,Moderate
Nigeria,Olupona,4,16,4,84,Moderate
Afghanistan,Orgun,0,37,0,84,Moderate
Italy,Orvieto,1,38,4,49,Good
Kenya,Oyugis,4,32,2,90,Moderate
Myanmar,Pakokku,0,25,0,19,Good
Lao People's Democratic Republic,Pakxe,0,19,0,29,Good
South Africa,Phuthaditjhaba,3,14,2,59,Moderate
Mexico,Piedras Negras,1,27,3,104,Unhealthy for Sensitive Groups
Peru,Pimentel,0,22,0,28,Good
Paraguay,Piribebuy,1,9,0,22,Good
Pakistan,Pishin,0,45,0,102,Unhealthy for Sensitive Groups
Russian Federation,Plast,1,35,0,19,Good
Germany,Plauen,1,40,1,68,Moderate
Mexico,Playa Del Carmen,0,28,0,52,Moderate
United States of America,Pleasantville,1,67,1,79,Moderate
Italy,Polignano A Mare,1,48,2,56,Moderate
France,Pont Sainte Maxence,1,25,3,59,Moderate
United Kingdom of Great Britain and Northern Ireland,Pontypridd,1,21,4,58,Moderate
New Zealand,Porirua,0,27,0,16,Good
Australia,Port Hedland,0,16,0,16,Good
United States of America,Portsmouth,1,32,5,47,Good
Italy,Preganziol,2,32,7,64,Moderate
Serbia,Prizren,1,41,0,56,Moderate
United States of America,Rosemead,4,6,37,121,Unhealthy for Sensitive Groups
Zimbabwe,Rusape,1,17,0,12,Good
India,Sabalgarh,1,48,0,233,Very Unhealthy
Colombia,Sabanagrande,1,16,4,117,Unhealthy for Sensitive Groups
India,Sadasivpet,1,25,0,75,Moderate
India,Safidon,2,132,1,150,Unhealthy
United States of America,Saginaw,1,25,5,32,Good
Haiti,Saint Marc,1,32,0,76,Moderate
France,Saint Martin De Crau,2,22,11,151,Unhealthy
France,Saintes,0,42,0,13,Good
United States of America,Salmon Creek,1,16,10,42,Good
Ghana,Saltpond,1,23,0,39,Good
Colombia,Samaniego,1,5,2,29,Good
India,Panihati,5,103,6,172,Unhealthy
India,Papparapatti,0,23,1,50,Good
India,Parlakimidi,1,38,1,77,Moderate
Uruguay,Paso De Carrasco,0,17,1,50,Good
India,Patrasaer,3,143,2,150,Unhealthy
United States of America,Perrysburg,1,30,6,29,Good
United States of America,Petaluma,1,38,2,26,Good
United States of America,Phenix City,2,31,4,55,Moderate
Netherlands,Reeuwijk,0,33,2,17,Good
Germany,Regen,1,45,2,53,Moderate
Pakistan,Renala Khurd,2,133,1,166,Unhealthy
Netherlands,Rheden,1,30,2,19,Good
Germany,Ribnitz Damgarten,0,34,0,13,Good
Belgium,Riemst,1,31,3,39,Good
Latvia,Riga,1,28,2,54,Moderate
Canada,Rimouski,1,22,1,32,Good
France,Riviere Pilote,1,26,0,137,Unhealthy for Sensitive Groups
India,Robertsonpet,0,22,0,55,Moderate
Russian Federation,Rodniki,1,33,0,22,Good
France,Rognac,1,25,12,148,Unhealthy for Sensitive Groups
United States of America,Ramona,2,11,15,56,Moderate
India,Rampur,4,174,1,162,Unhealthy
Germany,Rastatt,1,35,4,44,Good
India,Raxaul,3,122,0,114,Unhealthy for Sensitive Groups
Canada,Red Deer,1,32,0,9,Good
India,Nongpoh,2,47,1,134,Unhealthy for Sensitive Groups
United States of America,Norristown,1,45,4,59,Moderate
United States of America,North Adams,1,42,1,35,Good
United States of America,North Saint Paul,1,33,7,44,Good
United States of America,Norwell,1,44,5,68,Moderate
Brazil,Nossa Senhora Da Gloria,0,9,2,32,Good
Brazil,Nova Esperanca,0,18,1,21,Good
United States of America,Novi,1,29,6,48,Good
Russian Federation,Novomikhaylovskiy,1,49,1,20,Good
Russian Federation,Novospasskoye,0,34,0,48,Good
Uganda,Ntungamo,5,23,1,160,Unhealthy
Japan,Numata,1,38,1,28,Good
Denmark,Nyborg,0,36,1,35,Good
Poland,Nysa,1,30,1,32,Good
Côte d'Ivoire,Odienne,1,15,0,44,Good
United States of America,Okemos,1,30,5,46,Good
India,Okha,0,27,0,151,Unhealthy
Belgium,Olen,1,30,3,38,Good
Bulgaria,Karnobat,1,41,0,23,Good
Turkey,Kastamonu,1,41,0,25,Good
Senegal,Kedougou,1,15,0,29,Good
Sri Lanka,Kelaniya,0,27,0,58,Moderate
India,Khambhaliya,0,29,0,151,Unhealthy
Thailand,Khao Yoi,0,17,0,36,Good
Iran (Islamic Republic of),Kamyaran,1,43,0,127,Unhealthy for Sensitive Groups
Russian Federation,Kandalaksha,1,27,0,6,Good
India,Kangayam,0,25,0,53,Moderate
Uganda,Kanungu,5,19,1,176,Unhealthy
Turkey,Karacabey,1,39,0,32,Good
United Republic of Tanzania,Karatu,0,14,0,20,Good
Sweden,Karlskoga,0,28,0,10,Good
India,Katpadi,0,27,0,57,Moderate
India,Katras,3,132,2,183,Unhealthy
Turkey,Kayseri,1,31,0,40,Good
Germany,Kelkheim,1,27,3,52,Moderate
Bangladesh,Keshabpur,6,74,5,165,Unhealthy
United States of America,Roselle,2,15,20,68,Moderate
United Republic of Tanzania,Ruangwa,1,20,0,45,Good
Italy,Rubano,2,32,6,92,Moderate
Italy,Rubiera,1,29,6,74,Moderate
France,Saint Raphael,1,33,6,88,Moderate
India,Samthar,1,47,0,234,Very Unhealthy
United States of America,San Anselmo,1,22,10,45,Good
Italy,San Donato Milanese,1,37,5,94,Moderate
Costa Rica,San Rafael,2,5,13,79,Moderate
El Salvador,San Salvador,3,20,10,107,Unhealthy for Sensitive Groups
France,Sanary Sur Mer,1,35,10,72,Moderate
Trinidad and Tobago,Sangre Grande,0,21,3,161,Unhealthy
Brazil,Santa Rita Do Passa Quatro,1,6,4,58,Moderate
Colombia,Santander De Quilichao,2,3,5,62,Moderate
Brazil,Sao Cristovao,0,22,0,14,Good
Brazil,Sao Lourenco Da Mata,1,18,4,43,Good
Brazil,Sao Miguel Dos Campos,0,18,1,31,Good
United States of America,Saratoga Springs,2,13,9,57,Moderate
Japan,Satte,1,43,3,45,Good
Thailand,Satuk,0,28,0,41,Good
Lao People's Democratic Republic,Savannakhet,0,29,0,51,Moderate
Turkmenistan,Sayat,1,47,0,78,Moderate
India,Sayla,0,33,0,158,Unhealthy
Italy,Scandicci,1,35,3,17,Good
Netherlands,Scheemda,0,36,0,33,Good
United States of America,Scranton,1,33,5,35,Good
Germany,Seesen,0,32,1,42,Good
India,Selam,1,27,3,74,Moderate
Brazil,Senges,1,14,1,29,Good
France,Senlis,1,24,3,53,Moderate
Portugal,Sesimbra,1,31,3,32,Good
Italy,Sessa Aurunca,1,36,3,24,Good
Russian Federation,Severodvinsk,1,27,0,8,Good
Germany,Eppingen,1,28,3,51,Moderate
Germany,Ergolding,1,38,1,51,Moderate
Egypt,Esna,1,37,1,166,Unhealthy
United States of America,Sheboygan,2,19,13,52,Moderate
United Republic of Tanzania,Shelui,0,16,0,20,Good
Russian Federation,Shilovo,1,34,0,21,Good
Zimbabwe,Shurugwi,0,17,0,39,Good
India,Sidhauli,3,173,2,171,Unhealthy
Turkey,Sile,1,40,0,27,Good
Hungary,Siofok,1,40,1,59,Moderate
Nepal,Siraha,2,44,1,65,Moderate
Russian Federation,Skhodnya,1,23,9,45,Good
Ukraine,Slavuta,1,40,0,106,Unhealthy for Sensitive Groups
Malta,Sliema,1,39,2,21,Good
Ireland,Sligo,0,32,0,13,Good
Poland,Slupsk,0,33,0,27,Good
United Republic of Tanzania,Sokoni,0,25,0,37,Good
Azerbaijan,Susa,1,31,0,28,Good
Czechia,Susice,1,33,2,59,Moderate
Ukraine,Svatove,1,37,1,11,Good
Russian Federation,Svirsk,1,43,0,21,Good
Japan,Tagawa,1,45,0,38,Good
Thailand,Tak,0,19,0,68,Moderate
Japan,Takahama,1,44,1,18,Good
India,Talikota,0,25,0,79,Moderate
United States of America,Tallahassee,1,16,7,55,Moderate
Japan,Tamamura,1,43,1,27,Good
India,Tambaram,1,30,1,79,Moderate
United Republic of Tanzania,Tandahimba,0,20,0,31,Good
Indonesia,Tangerang,5,201,3,167,Very Unhealthy
Philippines,Tangub,0,15,0,50,Good
China,Taozhuang,3,155,4,104,Unhealthy
Brazil,Tapiramuta,0,12,0,16,Good
France,Tarare,1,24,3,22,Good
Colombia,Taraza,2,1,2,49,Good
Romania,Targu Lapus,1,42,0,67,Moderate
Romania,Targu Mures,1,37,1,64,Moderate
Brazil,Taruma,1,13,1,33,Good
Bangladesh,Rangpur,2,44,1,58,Moderate
United States of America,Redford,1,30,8,51,Moderate
France,Reims,1,26,3,49,Good
Italy,Rho,1,37,4,99,Moderate
Philippines,Rizal,1,31,1,84,Moderate
Belgium,Roeselare,1,31,3,43,Good
France,Somain,1,23,5,50,Good
Russian Federation,Sovetskaya,1,39,0,47,Good
Russian Federation,Staromyshastovskaya,1,34,1,34,Good
Germany,Steinbach,1,26,3,52,Moderate
China,Suining,4,141,5,146,Unhealthy for Sensitive Groups
India,Sunel,1,41,0,162,Unhealthy
Japan,Imari,1,47,0,35,Good
Serbia,Indija,2,40,4,83,Moderate
Brazil,Inhambupe,0,14,1,23,Good
Kyrgyzstan,Isfana,1,41,0,104,Unhealthy for Sensitive Groups
Italy,Isola Del Liri,1,42,1,39,Good
Paraguay,Ita,3,5,4,111,Unhealthy for Sensitive Groups
Brazil,Itanhaem,4,0,19,150,Unhealthy
United Republic of Tanzania,Itigi,0,16,0,22,Good
Japan,Ito,1,46,0,28,Good
Italy,Ivrea,1,39,2,87,Moderate
Japan,Izumo,1,44,0,35,Good
Brazil,Jaboticabal,1,11,2,50,Good
Mexico,Jacona,1,5,4,52,Moderate
India,Jamkhed,0,26,1,131,Unhealthy for Sensitive Groups
United Kingdom of Great Britain and Northern Ireland,Hindley,1,30,3,33,Good
Japan,Hiroshima,1,48,3,50,Good
Uganda,Hoima,2,17,0,59,Moderate
United States of America,Honolulu,0,26,0,30,Good
China,Hsintien,3,159,1,118,Unhealthy
United States of America,Huntington Park,4,6,46,127,Unhealthy for Sensitive Groups
India,Husainabad,2,101,1,188,Unhealthy
Brazil,Ibirama,2,2,6,66,Moderate
Ukraine,Ichnya,1,35,0,50,Good
Niger,Illela,1,23,1,32,Good
Nigeria,Ilorin,3,26,1,108,Unhealthy for Sensitive Groups
Turkey,Bismil,1,27,3,76,Moderate
Brazil,Boa Esperanca,1,8,2,38,Good
France,Bobigny,1,28,2,30,Good
Burkina Faso,Bobo Dioulasso,1,13,0,34,Good
Netherlands,Bodegraven,0,35,1,27,Good
Turkey,Bolu,1,39,0,7,Good
Italy,Borgosesia,1,20,5,65,Moderate
France,Bourg Les Valence,1,26,1,27,Good
Canada,Brantford,1,34,7,58,Moderate
Belgium,Bree,0,26,3,30,Good
China,Buhe,3,136,1,94,Unhealthy for Sensitive Groups
Kenya,Bungoma,6,34,3,144,Unhealthy for Sensitive Groups
Germany,Burgthann,1,26,2,41,Good
India,Burhanpur,0,30,0,133,Unhealthy for Sensitive Groups
Germany,Buttelborn,0,29,2,27,Good
Brazil,Cachoeira Do Sul,0,23,0,12,Good
Brazil,Cacule,0,9,1,22,Good
Brazil,Cambe,1,10,1,25,Good
Italy,Campi Bisenzio,1,37,2,25,Good
Paraguay,Capiata,1,19,1,36,Good
Mexico,Casimiro Castillo,1,10,2,29,Good
Italy,Casoria,1,53,1,37,Moderate
Italy,Castelfidardo,1,50,1,28,Good
Portugal,Castelo Branco,1,23,1,21,Good
Venezuela (Bolivarian Republic of),Caucaguita,1,12,8,141,Unhealthy for Sensitive Groups
Venezuela (Bolivarian Republic of),Chacao,1,13,7,139,Unhealthy for Sensitive Groups
Thailand,Chaiya,1,23,0,59,Moderate
Pakistan,Chak Jhumra,4,204,3,188,Very Unhealthy
Germany,Cham,1,26,3,50,Good
India,Chamrajnagar,0,22,0,65,Moderate
Italy,Acerra,1,52,1,36,Moderate
Russian Federation,Achinsk,1,37,0,27,Good
Brazil,Afonso Claudio,1,9,2,36,Good
Colombia,Agustin Codazzi,2,6,3,57,Moderate
Ghana,Akropong,3,14,2,110,Unhealthy for Sensitive Groups
Turkey,Alaca,1,40,0,14,Good
Spain,Albacete,1,27,1,40,Good
Italy,Alfonsine,1,38,3,42,Good
United States of America,Alhambra,2,21,28,87,Moderate
Sweden,Alingsas,1,38,2,29,Good
India,Alot,1,39,0,162,Unhealthy
Madagascar,Ambatolampy,0,21,0,21,Good
Brazil,America Dourada,0,14,0,15,Good
India,Amla,0,35,0,145,Unhealthy for Sensitive Groups
Togo,Aneho,2,22,1,91,Moderate
Austria,Ansfelden,1,33,1,55,Moderate
Iran (Islamic Republic of),Arak,1,46,0,78,Moderate
Turkey,Ardahan,0,35,0,39,Good
France,Arras,1,25,2,35,Good
India,Ayodhya,4,111,4,228,Very Unhealthy
Thailand,Ayutthaya,0,27,0,50,Good
Germany,Bad Oeynhausen,0,29,1,34,Good
Germany,Bad Vilbel,0,28,2,27,Good
Indonesia,Bae,2,69,1,80,Moderate
Philippines,Baganga,1,17,0,52,Moderate
India,Balaghat,1,39,0,154,Unhealthy
United Kingdom of Great Britain and Northern Ireland,Ballymena,1,26,4,26,Good
Peru,Bambamarca,0,5,1,17,Good
Benin,Banikoara,2,12,0,30,Good
United Kingdom of Great Britain and Northern Ireland,Basildon,1,22,7,27,Good
India,Batala,4,111,4,113,Unhealthy for Sensitive Groups
United States of America,Dana Point,1,22,9,37,Good
Romania,Darabani,1,42,0,65,Moderate
Netherlands,De Bilt,0,34,1,26,Good
United States of America,Deer Park,1,24,15,58,Moderate
Romania,Deva,1,25,4,70,Moderate
India,Dhanaura,3,143,4,428,Hazardous
Brazil,Diamantina,0,6,2,26,Good
United States of America,Dickson,1,28,3,78,Moderate
Philippines,Digos,1,20,0,60,Moderate
Burkina Faso,Djibo,1,17,3,61,Moderate
Brazil,Dom Pedrito,0,25,0,6,Good
France,Domont,1,28,2,30,Good
France,Beauvais,0,28,1,30,Good
Belgium,Beerse,0,30,2,30,Good
China,Beibei,10,90,22,166,Unhealthy
Benin,Bembereke,2,15,0,42,Good
China,Benxi,3,91,2,105,Unhealthy for Sensitive Groups
Netherlands,Bergen Op Zoom,0,33,2,27,Good
Israel,Bet Shemesh,1,44,5,78,Moderate
United Kingdom of Great Britain and Northern Ireland,Beverley,1,20,7,39,Good
India,Bhadra,1,40,0,500,Hazardous
India,Bhainsdehi,0,35,0,128,Unhealthy for Sensitive Groups
Poland,Bielsko Biala,2,22,7,83,Moderate
India,Channarayapatna,0,22,0,48,Good
United States of America,Cheektowaga,1,38,3,37,Good
United States of America,Chesterton,2,19,16,66,Moderate
Guatemala,Chinautla,2,15,6,73,Moderate
Japan,Chino,1,43,0,15,Good
United States of America,Choctaw,1,35,2,54,Moderate
Italy,Cinisi,1,48,1,25,Good
Indonesia,Cisarua,3,144,1,115,Unhealthy for Sensitive Groups
France,Clamart,1,28,2,31,Good
Thailand,Don Sak,1,23,0,63,Moderate
United States of America,Colesville,1,31,6,54,Moderate
Chile,Collipulli,1,9,6,45,Good
United States of America,Columbia,1,31,6,54,Moderate
Italy,Comacchio,1,37,3,47,Good
Brazil,Conceicao Do Coite,0,12,1,34,Good
Romania,Corabia,1,37,2,67,Moderate
Ireland,Cork,1,27,1,13,Good
Italy,Corridonia,1,47,2,37,Good
Poland,Czarnkow,1,29,1,32,Good
Ethiopia,Dabat,1,16,1,79,Moderate
India,Dabwali,1,43,1,481,Hazardous
United States of America,Westport,1,24,13,59,Moderate
United States of America,Wichita,1,25,5,59,Moderate
Germany,Wildberg,1,25,3,40,Good
Indonesia,Wonogiri,1,28,0,51,Moderate
Germany,Wunsiedel,0,27,2,41,Good
Belgium,Wuustwezel,0,29,3,34,Good
United States of America,Wylie,1,24,4,60,Moderate
China,Xinzhou,4,163,4,106,Unhealthy
Syrian Arab Republic,Yabrud,1,43,1,86,Moderate
India,Yadgir,0,27,0,82,Moderate
Russian Federation,Yaya,1,34,0,51,Moderate
Russian Federation,Yelizavetinskaya,1,39,4,48,Good
Canada,Yorkton,1,22,1,25,Good
Japan,Yoshida,1,42,0,33,Good
United States of America,Yucaipa,2,16,12,57,Moderate
China,Yuyao,3,166,2,108,Unhealthy
Mexico,Zaachila,2,6,8,75,Moderate
Mexico,Zapotlanejo,1,10,4,56,Moderate
Netherlands,Zelhem,0,30,1,26,Good
Kazakhstan,Zhezkazgan,1,39,0,22,Good
Slovakia,Zilina,1,32,2,57,Moderate
Slovakia,Zlate Moravce,1,30,2,57,Moderate
India,Zunheboto,1,14,0,35,Good
Russian Federation,Zvenigorod,1,31,4,29,Good
Germany,Syke,0,29,1,32,Good
Hungary,Szekesfehervar,1,31,4,76,Moderate
Philippines,Tagbina,1,20,0,52,Moderate
Iran (Islamic Republic of),Takestan,1,38,0,46,Good
Romania,Targu Ocna,1,43,0,65,Moderate
India,Tattayyangarpettai,1,30,0,74,Moderate
Mexico,Tempoal,2,19,4,75,Moderate
Mexico,Tequixquitla,2,13,6,101,Unhealthy for Sensitive Groups
Thailand,Tha Rua,0,28,0,51,Moderate
Myanmar,Thanatpin,0,23,0,59,Moderate
Pakistan,Thul,1,58,1,170,Unhealthy
Republic of Moldova,Tighina,1,38,0,57,Moderate
India,Tikri,3,47,9,500,Hazardous
India,Tirupati,0,30,0,84,Moderate
Brazil,Vigia,1,14,1,29,Good
Italy,Villa Literno,1,49,1,34,Good
France,Villiers Le Bel,1,28,2,30,Good
Viet Nam,Vinh Long,1,43,1,98,Moderate
India,Virar,1,25,1,151,Unhealthy
India,Viravanallur,0,27,0,47,Good
United Republic of Tanzania,Vwawa,0,15,0,21,Good
Pakistan,Warah,1,52,1,168,Unhealthy
Belgium,Waremme,1,24,4,36,Good
India,Warora,1,38,0,151,Unhealthy
United States of America,Warrensburg,1,32,5,69,Moderate
United States of America,Warrensville Heights,1,40,3,39,Good
India,Warud,1,35,0,146,Unhealthy for Sensitive Groups
Japan,Watari,1,45,0,20,Good
United States of America,Watertown,2,22,8,61,Moderate
United States of America,Webster Groves,2,19,13,83,Moderate
China,Tongliao,3,112,1,99,Unhealthy for Sensitive Groups
Germany,Tonisvorst,0,26,2,28,Good
Australia,Toowoomba,0,22,0,7,Good
Côte d'Ivoire,Toumodi,2,12,0,72,Moderate
Japan,Tsukumi,1,54,1,38,Moderate
Brazil,Tucano,0,14,0,20,Good
France,Tulle,1,25,2,30,Good
United States of America,Tulsa,1,25,5,54,Moderate
Thailand,Udon Thani,0,25,0,54,Moderate
Japan,Uozu,1,41,0,25,Good
Venezuela (Bolivarian Republic of),Upata,0,15,0,42,Good
Russian Federation,Urussu,1,30,1,14,Good
Netherlands,Utrecht,0,31,2,28,Good
Republic of North Macedonia,Valandovo,1,32,2,33,Good
Portugal,Valbom,1,23,4,33,Good
Finland,Valkeakoski,1,30,2,10,Good
Mexico,Valtierrilla,1,10,6,62,Moderate
India,Vandavasi,1,33,0,65,Moderate
Italy,Vetralla,1,47,1,41,Good
Italy,Viadana,1,29,7,64,Moderate
Mexico,Oluta,3,11,5,76,Moderate
Mexico,Ometepec,2,9,6,62,Moderate
Japan,Omihachiman,1,40,2,34,Good
Italy,Osimo,1,45,0,33,Good
Ukraine,Ovruch,1,26,0,34,Good
Mexico,Oxkutzcab,1,22,0,36,Good
Italy,Paderno Dugnano,1,33,2,23,Good
India,Pakala,0,33,0,84,Moderate
United States of America,Palos Hills,2,13,27,78,Moderate
Bangladesh,Panchagarh,2,72,1,170,Unhealthy
Romania,Ramnicu Valcea,1,40,0,51,Moderate
Iran (Islamic Republic of),Ramsar,1,39,0,59,Moderate
India,Rangia,2,47,1,106,Unhealthy for Sensitive Groups
India,Rani,0,36,0,161,Unhealthy
United States of America,Redan,3,3,28,99,Moderate
Germany,Rehlingen Siersburg,1,28,3,27,Good
United Kingdom of Great Britain and Northern Ireland,Rhondda,0,32,0,74,Moderate
Portugal,Rio Maior,0,29,1,39,Good
Brazil,Rio Negrinho,1,10,5,41,Good
United States of America,Rockland,1,45,5,67,Moderate
Germany,Rodenbach,1,35,1,30,Good
United States of America,Romeoville,2,8,27,75,Moderate
Spain,Priego De Cordoba,1,31,1,21,Good
India,Pulivendla,0,30,0,120,Unhealthy for Sensitive Groups
United Republic of Tanzania,Puma,0,16,0,30,Good
India,Purwa,1,48,1,268,Hazardous
Azerbaijan,Qaracuxur,1,39,0,55,Moderate
Iran (Islamic Republic of),Qarchak,2,157,3,135,Unhealthy
China,Qingdao,21,16,28,232,Very Unhealthy
Dominican Republic,Quisqueya,1,18,4,100,Unhealthy for Sensitive Groups
Democratic Republic of the Congo,Goma,2,24,1,129,Unhealthy for Sensitive Groups
France,Gonesse,2,28,5,71,Moderate
Indonesia,Gorontalo,0,15,0,25,Good
Brazil,Gramado,1,16,2,28,Good
Spain,Granadilla De Abona,0,21,1,10,Good
Switzerland,Grenchen,1,31,1,59,Moderate
Germany,Grunberg,2,33,7,75,Moderate
Spain,Guadalajara,1,27,2,59,Moderate
Mexico,Guaymas,1,22,1,48,Good
Russian Federation,Gubkinskiy,1,32,0,28,Good
Uganda,Gulu,1,19,0,74,Moderate
India,Gumla,2,73,0,156,Unhealthy
India,Hajipur,3,87,2,148,Unhealthy for Sensitive Groups
Finland,Hamina,1,35,0,18,Good
United States of America,Hamptons At Boca Raton,2,15,13,99,Moderate
United States of America,Harper Woods,2,19,18,84,Moderate
China,Heishan,2,73,1,47,Moderate
Germany,Heppenheim,1,38,3,68,Moderate
Japan,Ina,1,39,0,50,Good
Mozambique,Inhambane,1,24,0,38,Good
United States of America,Inver Grove Heights,1,32,4,53,Moderate
United Kingdom of Great Britain and Northern Ireland,Inverness,1,23,1,18,Good
Tajikistan,Isfara,1,63,0,138,Unhealthy for Sensitive Groups
Brazil,Itapetinga,1,6,2,35,Good
United States of America,Jamestown,2,8,9,77,Moderate
Colombia,Jamundi,2,3,6,69,Moderate
India,Jangipur,2,43,3,84,Moderate
India,Jasidih,2,62,1,95,Moderate
United States of America,Jersey City,2,20,18,70,Moderate
Uganda,Jinja,2,30,0,78,Moderate
China,Jinji,2,29,3,51,Moderate
China,Jinzhou,2,74,1,68,Moderate
Brazil,Joao Monlevade,3,0,6,89,Moderate
Lithuania,Joniskis,1,39,0,29,Good
El Salvador,Jucuapa,3,5,17,104,Unhealthy for Sensitive Groups
Brazil,Jundiai,2,4,6,70,Moderate
India,Kabrai,3,164,0,164,Unhealthy
Portugal,Povoa De Varzim,1,28,3,18,Good
United States of America,Poway,2,12,17,61,Moderate
Brazil,Prado,0,19,0,17,Good
United States of America,Prescott,1,13,5,50,Good
Poland,Prudnik,1,37,3,78,Moderate
Dominican Republic,Puerto Plata,1,18,2,131,Unhealthy for Sensitive Groups
Indonesia,Purbalingga,1,44,1,66,Moderate
Tunisia,Qibili,1,44,0,103,Unhealthy for Sensitive Groups
Israel,Qiryat Atta,3,40,11,98,Moderate
Guatemala,Quetzaltenango,2,7,8,76,Moderate
Brazil,Quirinopolis,1,4,0,25,Good
India,Rahatgarh,1,48,0,174,Unhealthy
Italy,Rosarno,1,42,1,55,Moderate
Spain,Rota,0,26,2,14,Good
Italy,Rovigo,1,42,2,73,Moderate
United States of America,Royal Palm Beach,3,14,13,114,Unhealthy for Sensitive Groups
Colombia,Sabanalarga,2,12,7,106,Unhealthy for Sensitive Groups
Panama,Sabanitas,1,22,4,69,Moderate
Saudi Arabia,Safwah,1,122,0,167,Unhealthy
France,Saint Etienne Du Rouvray,1,30,3,66,Moderate
France,Saint Mande,2,27,6,72,Moderate
United Kingdom,Ramsgate,1,40,1,10,Good
India,Rangapara,2,48,0,74,Moderate
United States of America,Raymore,1,33,7,50,Good
United States of America,Red Bank,2,17,16,72,Moderate
Burkina Faso,Reo,1,18,0,49,Good
India,Repalle,1,42,0,55,Moderate
United States of America,Rexburg,1,21,3,41,Good
Germany,Rheinbach,1,34,3,58,Moderate
Spain,Rianxo,1,22,3,25,Good
Bolivia (Plurinational State of),Riberalta,1,3,0,35,Good
Mexico,Rincon De Tamayo,1,27,2,45,Good
Brazil,Rio Verde De Mato Grosso,1,4,0,14,Good
Italy,Rivalta Di Torino,1,35,2,58,Moderate
China,Rizhao,4,43,4,151,Unhealthy
United States of America,Rome,2,7,9,67,Moderate
Democratic Republic of the Congo,Kananga,9,35,4,191,Unhealthy
Japan,Kanda,1,37,2,31,Good
Sri Lanka,Kandy,0,21,0,54,Moderate
Iran (Islamic Republic of),Karaj,5,222,7,163,Very Unhealthy
Japan,Kaseda,0,29,1,28,Good
Kenya,Kericho,2,25,1,84,Moderate
Pakistan,Khairpur,1,44,0,165,Unhealthy
Pakistan,Khanewal,3,156,1,158,Unhealthy
India,Kharakvasla,1,29,1,100,Unhealthy for Sensitive Groups
Burundi,Bubanza,4,23,1,84,Moderate
India,Buxar,3,128,1,163,Unhealthy
Portugal,Caldas Da Rainha,1,20,5,22,Good
Spain,Cambrils,1,41,1,30,Good
United States of America,Cameron Park,2,22,11,71,Moderate
Canada,Camrose,1,32,2,67,Moderate
Costa Rica,Canas,1,5,7,55,Moderate
United Kingdom of Great Britain and Northern Ireland,Cannock,1,33,3,21,Good
Italy,Carlentini,1,44,1,66,Moderate
Portugal,Carregado,1,29,4,26,Good
Brazil,Cascavel,0,13,1,23,Good
United States of America,Casper,1,24,3,96,Moderate
Panama,Cativa,1,22,4,69,Moderate
United States of America,Cedar Hill,1,27,5,56,Moderate
Indonesia,Ceper,1,38,1,67,Moderate
India,Chandvad,1,33,0,119,Unhealthy for Sensitive Groups
Germany,Biedenkopf,2,31,6,79,Moderate
Turkey,Bilecik,1,36,0,56,Moderate
Ukraine,Bilyayivka,1,44,0,10,Good
Chad,Massaguet,2,33,1,110,Unhealthy for Sensitive Groups
United States of America,Mastic Beach,1,22,15,37,Good
United Republic of Tanzania,Masumbwe,0,17,0,24,Good
Italy,Matera,1,43,1,22,Good
Indonesia,Maumere,1,26,0,60,Moderate
France,Meaux,1,30,3,66,Moderate
Italy,Meda,1,36,4,67,Moderate
United States of America,Medfield,1,27,9,47,Good
Brazil,Mendes,8,1,17,172,Unhealthy
United States of America,Mesa,1,7,20,67,Moderate
Germany,Lindlar,1,34,4,61,Moderate
Germany,Lobau,1,39,2,74,Moderate
Italy,Lodi,1,42,2,62,Moderate
France,Lognes,2,18,8,80,Moderate
Poland,Lomza,1,31,0,21,Good
China,Longjing,2,48,0,69,Moderate
Germany,Lorch,1,37,4,53,Moderate
United States of America,Loveland,2,5,12,61,Moderate
Angola,Lucapa,5,33,6,172,Unhealthy
Switzerland,Lugano,1,33,1,62,Moderate
United Republic of Tanzania,Madimba,0,23,0,24,Good
Brazil,Mage,9,8,28,220,Very Unhealthy
India,Mairwa,3,79,2,132,Unhealthy for Sensitive Groups
Taiwan,Makung,1,119,0,76,Unhealthy for Sensitive Groups
Mexico,Manuel Doblado,1,25,3,56,Moderate
Philippines,Maramag,1,22,0,36,Good
Italy,Umbertide,1,37,3,87,Moderate
Mexico,Uriangato,1,25,2,45,Good
Netherlands,Urk,1,26,5,25,Good
Brazil,Uruguaiana,1,4,3,18,Good
United States of America,Uxbridge,1,28,7,43,Good
Germany,Vaihingen,1,36,2,65,Moderate
Czechia,Valasske Mezirici,1,40,1,70,Moderate
United States of America,Valley Station,2,31,9,63,Moderate
United States of America,Van Wert,2,31,10,64,Moderate
Germany,Vaterstetten,1,39,3,68,Moderate
Sri Lanka,Vavuniya,0,26,0,59,Moderate
France,Velizy Villacoublay,2,27,6,70,Moderate
Netherlands,Venray,1,22,7,50,Good
Switzerland,Vernier,1,30,2,63,Moderate
Philippines,Vigan,1,31,0,20,Good
India,Vijayawada,2,54,1,93,Moderate
Russian Federation,Vikhorevka,1,37,0,39,Good
Paraguay,Villa Hayes,8,0,5,160,Unhealthy
Spain,Villablino,0,17,3,19,Good
Colombia,Villavicencio,2,0,5,65,Moderate
France,Villefontaine,1,28,2,53,Moderate
France,Villefranche De Rouergue,1,30,1,57,Moderate
France,Villiers Sur Marne,2,28,6,71,Moderate
Germany,Velten,1,36,2,56,Moderate
United States of America,Waltham,1,30,7,46,Good
United Kingdom of Great Britain and Northern Ireland,Warwick,1,32,3,22,Good
United States of America,Waterloo,1,37,4,67,Moderate
United States of America,Wayland,1,30,7,47,Good
Kenya,Webuye,2,26,1,73,Moderate
Italy,Dalmine,1,36,2,68,Moderate
India,Daltenganj,2,83,0,156,Unhealthy
Thailand,Damnoen Saduak,0,21,0,42,Good
Indonesia,Dampit,1,31,0,53,Moderate
United States of America,Danville,2,35,6,58,Moderate
United States of America,Dekalb,1,24,9,56,Moderate
Central African Republic,Dekoa,2,14,0,77,Moderate
Haiti,Desdunes,2,28,2,77,Moderate
Ethiopia,Dese,1,32,0,126,Unhealthy for Sensitive Groups
United States of America,Detroit,2,21,17,88,Moderate
France,Deville Les Rouen,2,23,4,69,Moderate
India,Dhana,1,54,0,169,Unhealthy
India,Dharmabad,1,40,0,142,Unhealthy for Sensitive Groups
Germany,Dinslaken,1,17,10,55,Moderate
Mexico,Coatlinchan,4,3,20,222,Very Unhealthy
India,Colgong,2,48,1,78,Moderate
United Kingdom,Colwyn Bay,1,30,3,28,Good
Cuba,Consolacion Del Sur,1,31,2,67,Moderate
Spain,Coslada,1,25,4,60,Moderate
Romania,Craiova,1,43,1,55,Moderate
United States of America,Crystal,1,31,6,53,Moderate
Colombia,Cucuta,1,10,3,49,Good
United Kingdom of Great Britain and Northern Ireland,Cwmbran,1,24,5,24,Good
United States of America,Donna,2,15,4,101,Unhealthy for Sensitive Groups
Burkina Faso,Dori,1,21,2,67,Moderate
Romania,Drobeta Turnu Severin,1,39,1,52,Moderate
Netherlands,Druten,1,24,6,38,Good
Uzbekistan,Druzhba,1,44,0,65,Moderate
Germany,Bitburg,1,39,2,56,Moderate
Indonesia,Bitung,0,15,0,28,Good
Russian Federation,Boguchar,1,35,0,39,Good
France,Bonneville,1,29,2,60,Moderate
Belgium,Boortmeerbeek,1,26,7,65,Moderate
Brazil,Borba,1,2,0,40,Good
United States of America,Bridgeton,2,23,13,61,Moderate
Iran (Islamic Republic of),Omidiyeh,1,67,0,152,Unhealthy
Netherlands,Oosterhout,1,29,5,38,Good
Belgium,Oostkamp,1,38,2,43,Good
India,Orai,4,167,1,168,Unhealthy
United States of America,Orlando,1,10,15,58,Moderate
Norway,Oslo,1,39,0,14,Good
Mexico,Oteapan,2,17,3,107,Unhealthy for Sensitive Groups
Thailand,Pa Sang,0,22,0,17,Good
Pakistan,Pabbi,3,168,1,152,Unhealthy
India,Padrauna,3,60,1,86,Moderate
Thailand,Pak Chong,1,26,0,45,Good
Guatemala,Palencia,2,7,5,77,Moderate
India,Pallikonda,1,26,0,31,Good
Philippines,Pandi,1,25,2,62,Moderate
Greece,Panorama,1,44,0,88,Moderate
India,Pathankot,2,117,0,151,Unhealthy
Italy,Pavia,1,38,3,61,Moderate
Colombia,Paz De Ariporo,1,5,1,32,Good
Indonesia,Pekalongan,4,123,1,123,Unhealthy for Sensitive Groups
United States of America,Pella,2,27,7,62,Moderate
Indonesia,Pemangkat,1,16,0,39,Good
Spain,Penarroya Pueblonuevo,1,24,3,39,Good
Mexico,Penjamo,1,29,3,54,Moderate
United States of America,Perris,2,3,20,73,Moderate
Thailand,Phimai,0,25,0,43,Good
Germany,Pinneberg,1,30,5,55,Moderate
Poland,Pionki,1,33,1,27,Good
France,Plougastel Daoulas,2,16,15,51,Moderate
Ukraine,Pomichna,1,37,0,12,Good
Venezuela (Bolivarian Republic of),Porlamar,1,20,1,113,Unhealthy for Sensitive Groups
United States of America,Port Orange,1,26,8,57,Moderate
Brazil,Porto Alegre,1,17,2,26,Good
Italy,Porto Tolle,1,46,1,71,Moderate
France,Porto Vecchio,1,45,1,22,Good
United States of America,Wheat Ridge,1,32,4,40,Good
United States of America,Winthrop,1,40,1,45,Good
China,Xiaoyi,12,3,51,206,Very Unhealthy
China,Xihua,6,66,19,155,Unhealthy
China,Xintai,6,67,18,168,Unhealthy
China,Yangjiang,1,24,5,56,Moderate
Japan,Yao,2,15,13,82,Moderate
Netherlands,Aalten,1,31,2,23,Good
United States of America,Aberdeen,1,39,1,27,Good
Iran (Islamic Republic of),Abhar,1,46,0,72,Moderate
Iran (Islamic Republic of),Agha Jari,1,105,0,109,Unhealthy for Sensitive Groups
Turkey,Akcaabat,1,34,0,31,Good
Democratic Republic of the Congo,Aketi,3,8,0,66,Moderate
Spain,Algete,1,17,5,28,Good
Iran (Islamic Republic of),Aligudarz,1,45,0,68,Moderate
Switzerland,Allschwil,2,21,5,61,Moderate
Mexico,Asuncion Nochixtlan,1,15,3,53,Moderate
Germany,Aue,1,39,2,64,Moderate
Netherlands,Axel,1,36,4,58,Moderate
Mali,Bafoulabe,1,21,1,113,Unhealthy for Sensitive Groups
Netherlands,Aalsmeer,1,33,4,38,Good
Brazil,Aguas De Lindoia,1,7,3,48,Good
Mexico,Ahome,2,19,2,57,Moderate
Libya,Ajdabiya,1,41,0,183,Unhealthy
Ethiopia,Aksum,1,28,0,74,Moderate
Italy,Albino,1,32,2,65,Moderate
Spain,Almeria,1,26,6,40,Good
United States of America,Amherst Center,2,22,9,60,Moderate
Colombia,Andalucia,1,7,3,56,Moderate
India,Annur,1,26,0,46,Good
Portugal,Anta,1,29,3,19,Good
Mexico,Alvarado,1,20,1,79,Moderate
Nigeria,Ankpa,2,22,1,73,Moderate
Colombia,Aracataca,2,7,3,60,Moderate
United States of America,Arlington Heights,2,13,19,64,Moderate
Germany,Arnstadt,1,36,3,55,Moderate
United States of America,Asbury Park,1,31,7,35,Good
United Kingdom of Great Britain and Northern Ireland,Ashford,1,38,3,14,Good
Russian Federation,Aykhal,1,32,0,7,Good
Indonesia,Babat,3,135,1,159,Unhealthy
Germany,Drensteinfurt,1,33,2,36,Good
Ukraine,Dubno,1,34,1,37,Good
France,Dumbea,0,24,1,17,Good
Poland,Dzierzoniow,1,42,0,76,Moderate
United States of America,East Northport,5,6,41,103,Unhealthy for Sensitive Groups
Belgium,Eeklo,1,32,3,36,Good
United States of America,Egypt Lake Leto,1,16,13,72,Moderate
Colombia,El Bordo,1,3,3,39,Good
Mexico,El Fuerte,2,14,3,83,Moderate
Venezuela (Bolivarian Republic of),El Tigre,1,13,1,53,Moderate
Israel,Elat,1,45,1,103,Unhealthy for Sensitive Groups
United States of America,Ellington,2,14,19,73,Moderate
United States of America,Elmira,2,6,10,65,Moderate
Mexico,Encarnacion,1,28,1,61,Moderate
Brazil,Encruzilhada Do Sul,1,19,0,26,Good
Germany,Erwitte,1,36,1,41,Good
Turkey,Eskisehir,1,34,0,54,Moderate
United States of America,Everett,2,17,16,67,Moderate
India,Farrukhabad,3,166,1,193,Unhealthy
Turkey,Fatsa,1,34,0,41,Good
Mexico,Fernandez,1,12,2,69,Moderate
United States of America,Festus,1,42,3,51,Moderate
United States of America,Fillmore,2,34,11,57,Moderate
Italy,Follonica,1,41,2,38,Good
United States of America,Fontana,3,7,22,81,Moderate
Finland,Forssa,1,43,2,38,Good
Russian Federation,Kamskiye Polyany,1,27,0,45,Good
Japan,Kashiba,1,43,1,38,Good
India,Kathor,0,25,0,153,Unhealthy
India,Katwa,4,151,2,144,Unhealthy
Canada,Kelowna,1,31,2,16,Good
United States of America,Kelso,1,22,7,39,Good
Morocco,Kenitra,1,32,6,49,Good
United States of America,Key Largo,0,24,1,19,Good
Iran (Islamic Republic of),Khomeynishahr,1,55,1,155,Unhealthy
Ukraine,Kiev,1,36,2,18,Good
Russian Federation,Kineshma,1,34,0,23,Good
United States of America,Kingsburg,1,39,3,26,Good
Kenya,Kisumu,10,28,6,150,Unhealthy
Ukraine,Kivsharivka,1,39,0,44,Good
India,Kodar,1,22,2,102,Unhealthy for Sensitive Groups
India,Kodungallur,1,24,0,79,Moderate
Ukraine,Komsomolskoye,1,42,0,42,Good
Iceland,Kopavogur,1,23,0,21,Good
Burkina Faso,Koupela,1,17,0,55,Moderate
Russian Federation,Kozmodemyansk,1,33,0,29,Good
Cambodia,Kracheh,1,27,0,50,Good
Indonesia,Kresek,4,203,4,158,Very Unhealthy
Nigeria,Kumo,2,21,0,57,Moderate
Japan,Kurihashi,1,34,3,19,Good
Turkey,Kurtalan,1,44,0,27,Good
Philippines,Labangan,0,13,0,42,Good
United States of America,Ladson,1,37,4,44,Good
Italy,Limbiate,1,43,4,77,Moderate
Switzerland,Littau,1,22,3,41,Good
China,Liuzhou,4,149,2,120,Unhealthy for Sensitive Groups
Zambia,Livingstone,1,17,0,27,Good
Italy,Loano,1,45,2,69,Moderate
Cameroon,Lolodorf,2,26,0,73,Moderate
Mexico,Lombardia,1,9,3,47,Good
France,Lorient,1,23,3,40,Good
United Kingdom of Great Britain and Northern Ireland,Lowestoft,0,33,1,10,Good
China,Lubu,3,200,1,109,Unhealthy
Belgium,Lummen,1,30,3,46,Good
Sweden,Lund,0,36,0,14,Good
Sierra Leone,Lunsar,1,22,0,71,Moderate
Russian Federation,Lvovskiy,1,24,11,69,Moderate
United States of America,Lynwood,4,3,41,118,Unhealthy for Sensitive Groups
France,Lyon,2,24,4,107,Unhealthy for Sensitive Groups
Russian Federation,Magnitogorsk,1,36,0,22,Good
Japan,Maizuru,1,47,0,38,Good
Hungary,Mako,1,39,0,67,Moderate
India,Mallasamudram,1,28,2,60,Moderate
Mexico,Mapastepec,2,8,6,71,Moderate
Spain,Marchena,1,19,4,34,Good
Italy,Martinsicuro,2,36,8,59,Moderate
Japan,Mashiko,1,40,1,16,Good
France,Mayenne,1,22,4,58,Moderate
Russian Federation,Mayrtup,1,48,1,33,Good
Italy,Menfi,1,28,4,39,Good
France,Mennecy,2,20,6,72,Moderate
Italy,Mentana,2,37,7,74,Moderate
Italy,Mercogliano,1,47,2,50,Good
Belgium,Meulebeke,1,30,4,42,Good
Pakistan,Lahore,3,129,1,161,Unhealthy
Brazil,Lajeado,2,11,4,83,Moderate
Thailand,Lamphun,0,21,0,17,Good
Germany,Landau,1,41,2,46,Good
Germany,Landshut,1,45,2,52,Moderate
United States of America,Lansdale,2,30,8,73,Moderate
Italy,Latiano,1,54,2,51,Moderate
France,Le Bouscat,0,46,0,15,Good
Serbia,Lebane,1,33,0,49,Good
Finland,Lempaala,1,38,4,43,Good
China,Miaoli,1,39,8,58,Moderate
Libya,Misratah,1,40,0,46,Good
United States of America,Mission,3,15,5,154,Unhealthy
Japan,Miyakonojo,1,38,1,28,Good
United Republic of Tanzania,Mlandizi,1,15,0,33,Good
India,Mohgaon,1,37,0,174,Unhealthy
Italy,Molinella,1,42,5,68,Moderate
Italy,Monreale,1,29,3,44,Good
Belgium,Mons,1,27,4,56,Moderate
Italy,Montale,1,39,3,82,Moderate
France,Montbrison,1,34,2,150,Unhealthy
Brazil,Monte Azul,0,14,0,9,Good
Belgium,Moorslede,1,27,5,42,Good
Japan,Moriguchi,1,46,2,50,Good
France,Moulins,1,30,2,150,Unhealthy
Malawi,Mponela,1,19,0,50,Good
Uganda,Mubende,2,14,0,68,Moderate
India,Murwara,1,46,0,177,Unhealthy
United Republic of Tanzania,Mwanga,0,16,0,22,Good
Ukraine,Myrhorod,1,41,0,22,Good
Denmark,Naestved,0,36,0,17,Good
Libya,Nalut,1,27,0,191,Unhealthy
Philippines,Natappian,1,35,0,42,Good
Uganda,Nebbi,1,20,0,58,Moderate
Netherlands,Nederweert,1,34,2,36,Good
Belgium,Neerpelt,1,30,3,37,Good
Paraguay,Nemby,1,8,0,20,Good
India,New Delhi,3,156,3,174,Unhealthy
United States of America,Newport Beach,2,14,20,60,Moderate
United States of America,Niceville,1,34,1,65,Moderate
United States of America,North Bethesda,1,40,6,42,Good
United States of America,North Marysville,1,27,6,38,Good
United States of America,North Palm Beach,1,12,10,53,Moderate
Zimbabwe,Norton,3,15,1,68,Moderate
Poland,Nowa Sol,1,36,1,86,Moderate
France,Obernai,2,28,3,55,Moderate
Germany,Oberursel,1,36,3,69,Moderate
Romania,Ocna Mures,1,38,1,68,Moderate
Brazil,Oeiras Do Para,1,11,0,45,Good
Poland,Olawa,1,39,1,75,Moderate
United States of America,Chantilly,2,25,10,55,Moderate
Bangladesh,Char Bhadrasan,1,32,1,65,Moderate
Brazil,Chavantes,1,6,2,32,Good
China,Chenghai,2,40,4,81,Moderate
Mexico,Cheran,1,11,4,58,Moderate
United States of America,Cheyenne,1,30,3,46,Good
Italy,Chiari,1,28,4,67,Moderate
France,Choisy Le Roi,2,27,6,71,Moderate
Italy,Cicciano,2,47,8,60,Moderate
Poland,Cieszyn,1,40,2,74,Moderate
United Kingdom of Great Britain and Northern Ireland,Dumfries,1,28,2,15,Good
United States of America,Easton,1,38,4,33,Good
Turkey,Edirne,1,41,0,28,Good
Germany,Einbeck,2,29,8,64,Moderate
Colombia,El Banco,1,17,0,40,Good
Egypt,El Mahalla El Kubra,2,47,4,109,Unhealthy for Sensitive Groups
Egypt,El Wasta,2,74,7,117,Unhealthy for Sensitive Groups
United States of America,Elizabethtown,2,33,6,61,Moderate
Switzerland,Emmen,1,30,1,52,Moderate
South Africa,Hermanus,7,14,6,151,Unhealthy
Japan,Higashine,1,46,2,55,Moderate
Czechia,Hlinsko,1,37,1,65,Moderate
Belgium,Hoeilaart,1,28,7,67,Moderate
United States of America,Holden,1,31,5,48,Good
Cuba,Holguin,1,23,3,54,Moderate
United States of America,Houston,2,7,14,103,Unhealthy for Sensitive Groups
Thailand,Huai Thalaeng,1,25,0,42,Good
Mexico,Ensenada,0,30,2,3,Good
France,Epinal,1,34,1,55,Moderate
South Africa,Eshowe,6,29,5,150,Unhealthy
United States of America,Fajardo,0,24,0,48,Good
India,Farrukhnagar,4,181,2,176,Unhealthy
Madagascar,Fenoarivo Atsinanana,1,16,0,41,Good
United States of America,Fern Creek,2,35,9,63,Moderate
Brazil,Flores Da Cunha,1,15,2,23,Good
Germany,Florsheim,2,36,5,71,Moderate
Brazil,Formoso Do Araguaia,1,6,2,60,Moderate
United States of America,Fort Lee,2,17,21,77,Moderate
Germany,Friesoythe,1,32,4,57,Moderate
China,Fuyu,1,43,0,38,Good
Italy,Gallipoli,1,45,0,47,Good
France,Gardanne,1,24,8,30,Good
Germany,Garrel,1,25,6,59,Moderate
Turkey,Gebze,1,38,0,57,Moderate
Cyprus,Girne,1,44,0,68,Moderate
Colombia,Giron,1,10,4,46,Good
Mexico,Miahuatlan,3,3,7,76,Moderate
Kenya,Migori,2,23,0,82,Moderate
Italy,Milan,1,37,4,67,Moderate
Brazil,Mimoso Do Sul,1,7,3,51,Moderate
Japan,Minamata,0,26,1,22,Good
Japan,Miura,1,43,2,52,Moderate
Spain,Moana,1,19,3,25,Good
United States of America,Mobile,2,45,6,45,Good
Italy,Moncalieri,1,35,3,63,Moderate
Mozambique,Montepuez,0,20,0,25,Good
Italy,Montesarchio,2,45,5,52,Moderate
Canada,Montreal,1,22,5,68,Moderate
United States of America,Moore,1,41,2,38,Good
Switzerland,Morges,1,24,2,63,Moderate
France,Morlaix,1,32,5,52,Moderate
Russian Federation,Nazran,1,45,0,61,Moderate
Greece,Nea Erithraia,1,39,6,97,Moderate
Dominican Republic,Neiba,1,12,6,124,Unhealthy for Sensitive Groups
Israel,Netivot,2,43,5,90,Moderate
Burundi,Ngozi,3,21,1,61,Moderate
Netherlands,Nijkerk,1,25,5,30,Good
Italy,Nizza Monferrato,1,34,3,56,Moderate
United States of America,Nogales,1,10,5,44,Good
Finland,Nokia,1,34,1,17,Good
China,Nongan,2,84,1,81,Moderate
United States of America,North Lindenhurst,2,14,25,66,Moderate
United States of America,North Port,1,13,12,50,Good
Italy,Novara,1,31,4,68,Moderate
Nicaragua,Nueva Guinea,1,19,0,43,Good
Central African Republic,Obo,2,7,0,26,Good
United States of America,Oconomowoc,1,27,5,46,Good
Mexico,Octopan,1,25,2,48,Good
Poland,Olesnica,1,36,1,55,Moderate
Germany,Mossingen,1,37,2,58,Moderate
United States of America,Mount Pleasant,1,39,3,52,Moderate
France,Mouvaux,1,36,2,46,Good
Germany,Much,1,28,6,62,Moderate
Germany,Muhlacker,1,27,4,69,Moderate
Viet Nam,Nam Dinh,4,154,1,145,Unhealthy
Mexico,Nanacamilpa,2,8,12,197,Unhealthy
China,Nantou,3,202,10,153,Very Unhealthy
Belgium,Mettet,1,31,5,63,Moderate
United States of America,Mexico,2,19,7,55,Moderate
Russian Federation,Mezhdurechenskiy,1,27,0,19,Good
Tajikistan,Tursunzoda,1,66,0,90,Moderate
Germany,Tuttlingen,1,40,1,58,Moderate
Russian Federation,Tver,1,28,0,45,Good
Italy,Udine,1,37,2,65,Moderate
Spain,Torredonjimeno,1,32,1,36,Good
United States of America,Torrington,1,23,12,60,Moderate
France,Toul,1,33,1,62,Moderate
France,Toulouse,1,32,2,53,Moderate
France,Tours,1,28,3,36,Good
Bosnia and Herzegovina,Trebinje,1,41,0,71,Moderate
Slovakia,Trnava,1,41,1,79,Moderate
Germany,Trostberg,1,36,3,69,Moderate
Russian Federation,Tsimlyansk,1,38,0,4,Good
Brazil,Tubarao,1,11,5,45,Good
Kazakhstan,Shemonaikha,1,34,0,19,Good
Kazakhstan,Shetpe,1,40,0,34,Good
Japan,Shirakawa,1,67,2,61,Moderate
Germany,Simbach,1,36,2,65,Moderate
India,Sohagpur,1,43,0,163,Unhealthy
Nigeria,Sokoto,2,29,1,65,Moderate
Italy,Sarezzo,2,22,5,79,Moderate
India,Sargur,1,22,0,30,Good
Netherlands,Sassenheim,1,35,4,54,Moderate
Angola,Saurimo,2,31,1,103,Unhealthy for Sensitive Groups
Germany,Schwetzingen,1,37,2,71,Moderate
United States of America,Seal Beach,2,17,23,81,Moderate
Turkey,Sebinkarahisar,1,38,0,41,Good
Indonesia,Sewon,1,36,1,67,Moderate
United States of America,Seguin,1,16,3,55,Moderate
Canada,Sept Iles,1,20,2,51,Moderate
Italy,Seveso,1,36,4,67,Moderate
Russian Federation,Tayga,1,39,0,38,Good
Spain,Telde,0,25,0,9,Good
Mexico,Teocaltiche,1,26,1,54,Moderate
Brazil,Terra Roxa,1,8,1,19,Good
Spain,Terrassa,2,32,4,47,Good
Mexico,Tetla,3,8,9,176,Unhealthy
Thailand,Tha Mai,0,18,0,41,Good
China,Tieli,2,37,0,47,Good
Belgium,Tielt,1,36,3,51,Moderate
India,Tiruppuvanam,1,33,0,50,Good
Russian Federation,Tolbazy,1,40,0,28,Good
United States of America,Southfield,2,17,18,90,Moderate
United States of America,Spring Hill,2,25,12,69,Moderate
United Kingdom of Great Britain and Northern Ireland,Stamford,1,35,3,17,Good
Netherlands,Steenbergen,1,35,5,53,Moderate
United States of America,Stockbridge,3,7,31,91,Moderate
Canada,Sudbury,1,18,1,48,Good
Netherlands,Susteren,1,26,6,61,Moderate
Russian Federation,Svobody,1,41,1,54,Moderate
Russian Federation,Syasstroy,1,32,0,21,Good
Hungary,Szombathely,1,37,1,64,Moderate
Thailand,Takhli,0,23,0,27,Good
Malaysia,Tanjong Karang,2,45,2,69,Moderate
Malaysia,Tanjong Sepat,2,30,1,73,Moderate
Mexico,Tarimoro,1,24,2,44,Good
Spain,Tarrega,1,34,1,47,Good
Bangladesh,Sarankhola,2,27,3,66,Moderate
France,Sarcelles,1,46,1,67,Moderate
Germany,Sarstedt,1,44,0,33,Good
Iran (Islamic Republic of),Saveh,1,40,6,124,Unhealthy for Sensitive Groups
Japan,Sawara,1,28,8,56,Moderate
Germany,Schwarzenberg,1,47,0,52,Moderate
Brazil,Seabra,0,21,0,16,Good
Côte d'Ivoire,Seguela,1,20,0,31,Good
Indonesia,Semarang,5,17,17,160,Unhealthy
Brazil,Senhor Do Bonfim,0,21,0,16,Good
Brazil,Sento Se,0,21,0,20,Good
Kazakhstan,Serebryansk,1,19,2,42,Good
China,Shaowu,4,14,9,80,Moderate
United States of America,Sharon,1,39,2,59,Moderate
United States of America,Shasta Lake,1,27,3,43,Good
Germany,Singen,1,60,0,60,Moderate
Belgium,Sint Katelijne Waver,1,38,2,51,Moderate
India,Sirhind,5,26,22,167,Unhealthy
India,Sirpur,2,55,0,166,Unhealthy
India,Sirsaganj,4,57,7,173,Unhealthy
Turkey,Sivas,0,45,0,43,Good
Chile,Rancagua,3,3,6,122,Unhealthy for Sensitive Groups
India,Ranchi,3,43,5,160,Unhealthy
United States of America,Randolph,1,41,1,45,Good
Indonesia,Rangkasbitung,11,9,63,225,Very Unhealthy
Indonesia,Rantauprapat,3,2,5,97,Moderate
United States of America,Red Wing,1,32,1,55,Moderate
Mexico,Reforma,1,23,0,81,Moderate
India,Reoti,5,62,6,171,Unhealthy
Mexico,Reynosa,0,27,0,35,Good
Belgium,Rixensart,1,38,1,54,Moderate
United States of America,Rock Springs,1,20,5,22,Good
Germany,Rodental,1,49,0,54,Moderate
Colombia,Roldanillo,2,19,1,76,Moderate
Spain,Ronda,1,43,0,16,Good
United States of America,Rosemont,1,26,7,50,Good
Italy,Rovato,1,49,0,82,Moderate
Spain,Rubi,1,52,1,51,Moderate
Rwanda,Ruhengeri,2,24,1,157,Unhealthy
Germany,Saalfeld,1,48,0,54,Moderate
France,Saint Jean De Braye,1,34,1,69,Moderate
United States of America,Salisbury,1,49,0,27,Good
Mexico,San Agustin,1,26,1,57,Moderate
Colombia,San Andres,0,27,0,97,Moderate
Spain,San Fernando De Henares,1,43,0,11,Good
Mexico,San Sebastian El Grande,1,30,0,53,Moderate
China,Sanbu,2,8,21,104,Unhealthy for Sensitive Groups
Brazil,Santa Adelia,1,24,0,61,Moderate
Philippines,Santa Ignacia,2,25,6,151,Unhealthy
Brazil,Sao Leopoldo,1,18,1,50,Good
India,Baikunthpur,3,86,5,169,Unhealthy
India,Bakhtiyarpur,4,46,7,158,Unhealthy
Azerbaijan,Baku,1,46,0,79,Moderate
India,Balapur,2,28,3,152,Unhealthy
India,Balasinor,2,31,6,154,Unhealthy
Thailand,Bang Krathum,2,14,4,86,Moderate
India,Bangalore,2,20,4,77,Moderate
India,Barghat,2,48,2,161,Unhealthy
India,Bargur,1,30,3,84,Moderate
Guatemala,Barillas,1,19,0,43,Good
Spain,Bejar,0,36,0,12,Good
Brazil,Bela Vista De Goias,0,24,0,10,Good
India,Beldanga,4,18,18,153,Unhealthy
Nigeria,Bende,3,46,1,94,Moderate
Brazil,Benjamin Constant,1,3,0,48,Good
India,Betamcherla,2,36,5,111,Unhealthy for Sensitive Groups
Spain,Betera,1,41,0,14,Good
United States of America,Beverly Hills,1,33,1,54,Moderate
United States of America,Bexley,1,42,1,42,Good
Turkey,Beysehir,1,41,0,47,Good
Germany,Biberach,1,59,0,63,Moderate
India,Bilsanda,4,21,10,154,Unhealthy
Italy,Bitritto,1,54,0,57,Moderate
Colombia,Bolivar,1,11,0,29,Good
Portugal,Braga,0,39,0,16,Good
Romania,Brasov,1,40,0,55,Moderate
France,Brignoles,1,51,2,38,Moderate
United States of America,Broken Arrow,1,48,3,57,Moderate
France,Bron,1,55,0,69,Moderate
Netherlands,Brunssum,1,40,1,54,Moderate
Brazil,Brusque,1,21,1,45,Good
Poland,Brzeg Dolny,1,44,0,43,Good
Indonesia,Buaran,5,27,9,152,Unhealthy
Uganda,Bundibugyo,1,16,0,55,Moderate
India,Burhar,2,73,2,154,Unhealthy
Russian Federation,Buturlinovka,1,42,0,18,Good
Germany,Butzbach,1,55,0,57,Moderate
Rwanda,Byumba,2,30,1,119,Unhealthy for Sensitive Groups
Venezuela (Bolivarian Republic of),Calabozo,1,20,0,40,Good
Philippines,Calauan,2,26,9,92,Moderate
Cuba,Camaguey,1,23,1,64,Moderate
Brazil,Campo Grande,1,21,0,33,Good
Mexico,Cancun,0,29,0,16,Good
Brazil,Candeias,0,23,0,28,Good
Italy,Capaccio,1,60,0,50,Moderate
Morocco,Casablanca,1,37,0,32,Good
Spain,Catarroja,1,41,0,15,Good
France,Cenon,1,42,0,26,Good
United States of America,Central Point,1,29,2,37,Good
Mexico,Cerro Azul,1,26,0,59,Moderate
Italy,Cervia,1,69,0,75,Moderate
Australia,Cessnock,0,21,8,18,Good
India,Chaibasa,3,40,3,154,Unhealthy
Iran (Islamic Republic of),Chalus,2,39,4,135,Unhealthy for Sensitive Groups
United States of America,Champlin,1,32,1,51,Moderate
China,Changji,2,31,8,153,Unhealthy
Russian Federation,Chaplygin,1,39,0,18,Good
France,Chatillon,1,44,2,70,Moderate
Russian Federation,Cherepovets,1,30,0,8,Good
China,Chongqing,19,0,58,283,Very Unhealthy
United Kingdom,Clacton On Sea,0,34,0,28,Good
Indonesia,Soreang,10,5,27,188,Unhealthy
Russian Federation,Sosnovka,1,33,0,39,Good
United States of America,South Miami,1,35,2,32,Good
Poland,Sroda Wielkopolska,1,41,0,33,Good
Germany,Stadtlohn,1,39,0,42,Good
United States of America,Sterling,1,39,1,56,Moderate
Czechia,Sternberk,1,44,0,67,Moderate
Germany,Stockelsdorf,1,43,0,23,Good
United States of America,Streamwood,1,32,4,52,Moderate
Russian Federation,Sudogda,1,39,0,21,Good
United States of America,Sugar Hill,1,66,1,20,Moderate
Mongolia,Suhbaatar,1,33,0,68,Moderate
China,Suicheng,7,52,18,155,Unhealthy
Japan,Sunagawa,1,31,4,46,Good
India,Sundarnagar,4,29,9,152,Unhealthy
United Kingdom of Great Britain and Northern Ireland,Godalming,1,32,1,36,Good
Turkey,Golkoy,1,45,0,32,Good
Mexico,Gonzalez,1,21,1,57,Moderate
Italy,Gorizia,1,47,0,78,Moderate
Russian Federation,Gorno Altaysk,1,15,1,24,Good
Netherlands,Gouda,1,38,0,30,Good
United States of America,Grapevine,2,37,4,71,Moderate
United States of America,Great Falls,1,27,1,39,Good
Indonesia,Grogol,6,7,21,170,Unhealthy
Malaysia,Gua Musang,2,2,2,67,Moderate
Brazil,Guaiba,1,19,1,49,Good
Ecuador,Guayaquil,1,22,2,66,Moderate
Italy,Guidonia,1,68,0,41,Moderate
India,Guntur,3,38,6,161,Unhealthy
India,Gurdaspur,5,26,11,164,Unhealthy
Belgium,Haacht,1,37,1,52,Moderate
Japan,Handa,3,24,15,95,Moderate
Japan,Hannan,2,29,8,73,Moderate
Netherlands,Harenkarspel,1,38,0,35,Good
United States of America,Harrisonburg,1,37,2,26,Good
United Kingdom of Great Britain and Northern Ireland,Hartlepool,1,38,0,43,Good
Denmark,Hedensted,1,43,0,12,Good
South Africa,Heilbron,2,21,4,71,Moderate
France,Hennebont,1,40,0,29,Good
Belgium,Herselt,1,37,1,52,Moderate
Germany,Hildburghausen,1,49,0,57,Moderate
Germany,Hilter,1,43,0,44,Good
Japan,Hirosaki,3,25,17,102,Unhealthy for Sensitive Groups
China,Huaidian,9,44,27,170,Unhealthy
Romania,Hunedoara,1,45,0,41,Good
Germany,Hurth,1,46,1,56,Moderate
Japan,Iida,1,14,5,63,Moderate
Japan,Ikeda,1,29,6,46,Good
Republic of North Macedonia,Ilinden,1,45,0,69,Moderate
Philippines,Irosin,1,21,0,55,Moderate
India,Islamnagar,4,45,9,158,Unhealthy
United States of America,Ives Estates,1,31,2,33,Good
Japan,Iwakura,3,6,24,130,Unhealthy for Sensitive Groups
Russian Federation,Izobilnyy,1,48,1,26,Good
United States of America,Jacinto City,0,22,3,33,Good
Guatemala,Jalapa,1,24,0,57,Moderate
India,Jashpurnagar,2,47,3,162,Unhealthy
Brazil,Jequie,0,23,0,22,Good
India,Jhargram,2,26,4,96,Moderate
Brazil,Joacaba,1,10,0,21,Good
Brazil,Jose De Freitas,0,20,0,29,Good
Uruguay,Juan Lacaze,0,24,1,22,Good
Russian Federation,Kaduy,1,29,0,8,Good
India,Kalagarh,3,33,7,151,Unhealthy
United States of America,Kalispell,1,33,1,28,Good
India,Kalol,2,23,8,159,Unhealthy
Uganda,Kamuli,2,15,1,118,Unhealthy for Sensitive Groups
Russian Federation,Kantyshevo,1,40,1,32,Good
Malawi,Karonga,1,21,0,40,Good
Zambia,Katete,0,22,0,34,Good
India,Kathua,5,20,10,161,Unhealthy
Japan,Katsuyama,2,24,12,80,Moderate
India,Kayalpattinam,1,25,2,51,Moderate
United States of America,Kewanee,1,36,2,59,Moderate
Iran (Islamic Republic of),Khalkhal,1,41,0,72,Moderate
Pakistan,Khangah Dogran,5,47,10,178,Unhealthy
Thailand,Khao Wong,2,19,2,66,Moderate
Colombia,Marinilla,1,20,0,55,Moderate
Sweden,Marsta,1,34,0,15,Good
Italy,Massafra,1,59,0,46,Moderate
Pakistan,Matiari,1,27,1,161,Unhealthy
Pakistan,Matli,1,24,2,146,Unhealthy for Sensitive Groups
United States of America,Maumelle,1,72,1,65,Moderate
Spain,Mejorada Del Campo,1,43,0,10,Good
Italy,Melzo,1,63,0,89,Moderate
United States of America,Midwest City,1,46,1,58,Moderate
Russian Federation,Mineralnyye Vody,1,40,2,34,Good
Afghanistan,Mirabad,1,45,0,165,Unhealthy
Spain,Mislata,1,41,0,15,Good
France,Mitry Mory,1,47,1,68,Moderate
Sweden,Molnlycke,1,41,0,11,Good
France,Montargis,1,41,1,70,Moderate
Italy,Monte Di Procida,1,68,0,54,Moderate
Italy,Monte San Giovanni Campano,1,62,0,50,Moderate
Zambia,Monze,0,25,0,21,Good
India,Morwa,1,37,2,145,Unhealthy for Sensitive Groups
United States of America,Mount Juliet,1,50,2,50,Good
India,Mulki,1,20,2,62,Moderate
Germany,Munchberg,1,49,0,52,Moderate
United States of America,Muncie,1,38,2,51,Moderate
India,Mundargi,1,19,2,35,Good
United States of America,Muskogee,1,47,1,55,Moderate
Comoros,Mutsamudu,0,25,0,34,Good
Democratic Republic of the Congo,Mweka,3,29,0,135,Unhealthy for Sensitive Groups
Finland,Naantali,1,36,0,6,Good
India,Nabagram,5,15,11,158,Unhealthy
Nicaragua,Nagarote,1,27,0,50,Good
Angola,Namibe,1,16,0,44,Good
China,Nancha,3,30,2,92,Moderate
Brazil,Nanuque,0,25,0,25,Good
United States of America,Piedmont,1,33,3,47,Good
China,Pingdu,5,79,10,118,Unhealthy for Sensitive Groups
United States of America,Pleasanton,1,28,7,54,Moderate
Italy,Ponsacco,1,85,0,37,Moderate
United States of America,Port Chester,1,47,3,53,Moderate
United States of America,Porterville,1,22,5,52,Moderate
United States of America,Pottstown,1,42,2,44,Good
Germany,Prien,1,64,0,68,Moderate
Colombia,Puerto Asis,1,4,0,10,Good
Bhutan,Punakha,1,15,0,21,Good
Colombia,Purificacion,1,12,1,50,Good
India,Pusad,2,28,4,156,Unhealthy
China,Puyang,5,89,15,157,Unhealthy
Afghanistan,Qandahar,0,33,0,56,Moderate
Iran (Islamic Republic of),Qazvin,2,122,3,155,Unhealthy
Brazil,Quatro Barras,1,17,1,40,Good
Brazil,Quixada,0,22,0,21,Good
Guatemala,Rabinal,1,23,0,44,Good
Sri Lanka,Ragama,1,20,3,89,Moderate
India,Raghudebbati,9,5,23,192,Unhealthy
India,Raigarh,2,63,2,159,Unhealthy
Brazil,Nilopolis,1,35,3,88,Moderate
Russian Federation,Nizhnyaya Tura,1,41,0,39,Good
United States of America,Norco,3,15,20,105,Unhealthy for Sensitive Groups
United States of America,North Aurora,1,38,2,49,Good
Slovenia,Nova Gorica,1,47,0,77,Moderate
Brazil,Nova Olinda Do Norte,1,4,0,44,Good
Russian Federation,Novouzensk,1,49,0,11,Good
Russian Federation,Novyy Urengoy,1,23,0,73,Moderate
El Salvador,Nueva San Salvador,2,17,4,75,Moderate
Pakistan,Nushki,0,35,1,116,Unhealthy for Sensitive Groups
United States of America,Oakville,2,41,7,82,Moderate
Germany,Ochtrup,1,39,0,35,Good
Nicaragua,Ocotal,1,18,0,32,Good
United States of America,Ogden,1,32,4,49,Good
Japan,Okaya,3,4,12,133,Unhealthy for Sensitive Groups
Honduras,Olanchito,1,14,0,75,Moderate
Germany,Olching,1,62,0,67,Moderate
Germany,Oldenburg,1,39,0,29,Good
Portugal,Oliveira Do Douro,0,41,0,19,Good
United States of America,Olympia,1,31,4,40,Good
Mongolia,Ondorhaan,2,32,0,61,Moderate
Japan,Ono,2,24,12,81,Moderate
Italy,Orta Nova,1,66,0,47,Moderate
Burkina Faso,Ouargaye,1,26,0,49,Good
Brazil,Padre Paraiso,0,22,0,19,Good
United States of America,Paducah,1,49,3,77,Moderate
India,Pandhurna,3,17,7,162,Unhealthy
Afghanistan,Panjab,0,28,0,83,Moderate
Bangladesh,Parbatipur,3,29,7,101,Unhealthy for Sensitive Groups
India,Patnagarh,2,54,1,157,Unhealthy
Indonesia,Pecangakan,3,10,16,150,Unhealthy
Ecuador,Pedro Carbo,1,24,1,58,Moderate
United States of America,Pekin,1,42,1,58,Moderate
Hungary,Baja,1,59,0,52,Moderate
Romania,Bals,1,54,0,42,Moderate
Netherlands,Barendrecht,1,39,1,32,Good
Venezuela (Bolivarian Republic of),Barinitas,1,16,0,52,Moderate
France,Bastia,1,80,1,25,Moderate
Brazil,Batalha,0,22,0,14,Good
France,Beaucaire,1,51,0,39,Moderate
Belgium,Beersel,1,38,2,53,Moderate
Iran (Islamic Republic of),Behshahr,2,32,2,154,Unhealthy
China,Beian,3,35,3,95,Moderate
India,Belgaum,1,27,2,59,Moderate
United States of America,Bellingham,2,26,7,50,Good
India,Benaulim,1,19,1,56,Moderate
India,Beniganj,4,39,10,159,Unhealthy
Nigeria,Benin,1,25,0,55,Moderate
Netherlands,Bergschenhoek,1,38,1,32,Good
India,Bhikangaon,2,32,2,174,Unhealthy
India,Bhilwara,1,25,5,158,Unhealthy
India,Bihariganj,4,35,8,150,Unhealthy
India,Bikapur,4,51,7,162,Unhealthy
India,Bilhaur,4,45,9,173,Unhealthy
Thailand,Bo Rai,1,15,1,40,Good
Russian Federation,Bodaybo,2,18,1,33,Good
Turkey,Bodrum,1,56,1,26,Moderate
Germany,Bopfingen,1,51,0,64,Moderate
Côte d'Ivoire,Boundiali,1,20,0,21,Good
Romania,Braila,1,47,0,50,Good
France,Briancon,0,38,0,54,Moderate
Czechia,Brno,1,46,0,73,Moderate
Philippines,Bugo,1,18,3,53,Moderate
Malaysia,Bukit Mertajam,3,24,10,150,Unhealthy
Philippines,Buluangan,1,27,2,73,Moderate
Germany,Burscheid,1,44,1,55,Moderate
United Kingdom of Great Britain and Northern Ireland,Buxton,1,34,1,40,Good
Romania,Buzau,1,45,0,53,Moderate
Poland,Bytom,1,44,1,64,Moderate
United States of America,Cabo Rojo,0,28,0,110,Unhealthy for Sensitive Groups
Brazil,Cacoal,1,6,0,42,Good
Brazil,Cajuru,1,21,0,50,Good
Germany,Calbe,1,44,0,42,Good
Portugal,Camara De Lobos,0,26,0,9,Good
Viet Nam,Can Tho,3,7,11,152,Unhealthy
Brazil,Candido Mota,1,20,0,43,Good
United States of America,Carmel,1,42,1,56,Moderate
Brazil,Carutapera,0,20,0,23,Good
United States of America,Cathedral City,1,35,3,51,Moderate
Brazil,Caucaia,0,24,0,31,Good
Italy,Cecina,1,83,0,35,Moderate
Ireland,Celbridge,1,42,0,37,Good
Peru,Celendin,0,8,0,14,Good
France,Cernay,1,55,0,66,Moderate
France,Chateaurenard,1,49,0,40,Good
China,Chengdu,28,0,64,386,Hazardous
Russian Federation,Chernogorsk,1,18,7,37,Good
Russian Federation,Chernushka,1,40,0,11,Good
United States of America,Chillum,1,51,1,39,Moderate
United States of America,Chino Hills,3,15,20,113,Unhealthy for Sensitive Groups
Italy,Chivasso,1,66,0,81,Moderate
Poland,Chojnice,1,41,0,19,Good
Italy,Aci Catena,1,43,0,105,Unhealthy for Sensitive Groups
India,Alanganallur,3,13,9,139,Unhealthy for Sensitive Groups
Germany,Alzenau,1,58,0,58,Moderate
Togo,Amlame,1,27,0,56,Moderate
Madagascar,Ampanihy,0,26,0,26,Good
Russian Federation,Anzhero Sudzhensk,1,17,2,34,Good
Brazil,Araruama,0,29,0,34,Good
Ethiopia,Areka,1,17,0,53,Moderate
United States of America,Arroyo Grande,1,25,3,51,Moderate
Switzerland,Arth,1,45,0,52,Moderate
United States of America,Ashtabula,1,35,2,58,Moderate
Afghanistan,Asmar,2,48,1,151,Unhealthy
Italy,Assemini,1,67,0,21,Moderate
Paraguay,Asuncion,0,16,0,26,Good
United States of America,Atascadero,2,20,4,54,Moderate
India,Athgarh,3,30,8,136,Unhealthy for Sensitive Groups
India,Athni,2,27,4,121,Unhealthy for Sensitive Groups
Russian Federation,Ayutinskiy,1,45,1,25,Good
Germany,Bad Aibling,1,65,0,66,Moderate
Germany,Bad Kreuznach,1,60,0,58,Moderate
United Kingdom of Great Britain and Northern Ireland,Dartford,0,33,0,27,Good
Ethiopia,Debre Tabor,1,20,0,53,Moderate
United States of America,Del Rio,0,22,1,51,Moderate
United States of America,Denver,1,27,6,53,Moderate
India,Devadanapatti,2,11,6,101,Unhealthy for Sensitive Groups
India,Dharampur,1,21,1,86,Moderate
India,Dhing,4,20,8,124,Unhealthy for Sensitive Groups
Ethiopia,Dire Dawa,1,23,1,111,Unhealthy for Sensitive Groups
United States of America,Dixon,1,28,5,44,Good
Benin,Djougou,1,29,0,54,Moderate
Turkey,Dortyol,1,40,0,26,Good
United States of America,Douglasville,1,45,5,40,Good
Germany,Dresden,1,44,0,54,Moderate
Italy,Dueville,1,48,0,83,Moderate
Indonesia,Dumai,2,16,0,70,Moderate
United Kingdom of Great Britain and Northern Ireland,East Kilbride,1,38,1,37,Good
United States of America,East Los Angeles,4,12,28,152,Unhealthy
United Kingdom of Great Britain and Northern Ireland,Eastbourne,0,33,0,25,Good
United States of America,Edina,1,32,1,52,Moderate
Colombia,El Bagre,1,24,0,64,Moderate
United States of America,Eldersburg,1,50,1,38,Good
United Kingdom of Great Britain and Northern Ireland,Elgin,1,36,0,33,Good
Andorra,Encamp,1,32,0,24,Good
Uganda,Entebbe,1,21,0,54,Moderate
United States of America,Estelle,0,27,1,34,Good
United States of America,Eustis,1,72,1,23,Moderate
France,Eysines,1,42,0,22,Good
Greece,Farsala,1,42,0,106,Unhealthy for Sensitive Groups
Italy,Ferentino,1,65,0,50,Moderate
Italy,Fiorano Modenese,1,56,0,57,Moderate
Canada,Fort Erie,1,31,1,47,Good
United States of America,Fort Smith,1,55,0,58,Moderate
United States of America,Franconia,1,50,1,38,Good
China,Fuli,3,30,12,133,Unhealthy for Sensitive Groups
China,Gaomi,5,72,11,139,Unhealthy for Sensitive Groups
United States of America,Garland,2,31,5,69,Moderate
Belgium,Gavere,1,37,2,49,Good
Ethiopia,Gebre Guracha,1,25,0,54,Moderate
Russian Federation,Gelendzhik,1,39,0,17,Good
France,Genas,1,54,0,69,Moderate
Argentina,General Pico,0,15,0,14,Good
India,Maharajganj,5,49,7,169,Unhealthy
Germany,Maisach,1,62,0,67,Moderate
Germany,Malsch,1,61,0,66,Moderate
Germany,Manching,1,56,0,65,Moderate
Philippines,Manukan,1,21,0,36,Good
Brazil,Maragogi,0,23,0,14,Good
India,Marandahalli,2,19,7,98,Moderate
Hungary,Marcali,1,66,0,55,Moderate
Brazil,Marechal Deodoro,0,24,0,15,Good
Brazil,Colorado,1,19,0,35,Good
Cuba,Contramaestre,1,38,0,87,Moderate
Italy,Corsico,1,67,0,87,Moderate
Romania,Covasna,1,41,0,48,Good
France,Croix,1,38,1,45,Good
Viet Nam,Da Nang,2,23,2,65,Moderate
Russian Federation,Dorogobuzh,1,32,0,22,Good
United States of America,Dubuque,1,38,2,41,Good
United States of America,Duxbury,1,26,10,52,Moderate
United States of America,East Lansing,1,31,4,35,Good
Mexico,Ecatepec,5,4,21,189,Unhealthy
Netherlands,Eijsden,1,30,3,53,Moderate
Russian Federation,Elista,1,37,0,9,Good
India,Dalsingh Sarai,5,172,1,154,Unhealthy
Côte d'Ivoire,Danane,2,18,1,82,Moderate
Côte d'Ivoire,Daoukro,1,17,0,48,Good
Iran (Islamic Republic of),Darab,1,49,0,84,Moderate
United States of America,Dearborn Heights,1,34,5,34,Good
China,Deyang,5,50,15,164,Unhealthy
United States of America,Doctor Phillips,2,6,18,68,Moderate
India,Dod Ballapur,0,22,0,63,Moderate
Belgium,Enghien,1,26,5,51,Moderate
Cuba,Esperanza,1,18,3,55,Moderate
Colombia,Facatativa,4,8,13,121,Unhealthy for Sensitive Groups
Ukraine,Fastiv,1,37,1,16,Good
Pakistan,Fatehpur,2,129,0,187,Unhealthy
Spain,Fene,1,32,2,24,Good
China,Fenyi,3,140,2,85,Unhealthy for Sensitive Groups
Belgium,Fleurus,1,25,5,58,Moderate
Brazil,Fonte Boa,1,3,0,19,Good
United States of America,Forest Lake,1,40,2,48,Good
India,Kharela,3,125,3,169,Unhealthy
Thailand,Khon Kaen,2,20,4,96,Moderate
Japan,Kikugawa,2,33,6,71,Moderate
United Kingdom of Great Britain and Northern Ireland,Kilmarnock,1,35,1,35,Good
Malaysia,Kinarut,2,11,4,54,Moderate
United States of America,Kingsport,2,37,5,28,Good
Congo,Kinkala,2,41,0,68,Moderate
Germany,Kolbermoor,1,64,0,66,Moderate
Hungary,Koszeg,1,62,0,63,Moderate
India,Kumta,0,24,0,27,Good
Japan,Kuroiso,1,13,12,66,Moderate
Sri Lanka,Kurunegala,1,17,4,77,Moderate
India,Kuzhithurai,1,24,2,68,Moderate
Bolivia (Plurinational State of),La Guardia,0,10,0,25,Good
Switzerland,La Tour De Peilz,1,40,0,51,Moderate
United States of America,La Verne,4,15,23,150,Unhealthy
Mexico,Lagos De Moreno,1,31,0,51,Moderate
Indonesia,Lahat,4,3,6,109,Unhealthy for Sensitive Groups
Italy,Lainate,1,67,0,93,Moderate
India,Laksar,5,29,13,162,Unhealthy
Mexico,Las Choapas,1,23,0,67,Moderate
United States of America,Lauderdale Lakes,1,30,2,28,Good
Germany,Laupheim,1,55,0,63,Moderate
France,Le Pont De Claix,1,41,0,55,Moderate
Belgium,Lebbeke,1,38,2,51,Moderate
Canada,Leduc,1,24,4,46,Good
Spain,Lepe,1,41,0,16,Good
Indonesia,Lhokseumawe,2,21,2,88,Moderate
Costa Rica,Liberia,1,27,0,28,Good
Slovakia,Liptovsky Mikulas,1,45,0,65,Moderate
Germany,Lorrach,1,53,0,62,Moderate
Portugal,Loures,1,42,1,17,Good
Russian Federation,Luchegorsk,2,25,8,36,Good
Luxembourg,Luxemburg,1,50,0,63,Moderate
Benin,Savalou,1,30,0,54,Moderate
United Kingdom of Great Britain and Northern Ireland,Seaham,1,38,0,43,Good
Portugal,Senhora Da Hora,0,41,1,21,Good
Italy,Senigallia,1,69,0,82,Moderate
Russian Federation,Serafimovskiy,1,40,0,8,Good
Malaysia,Seremban,3,14,12,140,Unhealthy for Sensitive Groups
Russian Federation,Sergach,1,35,1,30,Good
Brazil,Seropedica,1,28,3,70,Moderate
Russian Federation,Sheregesh,1,30,0,20,Good
United States of America,Sherrelwood,1,32,4,42,Good
Japan,Shimizu,2,26,6,70,Moderate
China,Shouguang,6,72,19,166,Unhealthy
India,Sikandra Rao,5,37,20,178,Unhealthy
Brazil,Silva Jardim,0,26,0,30,Good
Pakistan,Sinjhoro,1,26,2,158,Unhealthy
Poland,Skierniewice,1,41,0,34,Good
Russian Federation,Slantsy,1,35,0,6,Good
Japan,Sobue,3,7,26,136,Unhealthy for Sensitive Groups
Japan,Sodegaura,1,31,12,67,Moderate
Argentina,Rosario,1,23,2,57,Moderate
Oman,Ruwi,2,125,5,159,Unhealthy
Russian Federation,Ryazan,1,35,3,37,Good
Germany,Saarbrucken,1,54,0,67,Moderate
United States of America,Saint Louis Park,1,30,2,53,Moderate
Belgium,Saint Ghislain,1,42,1,55,Moderate
France,Saint Martin Boulogne,1,35,0,26,Good
Madagascar,Sakaraha,0,23,0,29,Good
Germany,Salzwedel,1,43,0,24,Good
Indonesia,Samarinda,1,7,2,57,Moderate
Indonesia,Sampang,1,20,0,53,Moderate
Venezuela (Bolivarian Republic of),San Jose De Guanipa,0,18,0,32,Good
Philippines,San Luis,2,26,8,144,Unhealthy for Sensitive Groups
United States of America,San Marino,3,22,22,106,Unhealthy for Sensitive Groups
Italy,San Pietro Vernotico,1,72,0,75,Moderate
Italy,San Prisco,1,69,0,55,Moderate
India,Sandi,3,55,6,160,Unhealthy
Costa Rica,Santa Cruz,1,30,0,53,Moderate
Brazil,Santa Maria Do Para,0,17,0,23,Good
Philippines,Santiago,1,13,6,62,Moderate
Brazil,Sao Carlos,1,21,1,67,Moderate
Brazil,Sao Jose Do Campestre,0,26,0,23,Good
United States of America,Channelview,1,19,4,100,Unhealthy for Sensitive Groups
United States of America,Cherryland,1,30,10,45,Good
Colombia,Chia,2,4,10,91,Moderate
China,Chiali,2,108,4,100,Unhealthy for Sensitive Groups
Italy,Chiaravalle,1,36,6,61,Moderate
Zimbabwe,Chitungwiza,3,14,2,63,Moderate
Brazil,Chuy,1,7,1,16,Good
Colombia,Cienaga,1,15,0,66,Moderate
Indonesia,Cikeruh,1,39,1,76,Moderate
Indonesia,Cimahi,2,93,1,104,Unhealthy for Sensitive Groups
Italy,Cittanova,1,46,1,53,Moderate
United States of America,Clemmons,2,33,11,63,Moderate
Mexico,Coacalco,5,5,19,180,Unhealthy
Italy,Codigoro,2,29,8,59,Moderate
Chile,Coihaique,1,0,4,27,Good
Italy,Cologno Monzese,2,30,8,75,Moderate
Cuba,Colombia,1,19,2,50,Good
Italy,Creazzo,2,45,4,58,Moderate
United States of America,Crowley,1,23,2,132,Unhealthy for Sensitive Groups
Venezuela,Cumana,1,16,1,33,Good
Brazil,Curaca,0,14,0,12,Good
United States of America,Cutlerville,1,31,3,37,Good
Côte d'Ivoire,Dabou,2,23,2,61,Moderate
Poland,Dabrowa Tarnowska,1,33,2,81,Moderate
Bangladesh,Sarishabari,3,88,1,62,Moderate
India,Satana,0,25,0,139,Unhealthy for Sensitive Groups
India,Savantvadi,0,22,0,80,Moderate
Italy,Savignano Sul Rubicone,1,37,4,74,Moderate
France,Savigny Sur Orge,2,20,6,73,Moderate
Thailand,Sawang Daen Din,1,29,0,49,Good
Netherlands,Schiedam,1,31,3,20,Good
Italy,Schio,2,36,5,59,Moderate
United States of America,Seattle,1,31,5,36,Good
United States of America,Sedalia,1,34,2,57,Moderate
Iran (Islamic Republic of),Semirom,1,41,0,130,Unhealthy for Sensitive Groups
Turkey,Serik,1,40,0,54,Moderate
United States of America,Seymour,3,6,35,84,Moderate
United States of America,Sharonville,2,26,17,71,Moderate
India,Shegaon,1,32,0,152,Unhealthy
India,Shergarh,4,168,1,165,Unhealthy
Japan,Shibata,1,37,2,14,Good
United States of America,Shrewsbury,3,10,18,76,Moderate
Indonesia,Sigli,1,35,0,40,Good
United States of America,Simi Valley,2,29,14,62,Moderate
United States of America,Simpsonville,2,45,4,61,Moderate
India,Sitapur,4,188,1,185,Unhealthy
United Kingdom of Great Britain and Northern Ireland,Sittingbourne,0,34,1,18,Good
Indonesia,Situbondo,1,32,0,51,Moderate
Poland,Skwierzyna,1,37,1,61,Moderate
Ukraine,Snihurivka,1,40,0,19,Good
United States of America,Socastee,2,40,2,35,Good
Japan,Soka,1,36,3,26,Good
Turkey,Soke,1,54,1,94,Moderate
Guatemala,Soloma,2,4,6,64,Moderate
India,Srimushnam,1,30,1,69,Moderate
Slovakia,Stara Tura,1,42,1,85,Moderate
Russian Federation,Staroderevyankovskaya,1,42,0,11,Good
United States of America,Stockton,1,28,8,34,Good
Colombia,Suan,2,15,6,92,Moderate
India,Sulur,0,24,0,49,Good
Germany,Sundern,1,37,1,43,Good
Colombia,San Onofre,2,10,4,56,Moderate
Guatemala,San Pablo Jocopilas,3,6,13,100,Unhealthy for Sensitive Groups
Guatemala,Santa Cruz Del Quiche,2,7,6,75,Moderate
Brazil,Santa Quiteria,1,11,1,41,Good
Brazil,Sao Roque,3,5,13,144,Unhealthy for Sensitive Groups
Russian Federation,Morozovsk,1,40,0,46,Good
United States of America,Morristown,2,36,8,73,Moderate
Congo,Mossendjo,2,30,0,87,Moderate
India,Moth,1,55,0,214,Very Unhealthy
Japan,Motomiya,1,36,2,16,Good
Italy,Mottola,1,45,2,58,Moderate
Kenya,Mumias,11,26,6,150,Unhealthy
India,Mushabani,3,118,1,154,Unhealthy
Slovakia,Myjava,1,37,2,82,Moderate
Thailand,Nakhon Pathom,0,24,0,35,Good
China,Nanzhou,3,152,4,113,Unhealthy
India,Naraina,1,40,0,297,Very Unhealthy
India,Navadwip,4,141,2,157,Unhealthy
Brazil,Nazare Da Mata,0,17,2,38,Good
Mexico,Nealtican,2,11,8,134,Unhealthy for Sensitive Groups
Guatemala,Nebaj,2,3,6,71,Moderate
Brazil,Nepomuceno,2,2,4,55,Moderate
Russian Federation,Nevel,1,33,0,11,Good
Nigeria,Nguru,3,36,1,86,Moderate
United States of America,Nicholasville,1,44,4,61,Moderate
India,Nimaj,1,35,0,225,Very Unhealthy
Nicaragua,Nindiri,1,17,2,62,Moderate
Germany,Lahstedt,1,35,1,36,Good
Netherlands,Landsmeer,0,32,2,15,Good
United States of America,Langley Park,1,39,6,43,Good
Indonesia,Lawang,2,40,1,83,Moderate
Netherlands,Leek,0,33,0,14,Good
United Kingdom of Great Britain and Northern Ireland,Leicester,1,16,10,33,Good
Albania,Librazhd,1,42,0,67,Moderate
United States of America,Millbrook,1,34,2,64,Moderate
United States of America,Milwaukie,2,10,14,52,Moderate
United States of America,Mission Bend,1,18,4,89,Moderate
Japan,Miyazu,1,44,0,36,Good
Japan,Mizunami,1,38,1,24,Good
Austria,Modling,1,50,1,56,Moderate
South Africa,Mondlo,1,19,1,48,Good
France,Morangis,1,23,5,67,Moderate
India,Macherla,1,26,1,69,Moderate
Egypt,Madinat Sittah Uktubar,2,62,4,77,Moderate
Spain,Madridejos,1,25,2,15,Good
India,Madukkur,1,35,0,70,Moderate
Sierra Leone,Magburaka,1,19,0,57,Moderate
Germany,Magdeburg,1,36,1,42,Good
Indonesia,Magelang,1,32,0,60,Moderate
Italy,Magenta,2,29,7,75,Moderate
Iran (Islamic Republic of),Maku,1,39,0,57,Moderate
India,Malihabad,4,179,1,199,Unhealthy
Pakistan,Mamu Kanjan,2,135,1,188,Unhealthy
Brazil,Mandaguari,1,14,1,49,Good
Greece,Mandra,1,45,0,56,Moderate
Italy,Marcon,2,30,7,63,Moderate
Pakistan,Mardan,3,162,1,154,Unhealthy
Germany,Markdorf,2,24,7,49,Good
Germany,Marktredwitz,1,45,1,58,Moderate
Nicaragua,Masaya,1,17,2,61,Moderate
Zimbabwe,Masvingo,1,15,0,34,Good
Sri Lanka,Matale,0,19,0,53,Moderate
Brazil,Mauriti,0,12,1,20,Good
Myanmar,Mawlaik,1,19,0,11,Good
Brazil,Medina,0,15,0,17,Good
Germany,Meerbusch,1,31,3,43,Good
Kazakhstan,Lisakovsk,1,34,0,22,Good
China,Liuhe,2,48,0,40,Good
Botswana,Lobatse,2,18,3,68,Moderate
Italy,Locri,1,44,1,50,Good
France,Louviers,1,30,2,54,Moderate
Serbia,Loznica,1,33,0,68,Moderate
Poland,Lubon,1,33,2,85,Moderate
Brazil,Luziania,1,10,2,43,Good
China,Pingchen,1,43,1,56,Moderate
India,Pirawa,1,36,0,197,Unhealthy
Germany,Pirna,1,35,2,78,Moderate
Brazil,Pocos De Caldas,1,9,4,66,Moderate
Spain,Olivenza,1,36,1,11,Good
Turkey,Oltu,0,35,0,25,Good
Belgium,Oosterzele,1,27,5,44,Good
Czechia,Opava,1,41,1,88,Moderate
Brazil,Oros,0,13,1,30,Good
France,Orsay,2,20,7,75,Moderate
Bolivia (Plurinational State of),Oruro,0,9,0,12,Good
Italy,Ospitaletto,2,42,5,79,Moderate
United Kingdom of Great Britain and Northern Ireland,Ossett,1,12,10,59,Moderate
Germany,Ostringen,1,43,3,49,Good
Romania,Otelu Rosu,1,39,0,52,Moderate
Spain,Paiporta,1,26,1,27,Good
United States of America,Panthersville,2,32,9,64,Moderate
Mexico,Panuco,1,18,3,100,Unhealthy for Sensitive Groups
Brazil,Passa Quatro,2,5,4,62,Moderate
India,Pathri,1,31,0,94,Moderate
Italy,Pavullo Nel Frignano,1,45,1,95,Moderate
Dominican Republic,Pedernales,1,17,2,46,Good
Ecuador,Pelileo,1,1,2,42,Good
India,Pen,0,23,0,109,Unhealthy for Sensitive Groups
Zambia,Petauke,0,20,0,27,Good
United States of America,Pewaukee,1,32,6,41,Good
Italy,Sabaudia,1,45,1,54,Moderate
Libya,Sabha,1,24,0,102,Unhealthy for Sensitive Groups
France,Sable Sur Sarthe,1,23,3,64,Moderate
Romania,Sacele,1,40,0,15,Good
France,Saint Max,1,27,3,57,Moderate
Hungary,Sajoszentpeter,1,35,2,88,Moderate
Bangladesh,Sakhipur,3,74,2,63,Moderate
Greece,Salamis,1,45,0,58,Moderate
Italy,Salzano,2,32,7,62,Moderate
Thailand,Phitsanulok,0,24,0,51,Moderate
Bulgaria,Pleven,1,37,1,35,Good
Poland,Plock,1,31,1,84,Moderate
France,Pontoise,1,23,5,63,Moderate
Portugal,Portimao,1,35,3,22,Good
Slovakia,Prievidza,1,42,0,75,Moderate
United States of America,Pullman,1,30,1,23,Good
Costa Rica,Quesada,2,0,8,71,Moderate
United States of America,North Valley,1,27,5,59,Moderate
Poland,Nowy Targ,1,36,1,77,Moderate
Sweden,Nybro,1,46,0,73,Moderate
Nigeria,Oka,2,22,1,87,Moderate
India,Ranikhet,2,82,0,105,Unhealthy for Sensitive Groups
Thailand,Ranot,2,42,0,70,Moderate
India,Rasra,4,158,1,150,Unhealthy
Germany,Rastede,0,34,0,14,Good
India,Rawatsar,2,120,0,162,Unhealthy
Russian Federation,Rayevskiy,1,31,0,37,Good
United States of America,Raynham,2,19,17,65,Moderate
Germany,Rees,1,31,2,25,Good
Brazil,Reriutaba,1,7,2,50,Good
Lithuania,Rokiskis,1,35,0,28,Good
Paraguay,Mariano Roque Alonso,0,16,0,30,Good
Spain,Marin,1,35,1,20,Good
India,Markapur,2,47,2,128,Unhealthy for Sensitive Groups
Germany,Markt Schwaben,1,65,0,68,Moderate
Turkey,Marmaris,1,80,1,45,Moderate
Japan,Masaki,1,39,4,52,Moderate
Libya,Masallatah,1,57,1,96,Moderate
France,Massy,1,44,2,72,Moderate
Italy,Matino,1,66,0,60,Moderate
United States of America,Maynard,1,40,1,44,Good
France,Mazamet,1,41,0,47,Good
Algeria,Medea,1,57,1,70,Moderate
Italy,Melilli,1,49,0,101,Unhealthy for Sensitive Groups
France,Mende,1,39,0,44,Good
Canada,Midland,1,21,0,36,Good
Japan,Mikasa,1,32,3,42,Good
Russian Federation,Mikhaylov,1,37,1,27,Good
United Kingdom of Great Britain and Northern Ireland,Milton Keynes,1,29,1,34,Good
United States of America,Minot,1,28,1,49,Good
Italy,Mirano,1,65,0,88,Moderate
Greece,Mitilini,1,60,1,50,Moderate
Brazil,Moju,0,16,0,33,Good
Ecuador,Montalvo,1,22,2,48,Good
France,Montataire,1,47,0,61,Moderate
Brazil,Monte Carmelo,1,23,0,25,Good
Italy,Montespertoli,1,78,0,40,Moderate
India,Motihari,4,47,5,146,Unhealthy for Sensitive Groups
Peru,Moyobamba,1,6,0,32,Good
Uganda,Mpigi,2,17,1,85,Moderate
Zambia,Mufulira,1,26,0,47,Good
India,Muragachha,6,21,15,166,Unhealthy
Pakistan,Muridke,6,43,13,182,Unhealthy
Russian Federation,Muromtsevo,1,30,0,30,Good
United States of America,Murray,1,52,1,63,Moderate
Ireland,Naas,1,41,0,40,Good
Indonesia,Nabire,1,7,0,24,Good
India,Nagercoil,1,26,1,59,Moderate
Germany,Neckarsulm,1,56,0,66,Moderate
Russian Federation,Nezlobnaya,1,42,1,33,Good
Serbia,Nis,1,49,0,54,Moderate
United States of America,Nixa,1,43,0,65,Moderate
United States of America,Noblesville,1,41,1,56,Moderate
Poland,Nowe Miasto Lubawskie,1,40,0,19,Good
Mexico,Nuevo Laredo,0,25,0,47,Good
Russian Federation,Nyandoma,1,29,0,12,Good
Colombia,Ocana,1,21,0,55,Moderate
Ukraine,Odesa,1,34,1,48,Good
India,Rasipuram,2,30,4,99,Moderate
Russian Federation,Rasskazovo,1,35,1,48,Good
Thailand,Ratchaburi,2,7,8,98,Moderate
India,Raybag,3,18,7,135,Unhealthy for Sensitive Groups
Germany,Rendsburg,1,45,0,22,Good
United States of America,Ridgewood,1,45,2,52,Moderate
Brazil,Rio Brilhante,1,13,0,38,Good
India,Rishra,12,1,28,222,Very Unhealthy
Turkey,Rize,1,37,0,44,Good
Japan,Onoda,1,58,2,56,Moderate
Poland,Opole,1,45,0,51,Moderate
Russian Federation,Orsk,1,34,1,136,Unhealthy for Sensitive Groups
Russian Federation,Otradnyy,1,42,0,13,Good
Romania,Ovidiu,1,42,0,39,Good
Poland,Pabianice,1,41,1,46,Good
India,Padmanabhapuram,1,26,1,63,Moderate
Malaysia,Paka,1,22,4,65,Moderate
India,Pallapatti,2,21,4,82,Moderate
France,Pierre Benite,1,56,0,69,Moderate
Italy,Pinerolo,1,47,0,69,Moderate
France,Plan De Cuques,1,48,3,40,Good
Nepal,Pokhara,2,24,1,94,Moderate
Poland,Polkowice,1,44,0,37,Good
Russian Federation,Poronaysk,2,29,3,17,Good
Russian Federation,Pospelikha,1,28,1,23,Good
Panama,Puerto Armuelles,1,29,0,29,Good
India,Puruliya,3,35,5,146,Unhealthy for Sensitive Groups
Myanmar,Pyapon,1,29,0,32,Good
Brazil,Quixere,0,23,0,22,Good
Bangladesh,Ramganj,2,17,5,79,Moderate
India,Panipat,5,49,13,174,Unhealthy
Turkey,Pasinler,0,41,0,45,Good
Uzbekistan,Paytug,1,30,12,124,Unhealthy for Sensitive Groups
United States of America,Peabody,1,38,1,45,Good
Russian Federation,Pechora,1,17,1,17,Good
Indonesia,Pedan,10,6,20,193,Unhealthy
Brazil,Penedo,0,23,0,10,Good
United Kingdom of Great Britain and Northern Ireland,Penzance,1,28,6,35,Good
Argentina,Pergamino,1,23,1,33,Good
India,Periyanayakkanpalaiyam,2,18,4,75,Moderate
Italy,Pescia,1,73,0,40,Moderate
Pakistan,Peshawar,4,107,4,192,Unhealthy
Haiti,Petionville,1,32,1,114,Unhealthy for Sensitive Groups
United States of America,Westminster,3,13,25,95,Moderate
Germany,Wilhelmshaven,1,24,5,52,Moderate
South Africa,Witrivier,4,18,7,163,Unhealthy
China,Wucheng,3,39,2,83,Moderate
China,Xinmin,2,69,1,50,Moderate
China,Xiongshi,3,48,5,98,Moderate
Japan,Yamasaki,1,33,2,32,Good
China,Yangshan,5,195,4,165,Unhealthy
India,Vikarabad,1,40,1,101,Unhealthy for Sensitive Groups
Brazil,Vila Velha,1,15,2,57,Moderate
Portugal,Vilar De Andorinho,1,30,3,20,Good
Brazil,Vitorino Freire,1,6,1,27,Good
Brazil,Volta Redonda,4,2,9,125,Unhealthy for Sensitive Groups
Ukraine,Vyshhorod,1,39,1,37,Good
United States of America,Wabash,2,22,13,62,Moderate
Pakistan,Wah,3,146,0,166,Unhealthy
Canada,Wallaceburg,2,17,18,71,Moderate
Germany,Walsrode,1,40,3,63,Moderate
Indonesia,Waru,3,117,1,155,Unhealthy
Germany,Halstenbek,0,33,1,31,Good
India,Handia,1,90,1,189,Unhealthy
United States of America,Hanover Park,2,27,14,60,Moderate
India,Hansi,1,55,0,464,Hazardous
Japan,Hasuda,1,44,4,45,Good
Germany,Hessisch Oldendorf,0,33,1,38,Good
United States of America,Goodyear,1,20,9,52,Moderate
Italy,Gorgonzola,1,36,4,63,Moderate
Germany,Gotha,0,30,1,30,Good
United Kingdom of Great Britain and Northern Ireland,Ilkeston,1,11,12,52,Moderate
Germany,Ilmenau,0,29,1,28,Good
Russian Federation,Ipatovo,1,40,0,23,Good
Denmark,Ishoj,0,32,1,35,Good
Brazil,Ituiutaba,1,10,1,25,Good
United States of America,Lake Wales,1,17,11,48,Good
Greece,Larisa,1,41,1,26,Good
Brazil,Leme,2,9,5,67,Moderate
United States of America,Lilburn,2,34,7,60,Moderate
China,Lingao,1,28,0,59,Moderate
United Kingdom of Great Britain and Northern Ireland,Litherland,1,25,3,27,Good
United States of America,Little Elm,1,20,6,59,Moderate
Czechia,Litvinov,1,20,6,44,Good
United Kingdom of Great Britain and Northern Ireland,London,1,11,11,40,Good
France,Lons,1,36,1,25,Good
Poland,Lowicz,1,34,1,27,Good
Lao People's Democratic Republic,Luang Prabang,0,19,0,23,Good
Belgium,Lubbeek,1,26,3,35,Good
Estonia,Maardu,1,23,7,20,Good
Thailand,Maha Sarakham,0,28,0,58,Moderate
Belgium,Maldegem,0,32,1,31,Good
Italy,Manerbio,1,38,4,70,Moderate
India,Manikpur,1,39,1,185,Unhealthy
Brazil,Mantena,1,8,2,29,Good
Russian Federation,Kholmsk,0,33,0,7,Good
Qatar,Khor,1,114,1,151,Unhealthy
Germany,Kirchlengern,0,27,2,36,Good
Democratic Republic of the Congo,Kisangani,6,15,3,166,Unhealthy
United Republic of Tanzania,Kisarawe,0,22,0,44,Good
United Republic of Tanzania,Kiwira,0,15,0,21,Good
India,Kochinda,1,46,0,162,Unhealthy
Sierra Leone,Koindu,2,4,0,53,Moderate
Niger,Kollo,2,18,1,39,Good
Czechia,Koprivnice,1,20,8,69,Moderate
Serbia,Kosovska Mitrovica,1,35,1,66,Moderate
Russian Federation,Kotovsk,1,30,1,41,Good
Mali,Koulikoro,1,10,0,52,Moderate
Czechia,Kralupy Nad Vltavou,1,24,5,52,Moderate
Russian Federation,Krasnoobsk,1,43,1,34,Good
Switzerland,Kriens,1,23,2,31,Good
Malaysia,Kuala Kangsar,2,74,0,84,Moderate
Malaysia,Kuala Pilah,1,38,1,64,Moderate
Gambia,Kuntaur,1,24,0,150,Unhealthy
Japan,Kurobe,1,41,0,26,Good
Russian Federation,Kushnarenkovo,1,28,1,26,Good
Poland,Kwidzyn,1,30,1,28,Good
United States of America,La Quinta,1,37,3,58,Moderate
Colombia,La Tebaida,2,0,7,93,Moderate
Brazil,Lagarto,0,15,1,26,Good
Brazil,Lagoa Vermelha,0,15,0,12,Good
Venezuela (Bolivarian Republic of),Lagunillas,1,14,5,71,Moderate
Japan,Habikino,1,47,0,23,Good
United States of America,Hammond,1,18,6,61,Moderate
United States of America,Hamtramck,4,9,25,150,Unhealthy
China,Hanchuan,5,163,5,157,Unhealthy
Romania,Harlau,1,45,0,62,Moderate
Denmark,Haslev,0,33,0,36,Good
Ukraine,Haysyn,1,43,0,66,Moderate
United States of America,Helena,1,16,3,23,Good
Japan,Hikone,1,46,0,23,Good
Brazil,Hortolandia,5,1,12,154,Unhealthy
United States of America,Huntington,1,23,16,63,Moderate
Brazil,Ibotirama,0,11,1,19,Good
Brazil,Ico,0,16,1,31,Good
Netherlands,Ijsselstein,0,34,1,26,Good
Brazil,Ilhabela,2,10,7,65,Moderate
Thailand,Kamphaeng Phet,1,25,0,162,Unhealthy
Indonesia,Kanigoro,1,24,0,38,Good
Uganda,Kapchorwa,2,27,0,69,Moderate
India,Karad,0,24,0,78,Moderate
Russian Federation,Karasuk,1,32,0,25,Good
Sweden,Karlshamn,1,34,0,30,Good
Japan,Kashima,1,59,0,23,Moderate
Belgium,Kasterlee,0,29,2,31,Good
Japan,Katano,1,46,0,24,Good
United Republic of Tanzania,Katumba,1,12,0,30,Good
Indonesia,Kedungwuni,2,46,1,83,Moderate
Israel,Kefar Yona,1,44,7,93,Moderate
Canada,Kenora,1,34,0,54,Moderate
Canada,Kentville,1,50,0,57,Moderate
Netherlands,Kerkrade,1,22,3,35,Good
Pakistan,Jacobabad,1,67,1,168,Unhealthy
India,Jalalpore,0,24,0,148,Unhealthy for Sensitive Groups
India,Jhinjhak,1,47,1,277,Very Unhealthy
India,Jhinjhana,4,90,9,361,Hazardous
Somalia,Jilib,0,20,0,28,Good
South Sudan,Juba,1,22,0,51,Moderate
Germany,Juterbog,0,30,1,30,Good
Senegal,Kaffrine,1,26,2,151,Unhealthy
Greece,Kalimnos,1,47,0,19,Good
Republic of North Macedonia,Kamenjane,1,43,0,60,Moderate
Japan,Kamo,1,41,0,30,Good
Germany,Abensberg,1,38,3,54,Moderate
Côte d'Ivoire,Aboisso,2,23,1,55,Moderate
France,Acheres,1,22,5,67,Moderate
Ethiopia,Addis Zemen,1,27,0,93,Moderate
Australia,Adelaide,0,24,1,44,Good
Romania,Adjud,1,36,0,16,Good
Chad,Adre,2,19,1,34,Good
Italy,Agropoli,1,48,0,48,Good
Azerbaijan,Agstafa,1,35,0,18,Good
India,Ahwa,0,24,0,146,Unhealthy for Sensitive Groups
Uzbekistan,Aktash,1,45,0,93,Moderate
Italy,Albenga,1,45,1,74,Moderate
United States of America,Albertville,2,35,4,69,Moderate
Mexico,Aldama,1,18,1,94,Moderate
Russian Federation,Aleksandrovsk Sakhalinskiy,1,24,0,43,Good
Ecuador,Alfredo Baquerizo Moreno,1,12,6,54,Moderate
Canada,Ingersoll,1,31,3,34,Good
Brazil,Ipora,1,12,1,46,Good
United Kingdom of Great Britain and Northern Ireland,Ipswich,0,31,2,12,Good
Brazil,Itaberai,1,11,1,36,Good
Japan,Iwanuma,1,41,1,43,Good
India,Jalor,1,34,0,198,Unhealthy
Poland,Jaworzno,1,41,2,85,Moderate
India,Jhansi,1,48,0,218,Very Unhealthy
Guatemala,Jocotenango,3,2,11,126,Unhealthy for Sensitive Groups
Brazil,Joinville,4,3,8,105,Unhealthy for Sensitive Groups
Spain,Jumilla,1,32,0,20,Good
Uganda,Kaberamaido,2,21,0,68,Moderate
India,Kadur,0,21,0,30,Good
United Republic of Tanzania,Kahama,1,15,0,15,Good
Thailand,Kalasin,1,28,0,43,Good
Bangladesh,Kalia,4,93,2,158,Unhealthy
India,Kalpi,2,94,0,202,Very Unhealthy
Ukraine,Kalush,1,31,2,54,Moderate
Republic of North Macedonia,Gostivar,1,41,0,52,Moderate
Brazil,Gravatai,1,13,4,64,Moderate
United States of America,Greenfield,1,29,9,50,Good
Brazil,Guararema,6,1,16,159,Unhealthy
United States of America,Guttenberg,3,11,31,116,Unhealthy for Sensitive Groups
Zimbabwe,Gwanda,2,16,1,53,Moderate
Japan,Hagi,1,38,0,18,Good
China,Hailin,1,42,0,62,Moderate
Japan,Hakui,1,56,1,30,Moderate
India,Haldwani,2,124,0,139,Unhealthy for Sensitive Groups
India,Hamirpur,2,104,1,195,Unhealthy
United States of America,Hawaiian Gardens,3,6,34,97,Moderate
United States of America,Henderson,1,35,6,52,Moderate
Belgium,Herk De Stad,1,29,3,48,Good
Uruguay,Fray Bentos,1,14,1,38,Good
Germany,Freising,1,43,2,51,Moderate
Russian Federation,Fryanovo,2,11,26,81,Moderate
Nigeria,Funtua,2,22,1,65,Moderate
China,Fuyang,3,149,3,132,Unhealthy for Sensitive Groups
Sri Lanka,Galle,0,21,0,41,Good
Sri Lanka,Gampola,0,18,1,54,Moderate
Afghanistan,Gardez,0,40,0,82,Moderate
Nigeria,Gashua,2,35,1,94,Moderate
India,Gaurela,1,52,0,178,Unhealthy
Italy,Gavardo,2,27,6,58,Moderate
India,Ghatampur,2,121,1,204,Very Unhealthy
Germany,Gifhorn,0,35,1,28,Good
Germany,Gilching,1,42,2,48,Good
Eritrea,Ginda,1,33,0,94,Moderate
United States of America,Holladay,1,15,11,48,Good
United States of America,Hope Mills,2,35,5,55,Moderate
United States of America,Hopkinsville,2,43,6,66,Moderate
Belarus,Horki,1,32,0,12,Good
China,Hsilo,2,56,7,61,Moderate
Brazil,Iacu,0,12,0,10,Good
Russian Federation,Iglino,1,31,2,41,Good
Sri Lanka,Colombo,0,27,0,56,Moderate
Indonesia,Comal,2,55,1,102,Unhealthy for Sensitive Groups
United States of America,Compton,4,8,35,117,Unhealthy for Sensitive Groups
Brazil,Correia Pinto,0,18,0,14,Good
United Kingdom of Great Britain and Northern Ireland,Coventry,0,30,1,25,Good
United States of America,Cranston,1,44,5,71,Moderate
Brazil,Cuiaba,1,7,0,59,Moderate
France,Cusset,1,29,1,39,Good
China,Daan,8,39,26,163,Unhealthy
Germany,Gladenbach,1,32,3,32,Good
Canada,Goderich,1,23,0,25,Good
Indonesia,Gondanglegi,1,29,0,50,Good
India,Gorakhpur,3,161,1,296,Very Unhealthy
Russian Federation,Gorokhovets,1,30,0,12,Good
Germany,Goslar,1,38,1,25,Good
United States of America,Grand Terrace,2,9,20,79,Moderate
United Kingdom of Great Britain and Northern Ireland,Grantham,0,29,1,28,Good
Brazil,Guanambi,0,11,0,13,Good
China,Guangyuan,4,157,1,158,Unhealthy
Venezuela (Bolivarian Republic of),Guatire,1,19,3,51,Moderate
France,Franconville,1,19,5,50,Good
United States of America,Franklin Lakes,1,44,4,52,Moderate
Switzerland,Frauenfeld,1,27,2,41,Good
United States of America,Fredonia,1,32,4,35,Good
Germany,Freiburg,1,30,1,32,Good
Mexico,Frontera,3,20,4,106,Unhealthy for Sensitive Groups
China,Fuling,6,110,5,151,Unhealthy
Portugal,Funchal,0,35,0,17,Good
Lithuania,Garliava,1,33,0,46,Good
Indonesia,Garut,1,33,1,69,Moderate
Turkey,Genc,1,44,0,81,Moderate
Italy,Giaveno,1,30,1,39,Good
France,Gif Sur Yvette,1,20,4,46,Good
China,Erhlin,3,134,11,121,Unhealthy for Sensitive Groups
Germany,Erkrath,1,33,2,30,Good
United States of America,Escanaba,1,32,1,29,Good
Iran (Islamic Republic of),Esfarayen,1,40,0,95,Moderate
Belgium,Esneux,1,26,4,43,Good
United States of America,Evans,2,8,13,70,Moderate
United States of America,Evansville,2,28,14,63,Moderate
United States of America,Fair Lawn,1,43,5,56,Moderate
United States of America,Fairland,1,43,5,54,Moderate
Portugal,Fatima,0,27,1,35,Good
Belgium,Florennes,1,23,4,41,Good
Guatemala,Flores Costa Cuca,3,13,11,100,Unhealthy for Sensitive Groups
Cambodia,Kampong Chhnang,0,16,0,21,Good
Russian Federation,Kamyshlov,1,32,0,23,Good
Finland,Kankaanpaa,1,35,0,14,Good
India,Kannangad,1,25,0,77,Moderate
Russian Federation,Karabudakhkent,1,42,0,69,Moderate
Indonesia,Karangasem,1,26,0,44,Good
Indonesia,Karawang,3,124,1,91,Unhealthy for Sensitive Groups
Czechia,Karlovy Vary,1,33,4,68,Moderate
Turkey,Kars,0,40,0,31,Good
Greece,Kavala,1,40,0,84,Moderate
Bulgaria,Kavarna,1,44,0,41,Good
Russian Federation,Kazanskaya,1,36,0,17,Good
Kyrgyzstan,Kemin,0,43,0,78,Moderate
Finland,Kempele,1,31,1,11,Good
Slovakia,Kezmarok,1,40,0,60,Moderate
Ireland,Drogheda,1,24,4,58,Moderate
Russian Federation,Dubovka,1,38,0,9,Good
South Africa,Durban,3,25,4,90,Moderate
Turkey,Duzce,1,40,0,54,Moderate
Italy,Eboli,1,45,1,42,Good
France,Echirolles,3,1,25,40,Good
Nigeria,Eha Amufu,3,20,3,96,Moderate
Colombia,El Copey,2,8,4,69,Moderate
Brazil,Elesbao Veloso,1,9,1,34,Good
Malaysia,Kuala Krai,1,27,0,64,Moderate
Malaysia,Kulai,1,61,3,151,Unhealthy
Pakistan,Kundian,3,139,0,174,Unhealthy
Australia,Kurri Kurri,1,2,16,52,Moderate
Japan,Kurume,1,33,1,14,Good
Dominican Republic,La Romana,1,18,2,125,Unhealthy for Sensitive Groups
Bangladesh,Khulna,1,29,1,53,Moderate
United Kingdom of Great Britain and Northern Ireland,Kingswood,1,23,6,32,Good
India,Kishanganj,2,42,1,62,Moderate
Denmark,Kolding,1,38,1,38,Good
Bulgaria,Kostinbrod,1,46,1,83,Moderate
Russian Federation,Kovrov,1,28,4,52,Moderate
Romania,Falticeni,1,38,1,71,Moderate
Italy,Favara,1,34,4,52,Moderate
Italy,Figline Valdarno,1,36,2,19,Good
United States of America,Flagstaff,1,25,2,39,Good
Brazil,Praia Grande,4,1,21,154,Unhealthy
Russian Federation,Progress,1,35,0,24,Good
India,Pulgaon,0,29,0,154,Unhealthy
Philippines,Pulilan,1,23,1,63,Moderate
Netherlands,Putten,0,34,1,35,Good
Iran (Islamic Republic of),Qeshm,1,75,0,150,Unhealthy
China,Qixia,3,132,1,96,Unhealthy for Sensitive Groups
Viet Nam,Qui Nhon,1,23,0,47,Good
Germany,Radebeul,1,27,4,50,Good
United States of America,Rancho Santa Margarita,2,13,18,68,Moderate
Brazil,Raposos,3,1,9,111,Unhealthy for Sensitive Groups
Germany,Raunheim,1,27,3,53,Moderate
Italy,Ravanusa,2,28,6,57,Moderate
India,Rayagada,1,30,1,145,Unhealthy for Sensitive Groups
Spain,Reinosa,1,34,1,15,Good
India,Rewa,1,51,0,190,Unhealthy
South Africa,Richards Bay,1,24,1,61,Moderate
Portugal,Rio Tinto,0,28,2,21,Good
Colombia,Rionegro,2,7,6,71,Moderate
United Republic of Tanzania,Rulenge,2,17,0,57,Moderate
United States of America,Rutland,2,9,5,54,Moderate
Colombia,Salamina,2,6,5,65,Moderate
Latvia,Salaspils,1,31,1,55,Moderate
Thailand,Sam Phran,1,24,0,55,Moderate
Mexico,San Juan De Las Huertas,2,10,8,76,Moderate
Poland,Sanok,1,39,0,77,Moderate
Brazil,Sao Joao Do Piaui,0,14,0,28,Good
Brazil,Sape,1,16,3,46,Good
India,Satwas,1,36,0,156,Unhealthy
Germany,Schwalmstadt,1,25,3,48,Good
Indonesia,Serang,4,195,3,161,Unhealthy
Iran (Islamic Republic of),Shahriyar,2,166,5,150,Unhealthy
China,Shangrao,4,142,2,100,Unhealthy for Sensitive Groups
Russian Federation,Ordzhonikidzevskaya,1,37,1,41,Good
Republic of Moldova,Orhei,1,36,0,44,Good
Brazil,Ortigueira,1,12,1,33,Good
Norway,Os,0,29,0,14,Good
Poland,Ostrow Wielkopolski,1,24,3,60,Moderate
United States of America,Ottumwa,1,36,3,51,Moderate
Haiti,Ouanaminthe,3,6,12,107,Unhealthy for Sensitive Groups
Nigeria,Owerri,8,16,7,141,Unhealthy for Sensitive Groups
Indonesia,Paciran,4,142,1,169,Unhealthy
Colombia,Pailitas,1,6,1,53,Moderate
Italy,Palombara Sabina,1,44,3,37,Good
Germany,Papenburg,0,36,0,34,Good
India,Pappinisseri,0,23,0,72,Moderate
Poland,Parczew,1,37,1,53,Moderate
United States of America,Parkersburg,2,36,3,28,Good
Germany,Pasewalk,0,34,1,32,Good
India,Patharia,1,39,0,184,Unhealthy
India,Patur,1,33,0,140,Unhealthy for Sensitive Groups
Indonesia,Perbaungan,2,41,0,76,Moderate
France,Perigueux,1,36,1,25,Good
Bulgaria,Petric,1,45,0,59,Moderate
Thailand,Phayakkhaphum Phisai,0,28,0,43,Good
Ukraine,Pidhorodne,1,39,2,13,Good
India,Pilibhit,3,165,1,156,Unhealthy
United States of America,Pinole,1,13,18,56,Moderate
Spain,Pinos Puente,1,24,2,16,Good
Bulgaria,Plovdiv,1,41,1,46,Good
Philippines,Polomolok,1,17,0,41,Good
United States of America,Pompano Beach,2,12,12,78,Moderate
Australia,Port Augusta,0,23,1,25,Good
Japan,Shizukuishi,1,28,1,16,Good
Ukraine,Shostka,1,36,0,13,Good
India,Shupiyan,1,48,0,107,Unhealthy for Sensitive Groups
Kazakhstan,Shymkent,1,46,0,74,Moderate
Germany,Siegen,1,26,3,49,Good
Honduras,Siguatepeque,1,5,3,71,Moderate
India,Sindi,1,30,0,171,Unhealthy
India,Singanallur,0,23,0,56,Moderate
Poland,Slawno,0,32,0,27,Good
Brazil,Sobradinho,1,12,1,19,Good
Viet Nam,Soc Trang,1,28,1,58,Moderate
Thailand,Nong Khai,0,26,0,49,Good
United States of America,North Charleston,1,31,7,53,Moderate
Brazil,Nova Olimpia,1,3,1,25,Good
Russian Federation,Novaya Lyalya,1,30,0,51,Moderate
Russian Federation,Novoshakhtinsk,1,38,1,12,Good
South Africa,Nylstroom,3,18,2,73,Moderate
Germany,Offenbach,1,27,3,52,Moderate
United Kingdom of Great Britain and Northern Ireland,Oldham,1,30,3,29,Good
Italy,Soliera,2,27,9,101,Unhealthy for Sensitive Groups
Denmark,Solrod,1,36,0,26,Good
Italy,Sora,1,42,1,43,Good
Brazil,Soure,1,16,0,52,Moderate
United States of America,South Daytona,1,24,8,61,Moderate
United States of America,South Euclid,1,45,4,34,Good
Russian Federation,Sovetsk,1,33,0,34,Good
South Africa,Stilfontein,10,17,13,175,Unhealthy
China,Suihua,2,72,1,100,Unhealthy for Sensitive Groups
India,Sulurpeta,1,28,0,70,Moderate
Angola,Sumbe,2,14,1,58,Moderate
Norway,Jessheim,0,35,1,24,Good
India,Jetalsar,0,30,0,151,Unhealthy
China,Jiupu,4,31,11,98,Moderate
Indonesia,Jogonalan,1,28,1,59,Moderate
United States of America,Joppatowne,1,44,4,57,Moderate
India,Julana,1,41,1,490,Hazardous
Guatemala,Jutiapa,3,5,10,82,Moderate
Nepal,Kalaiya,3,132,0,229,Very Unhealthy
India,Kalamb,1,26,0,123,Unhealthy for Sensitive Groups
Ukraine,Kalanchak,1,40,0,41,Good
India,Kalugumalai,1,29,0,52,Moderate
Japan,Kamogawa,1,44,1,44,Good
India,Imphal,1,41,0,60,Moderate
United Republic of Tanzania,Inyonga,1,17,0,36,Good
Turkey,Iskenderun,1,40,0,49,Good
Russian Federation,Istra,1,30,3,47,Good
Colombia,Itagui,4,1,8,120,Unhealthy for Sensitive Groups
Brazil,Itajuba,1,8,4,54,Moderate
Brazil,Itaperuna,2,0,5,57,Moderate
Japan,Itsukaichi,1,34,3,42,Good
Brazil,Ivoti,1,13,4,55,Moderate
India,Jalalabad,1,48,1,500,Hazardous
United Kingdom of Great Britain and Northern Ireland,Jarrow,0,30,1,34,Good
India,Jasdan,0,33,0,155,Unhealthy
Ethiopia,Hirna,1,19,0,71,Moderate
Viet Nam,Ho Chi Minh City,2,35,2,86,Moderate
Ukraine,Horodyshche,1,43,0,51,Moderate
China,Huainan,4,164,8,141,Unhealthy
Germany,Hude,1,33,2,26,Good
France,Hyeres,1,29,8,62,Moderate
Ecuador,Ibarra,1,8,2,30,Good
Brazil,Iguaba Grande,2,33,3,61,Moderate
Russian Federation,Guryevsk,1,40,1,25,Good
Belgium,Haaltert,1,24,4,40,Good
United States of America,Hamilton,1,31,8,45,Good
United States of America,Hays,1,37,1,62,Moderate
United States of America,Hercules,1,25,8,47,Good
Pakistan,Sarhari,1,41,0,165,Unhealthy
Netherlands,Schagen,1,38,2,34,Good
Russian Federation,Sertolovo,1,34,1,21,Good
Ethiopia,Shakiso,0,16,0,35,Good
Japan,Komae,1,52,4,50,Moderate
Bosnia and Herzegovina,Konjic,1,36,0,36,Good
Switzerland,Konstanz,1,31,2,102,Unhealthy for Sensitive Groups
Ethiopia,Korem,1,28,0,156,Unhealthy
Thailand,Kranuan,0,28,0,42,Good
Republic of North Macedonia,Kratovo,1,37,0,62,Moderate
Angola,Kuito,2,20,1,76,Moderate
Pakistan,Kulachi,2,100,0,177,Unhealthy
Russian Federation,Kuleshovka,1,37,2,17,Good
India,Kumher,1,47,0,319,Hazardous
India,Kundarki,4,185,1,157,Unhealthy
Russian Federation,Kurovskoye,1,31,3,26,Good
Sudan,Kusti,1,18,0,43,Good
Uzbekistan,Kuva,1,100,2,127,Unhealthy for Sensitive Groups
Australia,Kwinana,0,27,1,23,Good
France,La Celle Saint Cloud,1,18,7,63,Moderate
Nicaragua,La Paz Centro,1,16,3,39,Good
France,La Queue En Brie,1,19,6,58,Moderate
Spain,La Rinconada,1,28,2,24,Good
Brazil,Labrea,1,3,0,32,Good
Russian Federation,Ladozhskaya,1,34,0,39,Good
Nepal,Lahan,2,38,0,59,Moderate
Germany,Lahnstein,1,24,3,52,Moderate
Italy,Laives,1,21,5,99,Moderate
United States of America,Lake Zurich,2,22,20,61,Moderate
Poland,Lancut,1,35,2,98,Moderate
Thailand,Lat Yao,0,20,0,17,Good
Germany,Leichlingen,1,26,3,46,Good
Germany,Linkenheim Hochstetten,1,29,3,53,Moderate
United Kingdom,Llanelli,1,24,2,40,Good
Germany,Lohne,0,34,1,38,Good
Belgium,Lommel,1,29,3,39,Good
United States of America,Long Beach,1,25,12,51,Moderate
Philippines,Longos,1,25,1,52,Moderate
Spain,Lorca,1,25,1,18,Good
Philippines,Lutayan,1,24,0,53,Moderate
Switzerland,Lyss,1,29,1,80,Moderate
Russian Federation,Lyubertsy,1,19,15,60,Moderate
Netherlands,Maarsen,0,34,1,37,Good
India,Mahemdavad,1,39,0,158,Unhealthy
Brazil,Mairi,0,13,0,22,Good
Philippines,Makati,1,23,1,63,Moderate
Japan,Maki,1,41,0,26,Good
India,Malkera,3,135,2,184,Unhealthy
Sweden,Malmo,0,35,0,26,Good
India,Manasa,1,39,0,159,Unhealthy
Syrian Arab Republic,Manbij,1,42,0,71,Moderate
China,Maoming,1,31,3,65,Moderate
Iran (Islamic Republic of),Maragheh,1,46,0,76,Moderate
Spain,Merida,1,29,2,20,Good
Mexico,Mexicali,1,21,7,37,Good
Russian Federation,Mezhdurechensk,1,37,0,28,Good
United States of America,Miami Lakes,4,4,20,153,Unhealthy
Germany,Michelstadt,1,33,3,54,Moderate
Russian Federation,Mikun,1,35,0,10,Good
Australia,Mildura,0,25,0,27,Good
United States of America,Minden,1,20,3,63,Moderate
Italy,Mirandola,2,28,10,124,Unhealthy for Sensitive Groups
Brazil,Mirassol,1,10,2,39,Good
Malaysia,Miri,67,209,2,157,Very Unhealthy
Pakistan,Mirwah,1,43,0,163,Unhealthy
Poland,Mlawa,0,35,0,32,Good
Chad,Moissala,2,6,0,69,Moderate
Ethiopia,Mojo,1,26,0,95,Moderate
Russian Federation,Monchegorsk,1,29,0,9,Good
France,Mons En Baroeul,1,27,4,48,Good
United States of America,Mounds View,1,33,9,53,Moderate
Brazil,Mutuipe,0,11,1,21,Good
Israel,Nahef,3,35,16,143,Unhealthy for Sensitive Groups
Poland,Naklo Nad Notecia,0,34,0,35,Good
Russian Federation,Naryan Mar,1,26,0,11,Good
Malta,Naxxar,1,39,2,22,Good
Ethiopia,Nazret,1,25,0,98,Moderate
Colombia,Neira,2,4,6,73,Moderate
Germany,Nidderau,1,26,3,51,Moderate
China,Ningxiang,7,72,19,160,Unhealthy
Viet Nam,Ninh Binh,1,37,1,54,Moderate
Cuba,Niquero,1,25,0,53,Moderate
France,Nogent Sur Oise,1,24,3,54,Moderate
Australia,Karratha,0,22,0,9,Good
Turkmenistan,Kerki,1,49,0,86,Moderate
India,Khair,2,107,1,335,Hazardous
Russian Federation,Imeni Morozova,1,37,4,74,Moderate
Japan,Ishikawa,1,39,2,19,Good
Turkey,Isparta,1,33,0,49,Good
Brazil,Itaborai,4,4,16,150,Unhealthy
Brazil,Jacutinga,1,9,4,66,Moderate
Cuba,Jaguey Grande,1,20,2,54,Moderate
Iran (Islamic Republic of),Khormuj,1,72,0,137,Unhealthy for Sensitive Groups
India,Khunti,2,70,0,185,Unhealthy
Russian Federation,Khvalynsk,1,38,0,45,Good
Somalia,Kismayo,0,23,0,27,Good
Czechia,Klasterec Nad Ohri,1,32,4,56,Moderate
Indonesia,Klaten,1,27,0,48,Good
Mexico,Macuspana,5,6,10,165,Unhealthy
United Republic of Tanzania,Mafinga,1,16,0,30,Good
Philippines,Magsaysay,1,23,0,57,Moderate
United States of America,Marquette,1,34,2,29,Good
Japan,Masuda,1,44,0,32,Good
Mexico,Matias Romero,1,15,1,79,Moderate
Russian Federation,Matveyev Kurgan,1,39,1,12,Good
Russian Federation,Maykop,1,38,1,57,Moderate
Italy,Mazara Del Vallo,1,56,1,49,Moderate
United States of America,Mehlville,2,10,19,85,Moderate
United States of America,Melville,2,14,23,65,Moderate
Japan,Moriya,1,46,4,52,Moderate
China,Jiangyan,5,206,5,150,Very Unhealthy
India,Kalghatgi,0,23,0,50,Good
United States of America,Yarmouth,1,37,3,19,Good
Japan,Yoichi,1,39,1,14,Good
Japan,Yokote,1,49,1,37,Good
Japan,Yorii,1,86,1,67,Moderate
China,Yunhe,4,200,2,164,Unhealthy
Poland,Zagan,1,38,1,68,Moderate
Russian Federation,Zavolzhsk,1,24,4,55,Moderate
Mexico,Zihuatanejo,1,17,2,36,Good
Switzerland,Zug,1,22,3,54,Moderate
India,Tijara,4,153,1,177,Unhealthy
India,Tiruchchendur,0,29,0,53,Moderate
Poland,Tomaszow Mazowiecki,1,32,1,34,Good
India,Tehri,2,69,0,103,Unhealthy for Sensitive Groups
India,Tekkalakota,1,36,0,17,Good
United States of America,Tenafly,2,17,21,77,Moderate
Mexico,Tenango De Arista,4,7,22,177,Unhealthy
Mexico,Tenango De Rio Blanco,2,15,6,84,Moderate
Turkey,Tepecik,1,34,1,59,Moderate
Pakistan,Thano Bula Khan,1,40,0,174,Unhealthy
Germany,Tholey,1,30,5,65,Moderate
Spain,Tias,0,25,0,9,Good
Algeria,Tigzirt,4,41,16,50,Good
Indonesia,Tondano,0,15,0,29,Good
China,Tongren,2,51,0,60,Moderate
Spain,Torrelodones,1,25,3,57,Moderate
United States of America,Town And Country,2,24,12,58,Moderate
Russian Federation,Ukhta,1,33,0,44,Good
India,Ulhasnagar,4,32,5,164,Unhealthy
Netherlands,Dronten,0,34,1,33,Good
Dominican Republic,Duverge,1,15,5,63,Moderate
Guatemala,El Palmar,4,10,12,108,Unhealthy for Sensitive Groups
France,Elancourt,1,17,7,62,Moderate
India,Ongole,1,33,0,83,Moderate
Côte d'Ivoire,Oume,2,12,0,68,Moderate
United States of America,Owasso,1,27,5,53,Moderate
Colombia,Paipa,1,5,4,38,Good
India,Palanpur,0,30,0,172,Unhealthy
Serbia,Pozarevac,1,42,1,75,Moderate
Italy,Pozzallo,1,19,7,65,Moderate
Argentina,Presidencia Roque Saenz Pena,0,22,0,17,Good
South Africa,Prieska,2,17,2,81,Moderate
Guatemala,Puerto Barrios,1,13,1,47,Good
China,Pulandian,3,116,1,104,Unhealthy for Sensitive Groups
Canada,Quesnel,1,23,0,14,Good
Ecuador,Quevedo,3,3,7,74,Moderate
France,Quimperle,1,32,2,45,Good
Germany,Radevormwald,0,24,2,34,Good
Germany,Rahden,0,27,2,35,Good
India,Rairangpur,1,55,0,168,Unhealthy
India,Rajkot,0,36,0,151,Unhealthy
Malaysia,Ranau,1,27,0,41,Good
Malaysia,Raub,1,35,0,74,Moderate
India,Raya,1,38,1,382,Hazardous
United States of America,Redmond,2,17,15,62,Moderate
Chile,Rengo,4,1,11,115,Unhealthy for Sensitive Groups
Croatia,Rijeka,1,50,0,14,Good
Brazil,Rio Pomba,1,9,3,56,Moderate
Uruguay,Rocha,0,24,0,11,Good
United States of America,Rockford,2,20,8,59,Moderate
Germany,Rommerskirchen,0,25,2,30,Good
Romania,Rosiori De Vede,1,37,2,62,Moderate
Philippines,Roxas,1,27,0,45,Good
India,Rura,1,46,1,271,Very Unhealthy
Russian Federation,Rybnoye,1,35,2,52,Moderate
Thailand,Sa Kaeo,0,29,0,46,Good
India,Sagar,0,22,0,57,Moderate
Philippines,Sagay,1,27,0,53,Moderate
France,Saint Francois,0,25,0,100,Unhealthy for Sensitive Groups
Hungary,Salgotarjan,1,32,2,56,Moderate
Uruguay,Salto,0,23,0,9,Good
Germany,Salzgitter,0,30,1,37,Good
Philippines,Samal,1,16,0,61,Moderate
Argentina,San Carlos De Bariloche,0,15,1,5,Good
Cuba,San Cristobal,1,27,2,55,Moderate
Dominican Republic,San Francisco De Macoris,2,9,12,151,Unhealthy
Philippines,San Simon,1,27,0,54,Moderate
Malaysia,Sandakan,1,19,0,48,Good
Brazil,Santo Antonio Do Amparo,1,10,3,45,Good
Brazil,Santo Antonio Do Monte,1,6,3,42,Good
Brazil,Sao Fidelis,2,0,6,62,Moderate
Brazil,Sao Jose Do Egito,0,17,0,28,Good
Brazil,Sao Miguel Do Oeste,0,20,0,11,Good
United States of America,West Jordan,1,6,14,56,Moderate
United States of America,West Valley City,1,7,13,52,Moderate
United States of America,Whitewater,2,9,13,72,Moderate
South Africa,Winburg,6,14,6,131,Unhealthy for Sensitive Groups
Australia,Wollongong,0,24,2,19,Good
Mozambique,Xai Xai,1,23,0,39,Good
Japan,Yachiyo,1,71,2,33,Moderate
China,Yanzhou,2,158,2,84,Unhealthy
Liberia,Yekepa,1,11,0,49,Good
Japan,Yubari,1,27,2,13,Good
Japan,Yuza,1,37,0,29,Good
Czechia,Zabreh,1,23,2,47,Good
Russian Federation,Zheleznovodsk,1,40,1,38,Good
Kazakhstan,Zhitikara,1,40,0,16,Good
China,Zhucheng,3,162,2,113,Unhealthy
Netherlands,Zoetermeer,0,34,1,28,Good
Turkey,Zonguldak,1,36,0,20,Good
Russian Federation,Zubova Polyana,1,33,1,44,Good
Netherlands,Papendrecht,0,34,1,27,Good
Brazil,Paranavai,1,9,0,14,Good
Brazil,Parnarama,0,13,0,26,Good
Mexico,Patzcuaro,0,9,1,19,Good
Malaysia,Pekan,1,35,0,63,Moderate
Italy,Pellezzano,1,56,1,50,Moderate
Brazil,Perdoes,1,10,2,42,Good
Albania,Permet,1,38,0,58,Moderate
United Kingdom of Great Britain and Northern Ireland,Perth,1,22,7,37,Good
Italy,Pescara,1,35,5,70,Moderate
Russian Federation,Petropavlovsk Kamchatskiy,0,33,0,10,Good
South Africa,Pietermaritzburg,13,3,13,215,Very Unhealthy
Brazil,Pilar,1,15,2,39,Good
Poland,Pinczow,1,27,3,48,Good
Brazil,Pitangueiras,3,4,7,149,Unhealthy for Sensitive Groups
Poland,Plonsk,1,36,1,27,Good
Hungary,Pomaz,1,33,3,63,Moderate
Brazil,Pompeia,1,10,1,30,Good
Portugal,Ponta Delgada,0,21,2,12,Good
France,Pontivy,1,27,3,40,Good
United States of America,Port Arthur,0,24,3,29,Good
United States of America,Glen Ellyn,2,17,17,67,Moderate
United States of America,Glens Falls,2,17,6,64,Moderate
Poland,Glubczyce,1,39,3,80,Moderate
United States of America,Goshen,2,19,11,76,Moderate
Germany,Grafelfing,2,27,5,63,Moderate
Argentina,Gualeguaychu,0,12,2,14,Good
Brazil,Guaranesia,1,6,1,35,Good
Venezuela (Bolivarian Republic of),Guarenas,1,16,7,141,Unhealthy for Sensitive Groups
Colombia,Guarne,3,5,8,101,Unhealthy for Sensitive Groups
Guatemala,Guatemala City,2,7,6,79,Moderate
China,Guicheng,2,47,2,65,Moderate
India,Gurmatkal,1,42,0,96,Moderate
Turkey,Gursu,1,34,1,70,Moderate
Hungary,Hajduhadhaz,1,36,2,66,Moderate
Germany,Hannoversch Munden,2,25,11,63,Moderate
United Kingdom of Great Britain and Northern Ireland,Harrogate,1,32,3,15,Good
Germany,Hattersheim,2,36,5,71,Moderate
Sri Lanka,Hatton,1,22,1,52,Moderate
United Kingdom of Great Britain and Northern Ireland,Haverfordwest,1,21,5,41,Good
United States of America,Herrin,2,27,13,63,Moderate
United Kingdom of Great Britain and Northern Ireland,Hertford,1,32,4,23,Good
China,Heze,5,201,4,159,Very Unhealthy
United States of America,Highland Park,2,17,19,89,Moderate
Germany,Ettenheim,1,27,4,67,Moderate
United States of America,Ewing,2,27,10,54,Moderate
Italy,Faenza,1,47,2,62,Moderate
Iran (Islamic Republic of),Falavarjan,1,129,1,116,Unhealthy for Sensitive Groups
Germany,Fallingbostel,1,41,2,61,Moderate
Madagascar,Faratsiho,0,25,0,20,Good
India,Fatehabad,4,166,1,169,Unhealthy
Madagascar,Fenoarivo,1,23,0,23,Good
Cameroon,Fontem,3,14,1,50,Good
United States of America,Fort Hunt,1,27,9,51,Moderate
South Africa,Piet Retief,4,20,7,164,Unhealthy
United States of America,Pinewood,1,16,13,61,Moderate
Lithuania,Panevezys,1,35,0,35,Good
Philippines,Pangil,1,26,2,51,Moderate
Pakistan,Pasni,3,40,4,189,Unhealthy
Pakistan,Pasrur,3,147,1,164,Unhealthy
India,Patratu,3,70,1,151,Unhealthy
Brazil,Paulinia,2,4,5,66,Moderate
Iran (Islamic Republic of),Paveh,1,53,0,37,Moderate
India,Peddapuram,2,65,1,151,Unhealthy
India,Pehowa,3,160,1,163,Unhealthy
Greece,Peristerion,2,42,7,108,Unhealthy for Sensitive Groups
Cuba,Artemisa,1,25,2,59,Moderate
Russian Federation,Arzamas,1,29,0,20,Good
Mexico,Atencingo,2,7,9,95,Moderate
Germany,Auerbach,1,28,2,29,Good
India,Aurangabad,1,45,1,295,Hazardous
Peru,Ayacucho,0,8,0,12,Good
United Republic of Tanzania,Babati,0,16,0,35,Good
Iran (Islamic Republic of),Babol,1,42,0,54,Moderate
Germany,Bad Liebenwerda,1,32,2,29,Good
Germany,Bad Munstereifel,1,31,3,30,Good
Germany,Bad Schwalbach,1,34,2,30,Good
India,Badarwas,1,45,0,157,Unhealthy
India,Badvel,0,33,0,101,Unhealthy for Sensitive Groups
India,Baghdogra,2,86,0,155,Unhealthy
Nepal,Baglung,2,45,0,121,Unhealthy for Sensitive Groups
India,Balarampur,1,83,1,172,Unhealthy
India,Bali Chak,2,82,2,166,Unhealthy
Albania,Ballsh,1,49,0,55,Moderate
Indonesia,Bambanglipuro,1,24,0,37,Good
Brazil,Barao De Cocais,3,2,7,94,Moderate
United Republic of Tanzania,Bariadi,0,17,0,30,Good
Brazil,Barroso,2,0,5,65,Moderate
Russian Federation,Barysh,0,31,0,46,Good
India,Basoda,1,40,0,155,Unhealthy
Russian Federation,Bavly,1,29,0,23,Good
Turkey,Bayburt,0,39,0,69,Moderate
Brazil,Bela Vista Do Paraiso,1,12,2,38,Good
United States of America,Bellwood,2,9,30,82,Moderate
Angola,Benguela,3,12,2,92,Moderate
India,Bhadrak,2,109,1,161,Unhealthy
Malaysia,Bidor,1,43,0,51,Moderate
Philippines,Binalbagan,1,18,0,75,Moderate
United States of America,Bismarck,1,32,2,40,Good
Belgium,Bocholt,1,33,3,37,Good
Colombia,Bogota,2,4,8,75,Moderate
Ukraine,Bohodukhiv,1,40,2,54,Moderate
United States of America,Boone,1,36,4,36,Good
United Kingdom of Great Britain and Northern Ireland,Bootle,0,33,0,65,Moderate
United States of America,Borger,1,30,1,49,Good
United States of America,Brookings,1,41,2,23,Good
Belgium,Buggenhout,1,28,3,37,Good
Burundi,Bujumbura,5,17,2,90,Moderate
South Africa,Butterworth,1,26,2,72,Moderate
Brazil,Canarana,0,12,0,13,Good
United States of America,Canby,1,16,10,36,Good
Brazil,Canguaretama,0,19,1,34,Good
Portugal,Caparica,0,29,1,39,Good
Brazil,Carauari,1,3,0,16,Good
Italy,Castano Primo,1,35,1,17,Good
Italy,Castellarano,1,38,1,57,Moderate
Italy,Castelnuovo Rangone,1,37,2,62,Moderate
United States of America,Cedar Grove,1,43,5,56,Moderate
United States of America,Sarasota,1,32,8,42,Good
Russian Federation,Sasovo,1,33,0,40,Good
Mexico,Saucillo,1,31,0,77,Moderate
Germany,Schwanewede,0,30,1,31,Good
United States of America,Scotts Valley,1,29,9,54,Moderate
Russian Federation,Selenginsk,1,30,0,39,Good
Nigeria,Shagamu,12,14,14,217,Very Unhealthy
United Arab Emirates,Sharjah,1,169,3,156,Unhealthy
Japan,Shinshiro,1,47,1,22,Good
United States of America,Shirley,1,30,9,42,Good
Russian Federation,Sholokhovskiy,1,38,0,22,Good
Italy,Silvi,1,34,5,68,Moderate
Zambia,Sinazongwe,1,13,0,47,Good
Madagascar,Soanierana Ivongo,0,24,0,11,Good
Japan,Abiko,1,39,2,39,Good
Mexico,Acatlan,3,3,10,77,Moderate
United Kingdom of Great Britain and Northern Ireland,Accrington,0,31,1,61,Moderate
Afghanistan,Acin,0,46,0,62,Moderate
Ghana,Aflao,1,23,0,77,Moderate
Italy,Afragola,1,42,3,21,Good
India,Ajaigarh,1,45,0,165,Unhealthy
Italy,Albignasego,1,30,4,47,Good
France,Alencon,1,22,3,48,Good
India,Allahganj,1,57,1,339,Hazardous
India,Alnavar,0,22,0,69,Moderate
Mexico,Altotonga,3,8,8,75,Moderate
Spain,Ames,0,27,1,25,Good
Philippines,Angat,1,23,1,73,Moderate
France,Anglet,0,40,0,24,Good
United States of America,Anniston,1,31,3,42,Good
China,Anqing,5,201,4,154,Very Unhealthy
Mexico,Arandas,1,10,3,39,Good
France,Arcueil,1,18,6,55,Moderate
Greece,Argos,1,45,0,55,Moderate
Mexico,Sombrerete,1,16,2,29,Good
Viet Nam,Son La,0,20,0,21,Good
Brazil,Sousa,0,17,0,30,Good
United States of America,South Laurel,1,32,5,54,Moderate
United States of America,South Portland,1,49,2,38,Good
United States of America,South Yuba City,2,34,10,76,Moderate
Switzerland,Spreitenbach,1,23,2,35,Good
India,Srivaikuntam,0,28,0,42,Good
France,Stiring Wendel,1,25,2,26,Good
Russian Federation,Strezhevoy,1,30,0,21,Good
India,Sujangarh,1,37,0,457,Hazardous
United Kingdom of Great Britain and Northern Ireland,Chester Le Street,0,31,1,56,Moderate
Pakistan,Chichawatni,1,47,0,361,Hazardous
Peru,Chilca,2,16,5,92,Moderate
India,Chincholi,0,30,0,120,Unhealthy for Sensitive Groups
Pakistan,Chor,1,41,0,194,Unhealthy
United States of America,Clawson,1,30,7,50,Good
United States of America,Cleburne,1,23,3,50,Good
United States of America,Cleveland Heights,1,32,8,42,Good
Poland,Szamotuly,1,34,1,51,Moderate
Poland,Sztum,1,34,1,41,Good
Tajikistan,Taboshar,1,77,0,130,Unhealthy for Sensitive Groups
China,Taipao,2,201,5,134,Very Unhealthy
Ghana,Tamale,1,17,0,56,Moderate
Finland,Tammisaari,1,30,1,22,Good
Philippines,Tandag,1,19,0,38,Good
Pakistan,Tando Adam,1,44,0,166,Unhealthy
Morocco,Tangier,1,38,2,26,Good
Brazil,Taquaritinga,1,5,2,35,Good
France,Tarascon,1,32,3,45,Good
Ghana,Tarkwa,0,17,0,43,Good
Russian Federation,Tatarsk,1,37,0,27,Good
Japan,Tatebayashi,1,57,2,61,Moderate
Brazil,Tremembe,1,6,4,52,Moderate
Slovakia,Trencin,1,39,1,70,Moderate
Italy,Trepuzzi,1,45,1,32,Good
Brazil,Tres Passos,1,5,3,32,Good
Japan,Tsurugi,1,49,2,54,Moderate
United States of America,Tucker,3,12,26,88,Moderate
Malaysia,Tumpat,2,38,0,68,Moderate
United Republic of Tanzania,Tunduru,0,18,0,17,Good
Russian Federation,Ufa,1,40,0,36,Good
India,Unjha,1,29,0,165,Unhealthy
India,Usilampatti,1,29,0,43,Good
Russian Federation,Usman,1,36,0,34,Good
Russian Federation,Ussuriysk,2,35,1,56,Moderate
Japan,Uwajima,0,33,0,13,Good
Italy,Valeggio Sul Mincio,1,34,4,82,Moderate
Serbia,Valjevo,1,41,0,61,Moderate
Sweden,Vaxjo,1,41,0,25,Good
Czechia,Velke Mezirici,1,37,1,68,Moderate
Italy,Veroli,1,36,2,57,Moderate
Brazil,Vicosa,1,7,3,46,Good
France,Vienne,1,29,2,56,Moderate
France,Versailles,2,27,6,70,Moderate
United States of America,Acton,1,29,4,25,Good
Spain,Aguimes,1,37,0,17,Good
India,Ajmer,1,36,0,176,Unhealthy
Turkey,Akdagmadeni,1,35,0,25,Good
Cameroon,Akonolinga,2,23,0,66,Moderate
Italy,Alberobello,1,49,2,25,Good
Spain,Alginet,1,25,1,24,Good
Russian Federation,Alkhan Kala,1,35,1,45,Good
India,Ambala,2,142,1,134,Unhealthy for Sensitive Groups
India,Amroha,3,176,1,154,Unhealthy
India,Amur,1,33,0,150,Unhealthy
Poland,Andrychow,1,33,4,92,Moderate
Madagascar,Anjozorobe,0,22,0,17,Good
United States of America,Ann Arbor,1,31,7,48,Good
France,Annemasse,1,29,1,67,Moderate
China,Anshun,4,41,4,71,Moderate
United States of America,Ansonia,2,15,20,55,Moderate
Madagascar,Antanifotsy,0,21,0,23,Good
France,Apt,1,39,3,57,Moderate
Brazil,Apucarana,1,13,1,51,Moderate
Iran (Islamic Republic of),Ardistan,1,47,0,129,Unhealthy for Sensitive Groups
Brazil,Ariquemes,2,1,2,42,Good
Russian Federation,Arkhangelsk,1,28,1,14,Good
United States of America,Arlington,1,19,5,64,Moderate
Ethiopia,Asayita,1,30,0,150,Unhealthy
India,Ashti,1,33,0,125,Unhealthy for Sensitive Groups
Mexico,Autopan,2,10,9,87,Moderate
Italy,Aversa,2,35,6,35,Good
Paraguay,Ayolas,1,12,0,14,Good
Germany,Bad Krozingen,2,20,6,76,Moderate
Italy,Bagnara Calabra,1,39,2,67,Moderate
South Africa,Tembisa,22,11,16,219,Very Unhealthy
Japan,Tenno,1,32,1,16,Good
Netherlands,Terneuzen,1,32,3,38,Good
India,Tezpur,2,28,1,51,Moderate
China,Tieling,3,136,3,104,Unhealthy for Sensitive Groups
India,Tiruppur,0,26,0,52,Moderate
India,Tirur,0,24,0,71,Moderate
Philippines,Tiwi,1,23,0,62,Moderate
Japan,Tochigi,1,41,2,34,Good
Japan,Tomigusuku,2,119,0,76,Unhealthy for Sensitive Groups
Hungary,Torokszentmiklos,1,38,1,70,Moderate
Denmark,Torshavn,0,30,0,7,Good
Turkey,Tosya,1,40,0,10,Good
Viet Nam,Tra Vinh,1,27,1,64,Moderate
Russian Federation,Troitskaya,1,37,1,41,Good
Indonesia,Tual,0,18,0,15,Good
Romania,Tulcea,1,40,0,32,Good
India,Udgir,0,29,0,85,Moderate
India,Umreth,1,37,0,154,Unhealthy
Brazil,Una,0,14,0,18,Good
Japan,Ureshino,1,52,0,35,Moderate
Brazil,Uruburetama,0,17,1,40,Good
Russian Federation,Urzhum,1,33,0,28,Good
Russian Federation,Uva,1,28,0,37,Good
Spain,Valverde Del Camino,1,31,1,21,Good
India,Varanasi,2,123,1,184,Unhealthy
Netherlands,Veghel,0,31,2,37,Good
Ecuador,Velasco Ibarra,2,9,6,66,Moderate
France,Vertou,1,26,2,32,Good
United States of America,Sunrise,2,12,13,80,Moderate
United States of America,Sussex,2,24,15,56,Moderate
Russian Federation,Suzdal,1,24,7,43,Good
United Kingdom of Great Britain and Northern Ireland,Swadlincote,0,30,3,48,Good
Australia,Sydney,0,15,14,42,Good
Tunisia,Tabulbah,1,71,2,70,Moderate
Japan,Takefu,1,43,0,22,Good
Peru,Tambo Grande,1,16,1,55,Moderate
Pakistan,Tank,2,83,0,170,Unhealthy
Italy,Taranto,1,47,3,46,Good
Uzbekistan,Tashkent,1,71,3,86,Moderate
Argentina,Villa Carlos Paz,1,7,11,60,Moderate
South Africa,Vryburg,4,22,2,103,Unhealthy for Sensitive Groups
Myanmar,Wakema,0,22,0,56,Moderate
Thailand,Wang Saphung,0,23,0,43,Good
United States of America,Ware,1,28,4,25,Good
Germany,Wassenberg,1,26,3,40,Good
United States of America,Weslaco,3,15,7,148,Unhealthy for Sensitive Groups
United States of America,West Haven,2,16,19,54,Moderate
United States of America,West Linn,1,20,11,50,Good
Germany,Westerstede,0,36,0,34,Good
United Kingdom of Great Britain and Northern Ireland,Whitehaven,1,29,2,26,Good
United Kingdom of Great Britain and Northern Ireland,Wigan,1,30,3,33,Good
South Africa,Witbank,3,11,14,156,Unhealthy
Germany,Wittingen,0,34,1,36,Good
Belgium,Wommelgem,1,29,3,40,Good
United States of America,Worth,2,31,12,57,Moderate
Mexico,Xalmimilulco,4,2,17,326,Hazardous
Thailand,Yang Talat,0,29,0,46,Good
Turkey,Yerkoy,1,40,0,24,Good
Japan,Yonago,1,44,0,34,Good
Russian Federation,Zelenograd,1,23,7,40,Good
Bosnia and Herzegovina,Zenica,1,31,0,50,Good
Romania,Zimnicea,1,35,2,51,Moderate
United States of America,Powder Springs,3,11,29,82,Moderate
Greece,Psikhikon,2,41,7,104,Unhealthy for Sensitive Groups
Nicaragua,Puerto Cabezas,0,22,0,102,Unhealthy for Sensitive Groups
Malta,Qormi,1,49,1,55,Moderate
Iran (Islamic Republic of),Quchan,1,40,0,86,Moderate
Oman,Qurayyat,2,106,1,155,Unhealthy
United States of America,Radford,3,2,13,72,Moderate
France,Limay,1,28,4,63,Moderate
United Kingdom of Great Britain and Northern Ireland,Linlithgow,1,27,2,18,Good
Canada,Lloydminster,1,33,1,38,Good
Netherlands,Lochem,1,20,7,46,Good
Thailand,Lop Buri,1,28,0,47,Good
United Kingdom of Great Britain and Northern Ireland,Loughborough,1,36,3,16,Good
Philippines,Lumban,1,25,2,57,Moderate
Malaysia,Lumut,1,44,1,58,Moderate
China,Luzhou,2,44,6,155,Unhealthy
Brazil,Machado,1,5,2,34,Good
Venezuela (Bolivarian Republic of),Machiques,2,14,4,150,Unhealthy
India,Maindargi,1,36,0,116,Unhealthy for Sensitive Groups
Russian Federation,Malgobek,1,46,0,68,Moderate
Kenya,Malindi,0,25,0,47,Good
Italy,Malo,1,36,2,63,Moderate
United States of America,Mandeville,2,40,6,43,Good
Philippines,Manggahan,1,26,1,46,Good
Malawi,Mangochi,2,25,0,70,Moderate
China,Manzhouli,1,38,0,38,Good
Philippines,Maragondon,1,27,1,30,Good
United States of America,Marana,1,16,8,69,Moderate
Brazil,Marco,0,13,1,25,Good
United States of America,Shiloh,2,33,10,53,Moderate
Peru,Sicuani,0,9,1,12,Good
Brazil,Silvania,1,3,4,61,Moderate
Afghanistan,Sindand,1,45,0,161,Unhealthy
Indonesia,Singaraja,1,30,0,48,Good
Portugal,Sintra,1,31,5,25,Good
Bangladesh,Sirajganj,1,42,1,76,Moderate
India,Sitarganj,3,68,0,117,Unhealthy for Sensitive Groups
Turkey,Siverek,1,44,0,57,Moderate
United Kingdom of Great Britain and Northern Ireland,Skelmersdale,1,35,3,19,Good
Netherlands,Sliedrecht,1,31,5,39,Good
Sweden,Soderhamn,1,28,0,8,Good
Russian Federation,Sofrino,1,16,12,66,Moderate
Germany,Ravensburg,1,33,3,54,Moderate
Italy,Riva,1,24,5,63,Moderate
Ukraine,Rivne,1,32,1,35,Good
United States of America,Rockledge,1,23,8,60,Moderate
United States of America,Goldsboro,1,47,1,39,Good
Poland,Golub Dobrzyn,1,41,0,21,Good
Germany,Gorlitz,1,43,0,52,Moderate
India,Gosainganj,4,76,5,163,Unhealthy
India,Gossaigaon,5,14,8,136,Unhealthy for Sensitive Groups
Mauritius,Grand Baie,1,27,0,61,Moderate
United States of America,Green River,1,21,2,24,Good
Ireland,Greystones,1,41,0,31,Good
United States of America,Grosse Pointe Park,1,35,1,57,Moderate
Italy,Grumo Nevano,1,72,0,57,Moderate
India,Gulabpura,1,27,4,164,Unhealthy
Romania,Gura Humorului,1,42,0,56,Moderate
India,Gurgaon,7,46,20,191,Unhealthy
Armenia,Gyumri,1,39,0,75,Moderate
United States of America,Hasbrouck Heights,1,40,4,53,Moderate
United States of America,Hattiesburg,1,46,1,48,Good
Netherlands,Hendrik Ido Ambacht,1,39,1,33,Good
United States of America,Hilton Head Island,2,97,2,41,Moderate
United States of America,Hingham,1,37,2,42,Good
Japan,Hirado,1,50,2,50,Good
Denmark,Holstebro,1,44,0,14,Good
Czechia,Hranice,1,45,0,72,Moderate
China,Huangmei,9,6,22,165,Unhealthy
Belgium,Ieper,1,37,1,38,Good
Nigeria,Igboho,1,37,0,66,Moderate
Brazil,Irece,0,22,0,15,Good
Japan,Ishige,1,21,17,75,Moderate
Japan,Ishioka,1,25,9,62,Moderate
France,Istres,1,48,2,38,Good
Brazil,Itupeva,0,25,0,26,Good
Japan,Izumiotsu,2,26,11,75,Moderate
Bangladesh,Jhikargachha,2,25,7,100,Unhealthy for Sensitive Groups
China,Jianhu,7,25,30,166,Unhealthy
Czechia,Jicin,1,43,0,60,Moderate
Turkey,Kahta,1,45,0,53,Moderate
United Republic of Tanzania,Kakonko,1,25,0,31,Good
Russian Federation,Kalachinsk,1,28,1,24,Good
Democratic Republic of the Congo,Kalemie,2,29,1,93,Moderate
India,Kalinagar,3,25,6,150,Unhealthy
Democratic Republic of the Congo,Kamina,2,43,1,86,Moderate
Iran (Islamic Republic of),Kangavar,1,37,0,113,Unhealthy for Sensitive Groups
United States of America,Kansas City,1,46,2,54,Moderate
Japan,Kanzaki,1,48,3,33,Good
Poland,Karczew,1,41,1,32,Good
India,Kasrawad,2,18,5,161,Unhealthy
Russian Federation,Kasumkent,1,32,0,67,Moderate
Uganda,Kayunga,3,14,1,113,Unhealthy for Sensitive Groups
Brazil,Telemaco Borba,0,16,0,24,Good
Austria,Telfs,1,47,0,51,Moderate
Spain,Teo,1,31,1,15,Good
Mexico,Teolocholco,1,34,3,195,Unhealthy
Russian Federation,Terek,1,41,2,34,Good
Thailand,Thoen,1,9,1,39,Good
Canada,Tilsonburg,1,32,0,31,Good
India,Tirthahalli,1,14,3,49,Good
Mexico,Tlaltizapan,2,33,3,98,Moderate
Mexico,Tlaxco,1,33,3,207,Very Unhealthy
Italy,Tolmezzo,1,40,0,68,Moderate
India,Tonk,3,36,7,191,Unhealthy
Brazil,Torres,0,21,0,24,Good
Mexico,Trancoso,0,28,0,31,Good
Philippines,Tuba,1,25,5,55,Moderate
India,Tumkur,1,17,4,63,Moderate
United Republic of Tanzania,Tunduma,0,22,0,19,Good
South Africa,Tzaneen,1,26,1,55,Moderate
Germany,Ueckermunde,1,40,0,19,Good
India,Ulubaria,7,12,18,188,Unhealthy
Sudan,Umm Ruwabah,1,49,0,110,Unhealthy for Sensitive Groups
Japan,Ushibuka,1,39,2,42,Good
France,Valenciennes,1,41,1,54,Moderate
Ukraine,Valky,1,44,0,29,Good
India,Valsad,1,18,1,79,Moderate
Russian Federation,Varenikovskaya,1,42,0,11,Good
Sweden,Vastervik,1,38,0,9,Good
Italy,Vasto,1,52,0,69,Moderate
Netherlands,Veere,1,37,0,29,Good
Italy,Vercelli,1,71,0,82,Moderate
France,Verdun,1,50,0,69,Moderate
Italy,Solofra,1,68,0,54,Moderate
United Republic of Tanzania,Songea,0,20,0,21,Good
India,Soron,5,10,43,165,Unhealthy
United States of America,South El Monte,3,21,24,109,Unhealthy for Sensitive Groups
Netherlands,Spijkenisse,1,37,1,30,Good
Italy,Spilamberto,1,59,0,59,Moderate
Austria,Spittal,1,42,0,59,Moderate
India,Srisailam,2,38,4,119,Unhealthy for Sensitive Groups
United States of America,Stony Brook,1,48,4,57,Moderate
Malaysia,Sungai Pelek,3,17,8,121,Unhealthy for Sensitive Groups
Pakistan,Surab,0,36,0,92,Moderate
Philippines,Taal,1,21,6,75,Moderate
Iraq,Tall Kayf,1,48,1,71,Moderate
China,Tangjiazhuang,3,82,11,96,Moderate
China,Tanshui,4,29,26,160,Unhealthy
Italy,Vigonza,1,63,0,87,Moderate
Colombia,Villamaria,1,22,2,79,Moderate
India,Vite,2,23,4,108,Unhealthy for Sensitive Groups
Poland,Wabrzezno,1,41,0,21,Good
Poland,Walbrzych,1,41,0,53,Moderate
Poland,Warsaw,1,40,1,29,Good
Democratic Republic of the Congo,Kampene,1,18,0,85,Moderate
Japan,Kanonji,1,28,3,34,Good
Russian Federation,Karabanovo,2,18,15,70,Moderate
Democratic Republic of the Congo,Kasongo Lunda,51,39,7,446,Hazardous
Germany,Kassel,1,38,1,51,Moderate
Japan,Kasugai,1,49,2,45,Good
Japan,Kasukabe,1,36,3,21,Good
India,Kekri,1,38,0,222,Very Unhealthy
Germany,Kelsterbach,1,36,3,69,Moderate
Greece,Kerkira,1,40,1,50,Good
India,Kerur,0,23,0,58,Moderate
India,Khachrod,1,37,0,175,Unhealthy
United Kingdom of Great Britain and Northern Ireland,Kidderminster,1,14,8,51,Moderate
Japan,Kikuchi,1,36,1,19,Good
Russian Federation,Klin,1,25,2,60,Moderate
Germany,Koblenz,1,30,5,66,Moderate
India,Kodinar,0,24,0,121,Unhealthy for Sensitive Groups
India,Kovilpatti,0,27,0,56,Moderate
Poland,Krnov,1,35,2,95,Moderate
South Africa,Kruisfontein,2,17,4,73,Moderate
India,Kuchaman,1,43,0,285,Very Unhealthy
India,Kuchera,1,40,0,281,Very Unhealthy
Cameroon,Kumba,3,18,1,107,Unhealthy for Sensitive Groups
Panama,La Cabima,3,15,13,102,Unhealthy for Sensitive Groups
Germany,Laatzen,0,35,1,28,Good
United States of America,Doraville,3,2,29,101,Unhealthy for Sensitive Groups
Poland,Drezdenko,0,32,1,28,Good
India,Dum Dum,4,107,4,180,Unhealthy
United States of America,East Cleveland,1,32,8,42,Good
United States of America,East Highland Park,1,38,3,69,Moderate
United Kingdom of Great Britain and Northern Ireland,Eastleigh,0,29,2,37,Good
Netherlands,Echt,1,33,2,35,Good
Japan,Edosaki,1,41,1,38,Good
Switzerland,Einsiedeln,0,28,1,28,Good
Germany,Eitorf,1,34,2,28,Good
India,Daman,0,21,0,130,Unhealthy for Sensitive Groups
India,Damoh,1,42,0,155,Unhealthy
United States of America,Darby,1,45,4,60,Moderate
Malawi,Dedza,0,22,0,29,Good
Thailand,Den Chai,0,22,0,25,Good
India,Dhaka,3,158,1,235,Very Unhealthy
Nepal,Dhankuta,2,76,0,167,Unhealthy
Republic of Moldova,Dnestrovsc,1,40,0,45,Good
Syrian Arab Republic,Abu Kamal,1,47,0,150,Unhealthy
Mexico,Acatzingo,2,11,8,125,Unhealthy for Sensitive Groups
Italy,Aci Castello,1,38,1,64,Moderate
India,Agar,1,37,0,157,Unhealthy
Germany,Ahlen,0,28,1,26,Good
France,Ajaccio,1,44,2,30,Good
Russian Federation,Akhtyrskiy,1,45,1,28,Good
India,Alangayam,0,29,0,70,Moderate
Italy,Alassio,1,35,3,56,Moderate
South Africa,Alberton,41,9,25,205,Very Unhealthy
Portugal,Albufeira,0,35,2,19,Good
United States of America,Alexander City,1,27,3,79,Moderate
France,Alfortville,1,28,2,31,Good
Philippines,Amadeo,0,26,0,40,Good
Indonesia,Amahai,0,16,0,7,Good
Turkey,Amasya,1,40,0,13,Good
Madagascar,Ambositra,0,20,0,10,Good
India,Amlagora,1,84,1,185,Unhealthy
Brazil,Ampere,0,19,0,13,Good
Austria,Amstetten,1,33,1,50,Good
United States of America,Anderson,2,31,8,65,Moderate
Mexico,Apatlaco,2,8,10,91,Moderate
Russian Federation,Aramil,1,38,1,23,Good
Brazil,Ararangua,2,10,4,82,Moderate
France,Arcachon,1,31,1,50,Good
Paraguay,Aregua,1,19,1,37,Good
Brazil,Aripuana,1,0,0,48,Good
South Africa,Atlantis,2,15,4,161,Unhealthy
Mexico,Atotonilco El Alto,1,9,3,37,Good
Côte d'Ivoire,Ayame,3,12,2,107,Unhealthy for Sensitive Groups
Guinea-Bissau,Bafata,1,19,0,109,Unhealthy for Sensitive Groups
Dominican Republic,Bajos De Haina,2,3,16,156,Unhealthy
Malawi,Balaka,1,22,0,41,Good
India,Balangir,1,47,0,161,Unhealthy
United States of America,Baldwin Park,4,7,34,124,Unhealthy for Sensitive Groups
Turkmenistan,Balkanabat,1,49,0,140,Unhealthy for Sensitive Groups
India,Bandikui,1,42,0,201,Very Unhealthy
Thailand,Bang Rakam,0,25,0,92,Moderate
India,Bawal,1,36,1,426,Hazardous
United States of America,Baltimore,1,30,8,36,Good
Slovakia,Banska Bystrica,1,42,0,69,Moderate
India,Banswada,1,30,0,96,Moderate
India,Barasat,6,105,7,179,Unhealthy
Brazil,Barra Bonita,1,10,2,48,Good
United States of America,Barrington,2,22,19,61,Moderate
Togo,Bassar,2,12,0,48,Good
Belgium,Bastogne,1,24,4,51,Moderate
Malaysia,Batang Berjuntai,2,53,1,97,Moderate
Ethiopia,Bati,1,37,0,178,Unhealthy
United States of America,Baton Rouge,1,10,9,58,Moderate
Romania,Beclean,1,40,0,68,Moderate
Germany,Bedburg,1,24,4,44,Good
Italy,Belluno,1,32,2,100,Unhealthy for Sensitive Groups
Russian Federation,Belogorsk,1,34,0,21,Good
United States of America,Beloit,2,28,8,55,Moderate
Germany,Bergisch Gladbach,1,24,4,47,Good
India,Bewar,3,140,2,197,Unhealthy
India,Bhaderwah,1,48,0,60,Moderate
Nepal,Bhadrapur,2,46,0,60,Moderate
India,Bhagalpur,2,79,1,80,Moderate
Philippines,Bigaa,1,24,0,53,Moderate
Bosnia and Herzegovina,Bihac,1,32,0,49,Good
India,Bijapur,0,24,0,113,Unhealthy for Sensitive Groups
India,Bilsi,3,164,3,164,Unhealthy
United Kingdom of Great Britain and Northern Ireland,Bishopbriggs,1,11,9,37,Good
United States of America,Blythe,1,29,4,40,Good
Germany,Bochum,1,30,2,46,Good
United States of America,Bonita Springs,1,24,4,45,Good
Italy,Borgaro Torinese,1,40,2,85,Moderate
United States of America,Bozeman,1,25,3,18,Good
Poland,Braniewo,0,33,0,33,Good
France,Brunoy,1,20,6,56,Moderate
Germany,Buckeburg,0,34,1,37,Good
United States of America,Bucyrus,1,43,3,25,Good
Indonesia,Bulakamba,2,45,1,83,Moderate
Poland,Bydgoszcz,0,34,0,35,Good
United States of America,Calhoun,2,16,19,68,Moderate
Viet Nam,Cam Ranh,1,30,0,62,Moderate
Romania,Campia Turzii,1,35,2,66,Moderate
Spain,Canals,1,26,1,23,Good
Portugal,Canelas,0,29,2,21,Good
Brazil,Canhotinho,0,14,2,35,Good
Italy,Capannori,1,38,2,19,Good
Brazil,Capitao Poco,1,7,0,53,Moderate
United States of America,Carbondale,1,28,6,84,Moderate
Italy,Carmignano,1,36,5,94,Moderate
France,Carpentras,1,36,2,58,Moderate
Italy,Castelbuono,1,28,2,54,Moderate
Turkey,Cayeli,1,34,0,42,Good
Italy,Cento,2,30,8,101,Unhealthy for Sensitive Groups
India,Chandla,1,47,0,208,Very Unhealthy
China,Chaozhou,3,117,3,101,Unhealthy for Sensitive Groups
Russian Federation,Chekmagush,1,34,0,39,Good
India,Chhatapur,2,48,1,69,Moderate
Mexico,Chiconcuac,3,13,16,269,Very Unhealthy
India,Chik Ballapur,0,22,1,62,Moderate
Thailand,Chum Phae,0,25,0,43,Good
Turkey,Cine,1,40,3,71,Moderate
Indonesia,Cisaat,2,91,1,140,Unhealthy for Sensitive Groups
United States of America,Cockeysville,1,29,9,38,Good
Brazil,Conchas,1,11,2,44,Good
United States of America,Coral Springs,4,4,18,146,Unhealthy for Sensitive Groups
United Kingdom of Great Britain and Northern Ireland,Corby,0,30,3,50,Good
Brazil,Coreau,1,5,3,53,Moderate
Brazil,Coroata,2,1,2,58,Moderate
Brazil,Coronel Vivida,1,17,0,14,Good
Mexico,Costa Rica,2,11,4,105,Unhealthy for Sensitive Groups
Mozambique,Cuamba,0,20,0,16,Good
Mexico,Cuautitlan,4,11,16,176,Unhealthy
Brazil,Cubatao,4,2,19,153,Unhealthy
Senegal,Dagana,1,22,1,211,Very Unhealthy
Italy,Budrio,1,40,2,34,Good
Democratic Republic of the Congo,Buta,2,6,0,64,Moderate
Croatia,Cakovec,1,38,2,75,Moderate
United States of America,Camp Springs,1,32,5,52,Moderate
Mexico,Cananea,1,21,1,47,Good
India,Canning,2,68,2,184,Unhealthy
Brazil,Carlos Barbosa,0,18,1,15,Good
United Kingdom of Great Britain and Northern Ireland,Carlton,1,9,12,52,Moderate
Italy,Carpenedolo,1,35,4,75,Moderate
Italy,Castiglion Fiorentino,1,36,3,45,Good
France,Caudry,1,25,2,36,Good
United States of America,Centennial,2,10,14,73,Moderate
Latvia,Cesis,1,30,0,36,Good
India,Chandrakona,1,81,1,186,Unhealthy
China,Changqing,5,162,10,166,Unhealthy
Pakistan,Charsadda,2,100,1,90,Unhealthy for Sensitive Groups
Russian Federation,Chegem,0,37,0,23,Good
Poland,Chelmza,1,31,1,27,Good
Russian Federation,Chernyanka,1,30,1,52,Moderate
Canada,Chilliwack,1,18,8,45,Good
Colombia,Chinchina,3,1,8,98,Moderate
China,Chunan,3,166,2,130,Unhealthy
Indonesia,Cianjur,2,78,1,96,Moderate
Indonesia,Cibinong,4,173,3,150,Unhealthy
Italy,Cirie,2,15,10,66,Moderate
United Kingdom of Great Britain and Northern Ireland,Clevedon,1,15,7,50,Good
Spain,Consuegra,1,27,2,31,Good
Italy,Cossato,2,20,6,69,Moderate
France,Croissy Sur Seine,1,27,2,34,Good
Mexico,Cuauhtemoc,0,29,0,44,Good
Colombia,Cumaral,2,1,5,66,Moderate
Mauritius,Curepipe,0,29,0,28,Good
Romania,Dabuleni,1,37,2,70,Moderate
United States of America,Dale City,1,31,4,53,Moderate
Gabon,Bitam,1,22,0,45,Good
Republic of North Macedonia,Bitola,1,40,2,66,Moderate
Nicaragua,Bluefields,1,22,0,21,Good
Philippines,Bongabon,1,29,0,75,Moderate
Brazil,Boquim,0,16,1,23,Good
Ukraine,Borshchiv,1,34,1,78,Moderate
Germany,Brake,0,31,1,31,Good
Germany,Beckingen,0,28,2,21,Good
Uzbekistan,Bektemir,1,77,2,97,Moderate
Italy,Belmonte Mezzagno,1,43,2,55,Moderate
Indonesia,Besuki,1,37,0,58,Moderate
Nepal,Bhaktapur,2,61,0,125,Unhealthy for Sensitive Groups
India,Bhandara,1,42,0,152,Unhealthy
Italy,Biassono,1,36,3,61,Moderate
Ethiopia,Bichena,2,22,1,148,Unhealthy for Sensitive Groups
Hungary,Bicske,1,35,3,66,Moderate
United States of America,Coachella,1,35,3,51,Moderate
Mexico,Colotlan,1,11,1,21,Good
Brazil,Corbelia,1,15,0,12,Good
Spain,Cornella,1,25,6,46,Good
India,Punganuru,0,30,0,83,Moderate
India,Puranpur,2,128,1,481,Hazardous
India,Puri,2,54,0,139,Unhealthy for Sensitive Groups
Netherlands,Purmerend,1,28,4,37,Good
China,Qinhuangdao,3,69,5,87,Moderate
Germany,Quakenbruck,1,33,2,25,Good
China,Quanzhou,2,64,5,95,Moderate
El Salvador,Quezaltepeque,4,6,11,132,Unhealthy for Sensitive Groups
Venezuela (Bolivarian Republic of),Quibor,1,14,2,55,Moderate
Bulgaria,Radomir,1,42,0,59,Moderate
India,Rae Bareli,1,47,1,249,Very Unhealthy
India,Raisinghnagar,1,40,0,454,Hazardous
India,Rajaldesar,0,37,0,477,Hazardous
Israel,Ramla,2,55,5,86,Moderate
Italy,Randazzo,1,41,0,39,Good
Bangladesh,Raozan,1,38,1,113,Unhealthy for Sensitive Groups
Iran (Islamic Republic of),Ravar,1,42,0,164,Unhealthy
United Kingdom of Great Britain and Northern Ireland,Reading,0,27,2,32,Good
Portugal,Rebordosa,1,22,4,40,Good
Germany,Recke,1,34,2,25,Good
Brazil,Regente Feijo,1,14,1,33,Good
Indonesia,Rengasdengklok,2,84,1,98,Moderate
Brazil,Reserva,0,18,0,13,Good
Russian Federation,Revda,1,30,0,25,Good
Germany,Rheinau,0,35,1,27,Good
Brazil,Rio Formoso,0,18,1,34,Good
Argentina,Rivadavia,0,14,2,22,Good
Brazil,Olimpia,1,5,2,55,Moderate
Japan,Omura,2,45,5,45,Good
United States of America,Orange,1,20,7,51,Moderate
Hungary,Oroshaza,1,30,1,49,Good
Poland,Ostroleka,1,36,0,44,Good
Japan,Otofuke,1,30,0,11,Good
Belgium,Oudenaarde,1,25,3,36,Good
United States of America,Oxford,1,46,3,52,Moderate
Brazil,Palmares,1,11,3,45,Good
Venezuela (Bolivarian Republic of),Palo Negro,1,17,4,50,Good
Italy,Taurisano,1,65,0,41,Moderate
Togo,Tchamba,1,20,0,78,Moderate
Republic of North Macedonia,Tearce,1,42,0,48,Good
Mexico,Tehuantepec,2,10,4,62,Moderate
Philippines,Telabastagan,1,23,1,71,Moderate
Japan,Tenri,1,40,2,36,Good
Mexico,Tequisquiapan,1,17,4,57,Moderate
Spain,Teror,0,37,0,16,Good
Mexico,Texmelucan,2,4,12,169,Unhealthy
Thailand,Thap Khlo,0,21,0,50,Good
Brazil,Tocantins,1,5,4,51,Moderate
Romania,Rovinari,1,36,2,61,Moderate
Indonesia,Ruteng,1,24,0,19,Good
France,Saint Junien,1,30,2,38,Good
Latvia,Saldus,1,35,0,40,Good
India,Samastipur,3,151,1,266,Very Unhealthy
Russian Federation,Sheksna,1,33,0,9,Good
India,Sheoganj,0,35,0,159,Unhealthy
India,Shimla,2,114,0,178,Unhealthy
Japan,Shingu,1,49,2,45,Good
Japan,Shintomi,1,47,1,45,Good
Zambia,Siavonga,1,17,0,39,Good
Colombia,Sibate,2,4,9,91,Moderate
Poland,Sierpc,1,34,0,28,Good
Romania,Sighetu Marmatiei,1,26,0,63,Moderate
Romania,Sighisoara,1,42,0,63,Moderate
Bosnia and Herzegovina,Sipovo,1,27,0,20,Good
United States of America,Springfield,1,45,2,31,Good
Poland,Stargard Szczecinski,0,35,1,25,Good
Russian Federation,Starokorsunskaya,1,44,4,32,Good
Ukraine,Stebnyk,1,29,1,52,Moderate
Denmark,Stenlose,0,39,0,21,Good
Turkey,Suhut,1,46,0,51,Moderate
Indonesia,Sukabumi,2,67,1,97,Moderate
United Kingdom of Great Britain and Northern Ireland,Sunderland,0,32,1,51,Moderate
United States of America,Sunnyvale,1,21,10,53,Moderate
Thailand,Surat Thani,0,17,0,33,Good
Malaysia,Tapah,1,42,0,51,Moderate
Republic of Moldova,Taraclia,1,41,0,31,Good
Brazil,Umbauba,0,10,2,32,Good
Japan,Urasoe,1,32,1,50,Good
Romania,Urziceni,1,40,0,25,Good
Turkey,Usak,1,56,0,38,Moderate
Pakistan,Uthal,1,39,0,167,Unhealthy
Ukraine,Uzyn,1,43,0,54,Moderate
India,Vaikam,0,26,0,58,Moderate
Mexico,Valle De Bravo,1,11,5,46,Good
Iran (Islamic Republic of),Varamin,2,140,3,131,Unhealthy for Sensitive Groups
Russian Federation,Velikiy Ustyug,1,34,0,17,Good
Bulgaria,Velingrad,1,41,0,53,Moderate
Philippines,Veruela,1,18,0,54,Moderate
Russian Federation,Saratov,1,38,1,62,Moderate
Canada,Saskatoon,1,24,2,32,Good
United States of America,Sauk Village,2,15,23,70,Moderate
Benin,Save,1,17,1,84,Moderate
Turkey,Selimpasa,1,42,0,31,Good
Brazil,Senador Canedo,1,6,4,54,Moderate
India,Seoni Malwa,0,38,0,151,Unhealthy
Guatemala,San Andres Xecul,3,9,10,92,Moderate
Peru,San Clemente,0,18,1,22,Good
Netherlands,Middelburg,1,27,3,35,Good
Brazil,Mineiros,1,8,0,26,Good
United States of America,Mint Hill,2,25,8,61,Moderate
United States of America,Mitchell,1,42,1,21,Good
Czechia,Mlada Boleslav,1,27,2,36,Good
Belgium,Mol,1,31,3,39,Good
Botswana,Molepolole,0,18,0,21,Good
Italy,Mondovi,1,33,1,62,Moderate
Belgium,Monschau,1,32,2,31,Good
France,Mont Saint Aignan,1,23,3,42,Good
Italy,Montepulciano,1,41,1,23,Good
United States of America,Monterey,1,27,3,37,Good
Italy,Montesilvano,1,46,1,38,Good
France,Montpellier,1,37,0,43,Good
United States of America,North Haven,1,46,5,67,Moderate
Madagascar,Nosy Varika,0,25,0,21,Good
Russian Federation,Novocherkassk,1,39,1,19,Good
Peru,Nuevo Imperial,0,18,1,28,Good
Turkey,Of,1,37,0,40,Good
Japan,Okinawa,1,32,1,48,Good
Canada,Okotoks,1,20,4,56,Moderate
United States of America,Olathe,1,28,9,71,Moderate
India,Phirangipuram,1,41,0,134,Unhealthy for Sensitive Groups
Cambodia,Phnum Penh,0,18,0,37,Good
Lao People's Democratic Republic,Phonhong,0,22,0,42,Good
United States of America,Pinecrest,1,9,14,89,Moderate
Germany,Potsdam,1,38,1,26,Good
China,Potzu,4,155,10,157,Unhealthy
India,Narauli,1,57,1,472,Hazardous
Russian Federation,Nartan,1,45,1,47,Good
Brazil,Navirai,0,19,0,10,Good
United States of America,Neenah,2,16,8,51,Moderate
Ethiopia,Negele,1,19,0,70,Moderate
India,Nellikkuppam,1,39,2,94,Moderate
India,Pandua,3,97,3,179,Unhealthy
Tajikistan,Panjakent,1,45,0,110,Unhealthy for Sensitive Groups
India,Patna,2,110,1,307,Hazardous
Guatemala,Patzicia,4,2,14,125,Unhealthy for Sensitive Groups
Brazil,Pedra Azul,0,5,1,22,Good
Russian Federation,Petrodvorets,1,37,4,30,Good
Spain,Motril,1,21,5,39,Good
United Republic of Tanzania,Mugango,1,15,0,40,Good
Russian Federation,Mulino,1,30,0,11,Good
Brazil,Muriae,1,7,3,48,Good
Japan,Musashimurayama,1,34,4,47,Good
Germany,Mutterstadt,0,36,1,27,Good
Myanmar,Myitkyina,1,27,0,48,Good
Ukraine,Myronivka,1,43,0,52,Moderate
Japan,Nagoya,1,52,3,59,Moderate
United Kingdom of Great Britain and Northern Ireland,Nailsea,0,33,0,62,Moderate
United Republic of Tanzania,Nanhyanga,0,21,0,34,Good
Brazil,Mariana,2,4,5,59,Moderate
United States of America,Marlton,1,45,4,70,Moderate
France,Marly Le Roi,1,19,4,47,Good
United States of America,Martinsburg,1,42,4,47,Good
India,Masaurhi,2,92,1,310,Hazardous
Philippines,Masinloc,0,25,0,62,Moderate
France,Mauguio,1,37,0,42,Good
Uganda,Mayuge,3,33,1,73,Moderate
Italy,Mazzarino,1,44,0,50,Good
United Republic of Tanzania,Mbuguni,1,16,0,53,Moderate
Canada,Medicine Hat,1,32,0,50,Good
Afghanistan,Mehtar Lam,1,45,0,63,Moderate
Germany,Menden,1,34,2,26,Good
India,Mettur,1,32,1,65,Moderate
France,Meylan,1,27,1,33,Good
Spain,Torrijos,1,28,2,33,Good
Italy,Tortona,1,32,2,26,Good
Russian Federation,Tosno,0,38,0,17,Good
Germany,Tostedt,1,35,1,25,Good
Japan,Tottori,1,37,0,24,Good
Japan,Toyoake,1,51,3,59,Moderate
Ireland,Tralee,1,39,0,54,Moderate
Bulgaria,Trjavna,1,39,0,37,Good
Philippines,Tubigon,1,20,0,66,Moderate
Romania,Turda,1,33,1,61,Moderate
Russian Federation,Udelnaya,1,26,8,57,Moderate
Russian Federation,Uglich,1,33,0,27,Good
Japan,Ujiie,1,42,1,35,Good
Russian Federation,Yarovoye,1,40,0,41,Good
Spain,Yecla,0,33,1,24,Good
Mexico,Zacapu,1,7,3,37,Good
Croatia,Zapresic,1,32,1,32,Good
Poland,Zgierz,1,31,1,35,Good
Croatia,Zupanja,1,32,1,58,Moderate
China,Wenling,2,92,2,77,Moderate
Germany,Werl,1,34,2,26,Good
United States of America,West Covina,4,4,32,128,Unhealthy for Sensitive Groups
United States of America,Westfield,1,47,2,34,Good
United States of America,Willowick,1,32,8,40,Good
France,Wittelsheim,1,31,1,33,Good
Germany,Wittlich,1,31,2,27,Good
United Kingdom,Workington,0,33,0,75,Moderate
Netherlands,Woudenberg,1,29,4,37,Good
China,Xiashi,2,85,3,89,Moderate
Lithuania,Vilkaviskis,1,37,0,49,Good
Bolivia (Plurinational State of),Villamontes,0,10,0,12,Good
Paraguay,Villarrica,1,15,0,35,Good
Russian Federation,Volzhskiy,1,39,0,25,Good
Madagascar,Vondrozo,0,25,0,20,Good
Germany,Wachtberg,1,31,3,29,Good
India,Wanparti,0,30,0,108,Unhealthy for Sensitive Groups
Philippines,Wao,1,20,0,30,Good
Germany,Wardenburg,1,33,2,27,Good
India,Waris Aliganj,1,88,1,283,Hazardous
Australia,Warrnambool,0,27,0,20,Good
Germany,Warstein,1,30,3,29,Good
United States of America,Watauga,1,20,6,56,Moderate
China,Weihai,3,86,2,81,Moderate
Brazil,Alto Piquiri,1,6,2,39,Good
United States of America,Alton,2,27,12,59,Moderate
Switzerland,Altstatten,1,24,3,55,Moderate
Nigeria,Amaigbo,4,18,3,112,Unhealthy for Sensitive Groups
Belgium,Anderlues,1,32,4,67,Moderate
Brazil,Andradina,1,11,0,11,Good
China,Anyang,6,84,15,186,Unhealthy
Mexico,Apaseo El Alto,1,24,2,45,Good
India,Arcot,1,29,0,38,Good
Thailand,Nong Khae,1,29,1,63,Moderate
Brazil,Nova Soure,0,11,1,14,Good
Brazil,Nova Vicosa,0,20,0,17,Good
Denmark,Nykobing,1,21,3,40,Good
Sweden,Nynashamn,1,29,0,8,Good
Germany,Ober Ramstadt,1,41,3,63,Moderate
Germany,Obernkirchen,1,38,5,69,Moderate
India,Obra,3,134,1,160,Unhealthy
Italy,Occhiobello,1,45,2,82,Moderate
Denmark,Odder,1,38,1,32,Good
Pakistan,Moro,1,40,0,157,Unhealthy
India,Morvi,0,28,0,141,Unhealthy for Sensitive Groups
Australia,Morwell,0,14,7,17,Good
Myanmar,Moulmeingyun,0,24,0,34,Good
India,Mudgal,1,38,0,66,Moderate
United Republic of Tanzania,Mugumu,1,15,0,50,Good
India,Muhammadabad,4,143,1,164,Unhealthy
Japan,Muko,1,32,3,33,Good
Switzerland,Munchenstein,1,35,2,59,Moderate
Brazil,Muritiba,1,4,4,59,Moderate
Bangladesh,Nabinagar,1,40,1,62,Moderate
India,Naihati,3,42,3,133,Unhealthy for Sensitive Groups
New Zealand,Napier,0,27,0,15,Good
Russian Federation,Naro Fominsk,1,29,1,38,Good
Turkey,Nazilli,1,45,0,88,Moderate
Brazil,Neopolis,0,15,0,19,Good
United States of America,New Baltimore,2,21,16,65,Moderate
United States of America,New Smyrna Beach,1,25,8,57,Moderate
United Kingdom of Great Britain and Northern Ireland,Newton Aycliffe,1,32,1,13,Good
Japan,Neyagawa,1,31,3,25,Good
India,Neyveli,1,33,1,61,Moderate
Mexico,Nicolas Romero,5,4,18,163,Unhealthy
United States of America,Martha Lake,2,22,12,90,Moderate
Spain,Martos,1,31,2,36,Good
United Republic of Tanzania,Masasi,0,23,0,44,Good
Nicaragua,Matagalpa,1,15,1,25,Good
Romania,Matca,1,42,0,37,Good
Spain,Mazarron,1,34,3,30,Good
Brazil,Medianeira,1,8,1,32,Good
United States of America,Merrydale,2,23,11,66,Moderate
Russian Federation,Novaya Igirma,1,33,0,43,Good
Serbia,Novi Banovci,1,47,1,61,Moderate
Ghana,Nungua,1,17,0,56,Moderate
United States of America,Ojus,1,19,11,58,Moderate
Denmark,Middelfart,1,37,1,38,Good
India,Mohan,4,141,1,169,Unhealthy
Canada,Moncton,1,39,0,26,Good
United States of America,Gladstone,1,19,11,50,Good
Japan,Gobo,1,46,0,11,Good
Germany,Goch,0,32,2,38,Good
Netherlands,Goedereede,0,35,2,32,Good
Russian Federation,Gorkovskiy,1,38,1,31,Good
United States of America,Green,1,43,3,31,Good
United States of America,Grosse Pointe Woods,1,31,7,47,Good
United States of America,Brookfield,1,24,8,48,Good
Poland,Brzesko,1,36,2,73,Moderate
Canada,Buckingham,1,22,2,63,Moderate
Angola,Cabinda,2,49,0,41,Good
Spain,Cabra,1,32,2,32,Good
Brazil,Cachoeirinha,0,11,1,35,Good
Afghanistan,Cah Ab,1,47,0,123,Unhealthy for Sensitive Groups
Spain,Calvia,1,49,0,20,Good
Brazil,Campos Do Jordao,2,4,4,59,Moderate
Philippines,Canlaon,1,17,0,44,Good
China,Caohe,3,50,4,74,Moderate
Portugal,Carcavelos,1,31,5,26,Good
United States of America,Carolina,0,23,0,54,Moderate
Brazil,Carpina,1,9,5,44,Good
Ireland,Castlebar,1,30,0,41,Good
Pakistan,Chakwal,3,157,0,171,Unhealthy
Mozambique,Beira,1,21,0,28,Good
United Kingdom of Great Britain and Northern Ireland,Bentley,1,33,3,16,Good
India,Bhabua,3,119,1,168,Unhealthy
Italy,Biancavilla,1,46,0,52,Moderate
Germany,Bietigheim Bissingen,1,36,2,64,Moderate
India,Bilgi,1,32,1,125,Unhealthy for Sensitive Groups
Finland,Lappeenranta,1,31,0,19,Good
Finland,Lapua,1,34,0,15,Good
Portugal,Laranjeiro,0,25,3,13,Good
United States of America,Las Vegas,1,20,4,46,Good
Poland,Laziska Gorne,2,38,4,83,Moderate
United States of America,Lehi,1,33,4,26,Good
China,Leiyang,3,21,11,97,Moderate
Albania,Lezhe,1,42,1,72,Moderate
Mozambique,Lichinga,0,22,0,27,Good
Germany,Lichtenau,1,40,4,65,Moderate
Poland,Lidzbark Warminski,1,36,0,30,Good
China,Daokou,5,176,8,173,Unhealthy
United States of America,Davie,2,13,16,74,Moderate
France,Decines Charpieu,1,29,2,55,Moderate
India,Dewas,1,40,0,147,Unhealthy for Sensitive Groups
India,Dhoraji,0,27,0,129,Unhealthy for Sensitive Groups
India,Dhulian,2,49,2,80,Moderate
Burkina Faso,Diapaga,1,18,0,36,Good
Nicaragua,Diriamba,1,18,1,42,Good
Brazil,Dois Irmaos,1,15,3,37,Good
Hungary,Dombovar,1,44,1,61,Moderate
Indonesia,Balapulang,2,62,1,78,Moderate
Cameroon,Bamenda,4,10,1,52,Moderate
Nepal,Banepa,1,40,0,55,Moderate
Spain,Barbastro,2,15,2,55,Moderate
India,Basti,3,83,1,105,Unhealthy for Sensitive Groups
United States of America,Olney,2,24,13,55,Moderate
Russian Federation,Omsk,1,26,2,55,Moderate
Chad,Pala,1,14,0,78,Moderate
United States of America,Palm Coast,1,24,7,61,Moderate
Ecuador,Daule,1,16,4,61,Moderate
Panama,David,1,18,3,57,Moderate
Afghanistan,Deh Rawud,0,49,0,47,Good
China,Dengfeng,2,150,3,86,Unhealthy
Germany,Denkendorf,1,27,3,64,Moderate
Pakistan,Dera Bugti,1,63,0,162,Unhealthy
India,Deulgaon Raja,1,34,0,149,Unhealthy for Sensitive Groups
India,Dhariwal,3,148,1,115,Unhealthy for Sensitive Groups
India,Dhenkanal,2,42,2,157,Unhealthy
Germany,Diez,1,26,3,51,Moderate
India,Dinhata,2,41,0,54,Moderate
United Kingdom of Great Britain and Northern Ireland,Doncaster,0,30,4,26,Good
Denmark,Aabenraa,1,38,2,45,Good
Mexico,Actopan,1,18,3,67,Moderate
United States of America,Adrian,2,16,16,84,Moderate
Colombia,Aguadas,3,1,6,82,Moderate
Japan,Akiruno,1,43,2,60,Moderate
Netherlands,Alblasserdam,1,32,5,43,Good
France,Allauch,1,30,6,27,Good
United States of America,Birmingham,2,18,18,86,Moderate
United States of America,Bloomsburg,2,20,17,70,Moderate
Brazil,Boca Da Mata,1,7,3,45,Good
Myanmar,Bogale,0,24,0,34,Good
Burkina Faso,Boulsa,1,19,1,48,Good
Russian Federation,Bratsk,1,33,0,44,Good
United States of America,Bristol,3,8,16,71,Moderate
Ukraine,Brody,1,29,1,43,Good
Mexico,Coatzintla,3,8,10,98,Moderate
Italy,Codogno,1,43,1,55,Moderate
United States of America,Frederick,2,26,12,51,Moderate
Germany,Freital,1,27,4,50,Good
Brazil,Gameleira,0,16,3,38,Good
Italy,Gemona,1,36,2,89,Moderate
Philippines,General Mamerto Natividad,1,31,1,95,Moderate
United States of America,Holyoke,1,27,5,28,Good
Mexico,Huatabampo,1,25,1,58,Moderate
India,Hubli,0,23,0,50,Good
Brazil,Icara,2,8,6,53,Moderate
United Republic of Tanzania,Igunga,0,15,0,21,Good
United States of America,Coos Bay,1,27,2,34,Good
United States of America,Crestline,2,12,19,77,Moderate
United States of America,Crestview,2,35,6,59,Moderate
United States of America,Cross Lanes,2,9,25,77,Moderate
Italy,Cutro,1,43,0,61,Moderate
Spain,Illescas,1,22,5,59,Moderate
Italy,Induno Olona,1,35,2,66,Moderate
Japan,Ishii,1,33,2,17,Good
Germany,Issum,1,20,8,51,Moderate
Brazil,Itapaci,1,8,1,41,Good
India,Jejuri,1,29,1,100,Unhealthy for Sensitive Groups
Indonesia,Jember,1,27,0,46,Good
China,Jiaxing,3,34,11,130,Unhealthy for Sensitive Groups
China,Jiutai,2,84,1,86,Moderate
Brazil,Juruti,0,7,0,25,Good
Russian Federation,Kameshkovo,1,25,5,58,Moderate
Pakistan,Kamoke,3,167,1,165,Unhealthy
United States of America,Fort Thomas,2,32,13,69,Moderate
Japan,Fujinomiya,1,38,1,45,Good
Albania,Fushe Kruje,1,41,1,74,Moderate
India,Gadwal,1,44,1,81,Moderate
Portugal,Gafanha Da Nazare,1,35,1,21,Good
United States of America,Galveston,1,27,1,30,Good
Japan,Gamagori,1,32,2,42,Good
Bangladesh,Gaurnadi,1,28,1,52,Moderate
Pakistan,Gharo,1,31,1,150,Unhealthy
Turkey,Giresun,1,37,0,23,Good
Philippines,Hinatuan,1,18,0,33,Good
United States of America,Hudson,1,29,6,55,Moderate
Germany,Idar Oberstein,1,31,4,63,Moderate
Belize,Dangriga,1,22,0,19,Good
Brazil,Demerval Lobao,1,8,2,49,Good
China,Deqing,4,178,5,116,Unhealthy
Haiti,Dessalines,2,24,3,74,Moderate
India,Dhanaula,3,78,7,326,Hazardous
India,Didwana,1,37,0,334,Hazardous
Iran (Islamic Republic of),Do Rud,0,42,0,82,Moderate
Bosnia and Herzegovina,Doboj,1,34,1,74,Moderate
Sweden,Gavle,1,28,0,14,Good
Russian Federation,Gay,1,41,0,17,Good
France,Gentilly,1,28,2,31,Good
India,Ghatsila,1,71,0,172,Unhealthy
France,Drancy,1,26,3,38,Good
United States of America,Duluth,1,37,2,51,Moderate
United Kingdom of Great Britain and Northern Ireland,Dumbarton,1,24,4,23,Good
United States of America,East Renton Highlands,2,13,17,64,Moderate
Hungary,Edeleny,1,36,1,57,Moderate
United States of America,Edgewood,1,34,4,49,Good
Canada,Edmonton,1,12,11,49,Good
Nigeria,Ejigbo,4,22,2,102,Unhealthy for Sensitive Groups
Guatemala,El Tejar,3,7,12,96,Moderate
Russian Federation,Elektrostal,1,32,6,41,Good
Germany,Erkner,0,28,2,31,Good
India,Fazilka,1,47,1,450,Hazardous
Peru,Ferrenafe,0,19,1,34,Good
France,Flers,1,30,2,22,Good
Colombia,Fonseca,1,9,2,82,Moderate
United States of America,San Dimas,3,8,28,116,Unhealthy for Sensitive Groups
Guatemala,San Mateo Ixtatan,1,8,3,48,Good
Italy,San Remo,1,39,1,34,Good
Philippines,Santa Elena,1,30,0,27,Good
Brazil,Santo Andre,4,2,12,128,Unhealthy for Sensitive Groups
Brazil,Santo Antonio De Jesus,1,7,4,52,Moderate
Portugal,Sao Domingos De Rana,1,28,8,29,Good
Brazil,Sao Simao,1,4,2,50,Good
Belgium,Rotselaar,1,28,6,51,Moderate
India,Rusera,3,57,2,115,Unhealthy for Sensitive Groups
Germany,Russelsheim,2,36,5,71,Moderate
Thailand,Sadao,1,28,0,58,Moderate
France,Saint Herblain,1,22,4,57,Moderate
France,Saint Medard En Jalles,1,31,2,35,Good
Japan,Sakaide,2,36,4,57,Moderate
Russian Federation,Solnechnogorsk,1,26,2,47,Good
Italy,Somma Lombardo,1,30,4,68,Moderate
Russian Federation,Sosva,1,32,0,33,Good
United States of America,Spokane,1,33,2,67,Moderate
Pakistan,Sujawal,1,36,0,150,Unhealthy
South Africa,Sundumbili,6,25,6,153,Unhealthy
Philippines,Morong,1,25,1,53,Moderate
Colombia,Mosquera,3,7,10,95,Moderate
India,Mungaoli,1,34,0,157,Unhealthy
Japan,Murakami,1,42,0,29,Good
India,Murud,0,22,0,101,Unhealthy for Sensitive Groups
Democratic Republic of the Congo,Mushie,9,31,3,184,Unhealthy
Chile,Nacimiento,1,15,4,42,Good
Japan,Nakajo,1,42,0,28,Good
Thailand,Nan,0,23,0,38,Good
India,Nanpara,4,177,1,177,Unhealthy
Ecuador,Naranjito,1,14,5,59,Moderate
Norway,Narvik,1,29,0,6,Good
India,Nayagarh,1,49,0,160,Unhealthy
Serbia,Negotin,1,36,3,78,Moderate
Japan,Nemuro,1,35,0,32,Good
India,Nerkunram,2,32,2,154,Unhealthy
Germany,Neunkirchen,0,27,1,29,Good
Canada,New Glasgow,1,49,0,47,Good
Brazil,Nossa Senhora Das Dores,0,16,1,27,Good
Brazil,Nova Cruz,0,21,1,35,Good
Nigeria,Offa,4,25,2,106,Unhealthy for Sensitive Groups
Spain,Oleiros,0,28,2,36,Good
Colombia,Supia,3,2,6,82,Moderate
India,Suratgarh,1,41,0,474,Hazardous
India,Surendranagar,0,39,0,154,Unhealthy
Ukraine,Svalyava,1,26,2,61,Moderate
Republic of North Macedonia,Sveti Nikole,1,41,0,51,Moderate
Bulgaria,Svilengrad,1,29,3,31,Good
Poland,Swarzedz,1,27,2,29,Good
Kyrgyzstan,Talas,0,42,0,62,Moderate
Japan,Tamano,1,47,1,23,Good
Indonesia,Tambun,3,147,1,128,Unhealthy for Sensitive Groups
Malaysia,Tampin,1,37,0,64,Moderate
India,Tanakpur,2,117,0,98,Unhealthy for Sensitive Groups
Pakistan,Tando Muhammad Khan,1,47,0,175,Unhealthy
Kazakhstan,Taraz,1,51,0,68,Moderate
Italy,Terrasini,1,46,1,41,Good
India,Thanesar,3,172,2,233,Very Unhealthy
India,Thanjavur,1,31,0,61,Moderate
Thailand,Thanyaburi,1,29,1,64,Moderate
United States of America,Tifton,2,8,9,85,Moderate
Botswana,Maun,0,14,0,30,Good
Germany,Mengen,1,24,3,50,Good
United States of America,Middle Valley,2,44,3,56,Moderate
India,Minjur,2,29,3,139,Unhealthy for Sensitive Groups
Belarus,Minsk,1,27,3,35,Good
Spain,Miranda De Ebro,0,34,0,30,Good
India,Mirik,2,40,0,51,Moderate
Russian Federation,Mirnyy,1,27,0,10,Good
Nigeria,Modakeke,8,8,8,170,Unhealthy
Mexico,Momoxpan,3,7,11,152,Unhealthy
Liberia,Monrovia,1,17,0,60,Moderate
Italy,Monte San Pietro,1,39,1,18,Good
France,Montreuil,1,28,2,30,Good
Portugal,Vila Real De Santo Antonio,0,32,1,15,Good
France,Villeneuve La Garenne,1,28,2,31,Good
Germany,Vilshofen,1,29,3,54,Moderate
Republic of North Macedonia,Vinica,1,41,0,46,Good
Italy,Virgilio,2,30,7,79,Moderate
Brazil,Vitoria De Santo Antao,1,18,3,46,Good
Togo,Vogan,2,20,2,108,Unhealthy for Sensitive Groups
Netherlands,Voorschoten,0,36,1,28,Good
Viet Nam,Vung Tau,2,47,1,115,Unhealthy for Sensitive Groups
India,Wadi,0,24,0,74,Moderate
Poland,Wagrowiec,1,30,1,28,Good
United States of America,Wanaque,1,27,9,58,Moderate
United States of America,Waterville,1,38,2,30,Good
Indonesia,Wates,1,39,0,73,Moderate
Belgium,Tournai,1,26,3,38,Good
United States of America,Trussville,1,18,9,80,Moderate
Poland,Trzebinia,1,33,4,61,Moderate
Japan,Tsuruoka,1,39,0,28,Good
Colombia,Tumaco,1,20,0,18,Good
Colombia,Turbaco,1,22,1,94,Moderate
United States of America,Tyler,1,23,3,48,Good
Sudan,Umm Kaddadah,1,18,1,85,Moderate
Saudi Arabia,Umm Lajj,1,37,1,67,Moderate
Sweden,Upplands Vasby,1,31,0,9,Good
Colombia,Urrao,2,3,6,72,Moderate
Brazil,Valenca Do Piaui,0,15,0,21,Good
Colombia,Valledupar,1,18,0,65,Moderate
Philippines,Vallehermoso,1,22,0,51,Moderate
Italy,Valmadrera,1,23,4,61,Moderate
Italy,Venafro,1,44,1,34,Good
Brazil,Veranopolis,1,16,1,15,Good
Russian Federation,Vereshchagino,1,26,1,37,Good
India,Thakurdwara,4,203,3,235,Very Unhealthy
Hungary,Tiszakecske,1,31,1,67,Moderate
Japan,Togane,1,50,0,22,Good
United States of America,Tolland,1,32,5,50,Good
United States of America,Laplace,2,18,8,99,Moderate
Brazil,Laranjeiras,1,15,2,44,Good
United States of America,Leawood,2,26,10,70,Moderate
Italy,Licata,1,46,0,54,Moderate
China,Liling,3,53,6,106,Unhealthy for Sensitive Groups
India,Limbdi,1,39,0,159,Unhealthy
Canada,Lindsay,1,36,1,36,Good
India,Lingsugur,0,29,0,97,Moderate
Senegal,Linguere,1,23,1,152,Unhealthy
Australia,Lithgow,0,23,1,13,Good
France,Livry Gargan,1,21,5,51,Moderate
Russian Federation,Lodeynoye Pole,1,35,0,18,Good
United States of America,Logan,2,3,9,57,Moderate
France,Longjumeau,1,18,6,53,Moderate
France,Loos,1,23,3,38,Good
Ukraine,Lozova,1,37,1,58,Moderate
Indonesia,Lumajang,1,26,0,42,Good
Zambia,Lundazi,1,21,0,42,Good
India,Maghar,3,148,1,327,Hazardous
India,Makhu,1,93,1,379,Hazardous
Nigeria,Malumfashi,3,36,0,94,Moderate
Mayotte,Mamoudzou,0,25,0,15,Good
United States of America,Manhattan Beach,3,14,33,97,Moderate
India,Manjeri,1,24,1,67,Moderate
United States of America,Manville,1,45,4,61,Moderate
United States of America,Maple Shade,1,45,4,62,Moderate
Brazil,Maravilha,1,11,1,27,Good
Iran (Islamic Republic of),Khorramshahr,2,129,1,152,Unhealthy
Malaysia,Klang,1,34,1,57,Moderate
United Republic of Tanzania,Kondoa,0,16,0,32,Good
Croatia,Koprivnica,1,33,1,47,Good
Japan,Koriyama,1,43,1,26,Good
Belgium,Kortemark,1,25,3,39,Good
Poland,Koscierzyna,0,36,0,29,Good
Malaysia,Kota Tinggi,1,52,2,129,Unhealthy for Sensitive Groups
India,Kandla,0,29,0,162,Unhealthy
Malaysia,Kapit,2,14,0,38,Good
India,Kapurthala,2,140,1,292,Very Unhealthy
Croatia,Karlovac,1,31,1,28,Good
Uzbekistan,Karmana,1,41,0,154,Unhealthy
Nigeria,Kaura Namoda,2,34,0,84,Moderate
United Republic of Tanzania,Kayanga,1,14,0,55,Moderate
Malaysia,Keningau,1,23,0,55,Moderate
Bangladesh,Khagrachari,1,37,0,57,Moderate
India,Khairabad,1,56,1,403,Hazardous
Greece,Khalkis,1,45,0,56,Moderate
Thailand,Khanu Woralaksaburi,0,20,0,46,Good
Albania,Kruje,1,49,0,51,Moderate
India,Kuju,1,56,1,199,Unhealthy
Ghana,Kumasi,1,18,0,79,Moderate
Russian Federation,Kursk,1,34,1,64,Moderate
Colombia,La Ceja,3,2,6,96,Moderate
Ecuador,La Mana,2,3,7,71,Moderate
United States of America,Lacey,1,30,3,21,Good
Mexico,Tecamachalco,1,30,1,82,Moderate
Burkina Faso,Tenkodogo,1,27,0,54,Moderate
Thailand,That Phanom,2,14,2,60,Moderate
United States of America,Thibodaux,0,26,0,17,Good
Romania,Titu,1,45,0,54,Moderate
Japan,Toda,1,28,18,83,Moderate
Chile,Tome,4,11,8,168,Unhealthy
Botswana,Tonota,0,30,0,24,Good
Greece,Triandria,1,56,0,69,Moderate
Czechia,Trinec,1,46,0,72,Moderate
Poland,Trzcianka,1,42,0,22,Good
Russian Federation,Tsivilsk,1,32,2,38,Good
Colombia,Tuquerres,0,10,0,24,Good
India,Uchana,4,66,9,166,Unhealthy
India,Ulundurpettai,2,26,12,103,Unhealthy for Sensitive Groups
United States of America,University Place,1,32,4,44,Good
Russian Federation,Ust Kut,1,16,1,59,Moderate
South Sudan,Uwayl,1,11,0,84,Moderate
Sweden,Varnamo,1,40,0,9,Good
Sweden,Vasteras,1,35,0,14,Good
Netherlands,Veendam,0,37,0,33,Good
Turkey,Vezirkopru,1,42,0,31,Good
Mexico,Victor Rosales,1,27,0,40,Good
Malaysia,Sungai Petani,3,23,10,150,Unhealthy
Hungary,Szentendre,1,63,0,57,Moderate
Iran (Islamic Republic of),Tabas,1,42,0,115,Unhealthy for Sensitive Groups
Thailand,Tak Bai,2,27,3,72,Moderate
Japan,Takahata,3,2,21,80,Moderate
Japan,Tama,2,27,14,80,Moderate
Australia,Tamworth,0,23,1,12,Good
Sudan,Tandalti,1,56,0,98,Moderate
Indonesia,Tanggul,6,9,12,160,Unhealthy
France,Tarbes,1,33,0,15,Good
Poland,Tarnowskie Gory,1,43,1,57,Moderate
Tunisia,Tatawin,1,49,0,139,Unhealthy for Sensitive Groups
Germany,Taucha,1,47,0,50,Good
United States of America,Sterling Heights,1,33,1,52,Moderate
United States of America,Storrs,1,39,4,53,Moderate
Canada,Summerside,1,36,1,9,Good
Chile,Villa Alemana,13,5,25,193,Unhealthy
Russian Federation,Vinzili,1,41,1,31,Good
France,Vire,1,36,1,52,Moderate
India,Vizianagaram,3,39,7,129,Unhealthy for Sensitive Groups
Kenya,Voi,0,22,0,14,Good
Russian Federation,Vologda,1,29,0,9,Good
Ghana,Wa,1,22,0,42,Good
Germany,Waghausel,1,60,0,64,Moderate
Austria,Waidhofen,1,47,0,71,Moderate
Namibia,Walvis Bay,1,19,0,118,Unhealthy for Sensitive Groups
United States of America,Warrington,2,78,1,33,Moderate
China,Weifang,6,82,16,165,Unhealthy
Pakistan,Sargodha,4,71,7,168,Unhealthy
Italy,Sarzana,1,68,0,37,Moderate
Germany,Schoningen,1,44,0,38,Good
Germany,Schwalmtal,1,39,1,52,Moderate
Germany,Schwerin,1,42,0,24,Good
Germany,Schwerte,1,44,0,53,Moderate
United States of America,Seaford,1,46,5,60,Moderate
India,Sedam,2,40,3,159,Unhealthy
Italy,Selargius,1,67,1,28,Moderate
Italy,Seravezza,1,72,0,36,Moderate
Zambia,Sesheke,0,27,0,20,Good
India,Shankargarh,5,80,7,181,Unhealthy
India,Shimoga,1,14,3,55,Moderate
India,Shirpur,1,35,2,131,Unhealthy for Sensitive Groups
Myanmar,Shwebo,1,11,2,58,Moderate
Philippines,Silay,2,29,3,72,Moderate
United States of America,Sioux Falls,1,37,2,40,Good
India,Sirumugai,2,19,4,76,Moderate
India,Sohna,6,53,15,181,Unhealthy
Guatemala,San Francisco El Alto,2,18,3,56,Moderate
Spain,San Juan De Aznalfarache,1,42,0,17,Good
Mexico,San Luis De La Paz,0,29,0,40,Good
Philippines,San Pascual,1,25,6,70,Moderate
Iran (Islamic Republic of),Sanandaj,1,38,0,78,Moderate
India,Sangamner,2,29,5,153,Unhealthy
Brazil,Santo Angelo,0,18,0,16,Good
Portugal,Sao Mamede De Infesta,0,41,0,20,Good
Afghanistan,Sar E Pul,1,34,0,95,Moderate
United States of America,Glasgow,1,50,0,31,Good
China,Gongzhuling,4,76,6,141,Unhealthy for Sensitive Groups
France,Graulhet,1,39,1,52,Moderate
France,Grenoble,2,50,1,40,Good
Honduras,Guaimaca,1,21,0,37,Good
Brazil,Guaira,1,27,0,36,Good
Japan,Gyoda,2,12,21,84,Moderate
Poland,Hajnowka,1,39,0,18,Good
United States of America,Hammonton,1,48,1,35,Good
United States of America,Hanson,1,42,1,44,Good
India,Harpalpur,3,125,2,167,Unhealthy
Iran (Islamic Republic of),Harsin,1,38,0,105,Unhealthy for Sensitive Groups
Japan,Hatsukaichi,1,47,4,55,Moderate
France,Henin Beaumont,1,38,1,50,Good
Germany,Herbrechtingen,1,53,0,64,Moderate
United States of America,Hershey,1,46,1,37,Good
United Kingdom of Great Britain and Northern Ireland,Heywood,1,37,1,38,Good
United States of America,Hialeah Gardens,1,34,1,29,Good
Germany,Hildesheim,1,43,0,37,Good
Pakistan,Hingorja,1,26,4,149,Unhealthy for Sensitive Groups
Lesotho,Hlotse,1,19,1,55,Moderate
United States of America,Hollywood,1,35,1,31,Good
United States of America,Hopkins,1,30,2,54,Moderate
Norway,Horten,1,48,0,17,Good
Libya,Hun,1,41,0,175,Unhealthy
Japan,Isahaya,1,34,6,39,Good
Brazil,Itacare,0,26,0,41,Good
Brazil,Itapecerica Da Serra,3,24,9,144,Unhealthy for Sensitive Groups
Paraguay,Itaugua,0,16,0,28,Good
Brazil,Jandira,3,24,7,131,Unhealthy for Sensitive Groups
Brazil,Japeri,1,28,2,67,Moderate
Dominican Republic,Jarabacoa,1,38,0,110,Unhealthy for Sensitive Groups
Brazil,Jardim,1,11,0,36,Good
Tunisia,Jarjis,1,59,0,28,Moderate
United States of America,Jasmine Estates,1,82,1,14,Moderate
India,Jatni,3,36,3,114,Unhealthy for Sensitive Groups
China,Jiexiu,4,21,22,151,Unhealthy
China,Juegang,10,3,44,183,Unhealthy
Democratic Republic of the Congo,Kabinda,4,70,3,160,Unhealthy
India,Kaimganj,3,51,6,158,Unhealthy
India,Kambam,1,18,3,64,Moderate
Democratic Republic of the Congo,Kambove,1,30,1,77,Moderate
Japan,Kasumigaura,1,22,12,65,Moderate
Lithuania,Kedainiai,1,35,0,22,Good
Germany,Kempen,1,38,1,51,Moderate
Pakistan,Khairpur Nathan Shah,1,35,4,142,Unhealthy for Sensitive Groups
India,Khudaganj,4,25,10,156,Unhealthy
Ukraine,Khust,1,47,0,59,Moderate
Russian Federation,Kirensk,2,21,1,126,Unhealthy for Sensitive Groups
Nepal,Kirtipur,4,14,4,151,Unhealthy
United Republic of Tanzania,Kisesa,1,18,0,24,Good
Japan,Kishiwada,2,26,11,75,Moderate
Germany,Kissing,1,59,0,66,Moderate
Uzbekistan,Kitob,1,34,4,68,Moderate
Russian Federation,Kolpino,1,28,2,14,Good
Switzerland,Koniz,1,43,0,42,Good
Belgium,Kontich,1,37,2,49,Good
Slovenia,Kranj,1,44,0,72,Moderate
Germany,Kriftel,1,63,0,59,Moderate
Russian Federation,Krivyanskaya,1,45,2,23,Good
Japan,Kushima,1,42,2,36,Good
France,La Garde,1,49,4,39,Good
United States of America,La Mesa,1,27,10,55,Moderate
Hungary,Lajosmizse,1,64,0,57,Moderate
Côte d'Ivoire,Lakota,1,19,0,20,Good
Peru,Lamas,1,6,0,39,Good
United States of America,Lansing,1,36,4,60,Moderate
China,Lanzhou,3,24,18,152,Unhealthy
Mexico,Las Rosas,1,24,0,47,Good
Ecuador,Latacunga,0,7,0,21,Good
France,Le Havre,1,41,0,51,Moderate
Portugal,Leca Da Palmeira,0,41,1,21,Good
Kazakhstan,Lenger,1,24,4,103,Unhealthy for Sensitive Groups
China,Lengshuijiang,11,3,29,184,Unhealthy
China,Leshan,9,9,27,180,Unhealthy
Belgium,Liedekerke,1,38,2,52,Moderate
Latvia,Liepaja,1,34,0,27,Good
United States of America,Linda,1,27,6,50,Good
United States of America,Lindenwold,1,48,1,38,Good
United States of America,Little Chute,1,29,1,57,Moderate
United States of America,Livonia,1,33,2,62,Moderate
Spain,Llanera,1,42,0,18,Good
Angola,Longonjo,0,28,0,16,Good
Mexico,Los Reyes,1,31,0,51,Moderate
Poland,Lubliniec,1,44,0,53,Moderate
United States of America,Ludlow,1,44,1,50,Good
Russian Federation,Lukoyanov,1,32,1,42,Good
Ecuador,Machala,1,19,1,36,Good
United States of America,Marietta,1,67,3,29,Moderate
Libya,Marzuq,1,33,0,160,Unhealthy
France,Matoury,0,19,0,19,Good
France,Maurepas,1,40,2,72,Moderate
Cameroon,Melong,1,19,0,57,Moderate
Angola,Menongue,0,32,0,8,Good
Poland,Milanowek,1,41,0,31,Good
Bolivia (Plurinational State of),Mineros,0,11,0,27,Good
Pakistan,Mingaora,4,41,6,163,Unhealthy
United States of America,Mission Viejo,1,31,6,50,Good
Germany,Mittweida,1,46,0,55,Moderate
Spain,Moguer,1,41,0,21,Good
France,Moissac,1,40,0,39,Good
Spain,Molina De Segura,1,38,0,37,Good
Brazil,Mongagua,2,26,5,82,Moderate
Chile,Monte Patria,0,18,1,31,Good
Italy,Muggia,1,48,0,80,Moderate
United States of America,Munhall,1,40,2,49,Good
Hungary,Nagyatad,1,65,0,58,Moderate
India,Najibabad,4,33,10,157,Unhealthy
Japan,Nakama,1,55,2,50,Moderate
China,Nandu,5,27,10,103,Unhealthy for Sensitive Groups
India,Nandyal,2,43,2,94,Moderate
Kenya,Nanyuki,2,16,1,72,Moderate
Pakistan,Narang,6,36,14,173,Unhealthy
Brazil,Natividade,0,23,0,29,Good
Ireland,Navan,1,38,0,35,Good
India,Nayudupeta,3,47,4,141,Unhealthy for Sensitive Groups
Netherlands,Neerijnen,1,38,1,38,Good
Germany,Neubrandenburg,1,44,0,23,Good
United States of America,New Cassel,2,38,8,59,Moderate
United Kingdom of Great Britain and Northern Ireland,Newcastle Upon Tyne,1,39,0,40,Good
Japan,Nobeoka,1,31,4,40,Good
Russian Federation,Nogir,1,40,1,35,Good
United States of America,North Amityville,1,46,5,60,Moderate
United States of America,North Canton,1,40,1,49,Good
United States of America,Northbrook,1,41,3,42,Good
Italy,Novate Milanese,1,67,0,90,Moderate
Cuba,Nueva Gerona,1,33,0,26,Good
Uzbekistan,Nukus,1,28,3,69,Moderate
Japan,Numazu,1,36,5,71,Moderate
Netherlands,Nunspeet,0,38,0,29,Good
Finland,Nurmijarvi,1,34,1,8,Good
Argentina,Obera,0,19,0,12,Good
Brazil,Oeiras,0,20,0,18,Good
Japan,Oiso,1,35,6,70,Moderate
Hungary,Esztergom,1,63,0,57,Moderate
Germany,Euskirchen,1,48,0,55,Moderate
Republic of Moldova,Falesti,1,55,0,56,Moderate
Canada,Fergus,1,27,0,32,Good
United States of America,Foster City,1,32,4,52,Moderate
Germany,Freudenberg,1,47,0,53,Moderate
Uzbekistan,Gazalkent,1,39,5,87,Moderate
Germany,Geldern,1,37,1,48,Good
China,Genhe,1,29,0,123,Unhealthy for Sensitive Groups
India,Ghogha,1,25,1,91,Moderate
China,Dandong,2,42,3,81,Moderate
Togo,Dapaong,1,27,0,48,Good
Germany,Datteln,1,42,0,52,Moderate
United States of America,Decatur,1,44,1,60,Moderate
Belgium,Deerlijk,1,38,1,44,Good
Ethiopia,Dejen,1,23,0,61,Moderate
Iran (Islamic Republic of),Delijan,1,37,0,109,Unhealthy for Sensitive Groups
Turkey,Demirci,1,54,0,50,Moderate
United States of America,Dentsville,1,43,2,28,Good
India,Deoranian,4,33,8,154,Unhealthy
Turkey,Devrek,1,43,0,51,Moderate
Belgium,Dison,1,42,1,57,Moderate
Romania,Dolhasca,1,46,0,58,Moderate
France,Draguignan,1,57,1,38,Moderate
United States of America,East Ridge,1,42,3,27,Good
Germany,Ebersberg,1,67,0,68,Moderate
Spain,Ejea De Los Caballeros,1,38,0,11,Good
Egypt,El Balyana,1,80,0,79,Moderate
United States of America,Elk Grove,1,27,7,50,Good
India,Madhipura,4,36,8,144,Unhealthy for Sensitive Groups
Kenya,Magadi,1,17,0,30,Good
Portugal,Maia,0,40,1,20,Good
India,Majitha,4,45,8,163,Unhealthy
India,Malpura,2,32,5,186,Unhealthy
Madagascar,Mananara,0,17,0,15,Good
Myanmar,Mandalay,2,7,3,71,Moderate
Bangladesh,Manikganj,4,20,11,151,Unhealthy
Romania,Baia Sprie,1,45,0,54,Moderate
Indonesia,Barabai,2,5,2,67,Moderate
Venezuela (Bolivarian Republic of),Barquisimeto,1,21,0,32,Good
United States of America,Bellefontaine,1,38,1,46,Good
India,Beri,5,113,9,176,Unhealthy
Belgium,Berlare,1,37,2,49,Good
Uzbekistan,Beruni,1,39,3,71,Moderate
India,Bhinga,4,25,9,141,Unhealthy for Sensitive Groups
India,Bhuvanagiri,2,31,6,91,Moderate
United States of America,Big Rapids,1,29,0,48,Good
Japan,Bihoro,1,35,1,37,Good
Botswana,Bobonong,0,31,0,24,Good
United States of America,Bogalusa,1,35,1,48,Good
Italy,Bolzano,1,42,0,61,Moderate
Côte d'Ivoire,Bonoua,1,23,0,33,Good
Georgia,Borjomi,1,32,0,65,Moderate
United States of America,Bossier City,1,45,1,43,Good
United States of America,Bremerton,1,27,6,41,Good
United States of America,Brook Park,1,38,2,54,Moderate
Canada,Brooks,1,26,1,60,Moderate
United States of America,Brunswick,1,30,1,22,Good
Switzerland,Buchs,1,48,0,56,Moderate
Iran (Islamic Republic of),Bukan,1,47,0,61,Moderate
Democratic Republic of the Congo,Bumba,2,10,0,80,Moderate
Italy,Bussolengo,1,49,0,83,Moderate
Germany,Buxtehude,1,45,0,24,Good
Poland,Bystrzyca Klodzka,1,40,0,59,Moderate
France,Caen,1,37,1,55,Moderate
Italy,Cairo Montenotte,1,64,0,51,Moderate
France,Cannes,1,61,1,42,Moderate
Mexico,Capilla De Guadalupe,1,30,0,54,Moderate
United Kingdom of Great Britain and Northern Ireland,Carlisle,1,38,0,35,Good
United States of America,Carpinteria,1,22,7,50,Good
Italy,Carugate,1,64,0,89,Moderate
Italy,Caselle Torinese,1,55,0,79,Moderate
Italy,Castrovillari,1,51,0,42,Moderate
Brazil,Catu,0,22,0,21,Good
Angola,Catumbela,1,20,0,53,Moderate
Italy,Cetraro,1,49,0,51,Moderate
India,Channapatna,1,20,4,68,Moderate
India,Chinnammanur,2,14,4,79,Moderate
Russian Federation,Chuguyevka,1,61,0,71,Moderate
China,Chuncheng,2,16,10,81,Moderate
China,Chuzhou,8,22,31,168,Unhealthy
Denmark,Aalborg,1,46,0,12,Good
Brazil,Abaetetuba,0,17,0,36,Good
United States of America,Acushnet,1,40,2,47,Good
Greece,Agrinion,1,43,0,114,Unhealthy for Sensitive Groups
Mexico,Agua Dulce,2,20,1,67,Moderate
Mexico,Aguascalientes,1,21,2,55,Moderate
India,Ahmadnagar,2,33,6,155,Unhealthy
Hungary,Albertirsa,1,66,0,58,Moderate
Portugal,Alcabideche,1,38,2,20,Good
Russian Federation,Aldan,1,23,0,30,Good
Russian Federation,Aleksandrovskoye,1,45,0,19,Good
Colombia,Algarrobo,1,27,0,83,Moderate
Russian Federation,Alleroy,1,43,1,61,Moderate
United States of America,Altamonte Springs,1,97,1,20,Moderate
India,Ambasamudram,1,21,3,68,Moderate
India,Amloh,4,43,13,161,Unhealthy
Netherlands,Amsterdam,0,38,0,30,Good
Colombia,Andes,2,20,1,63,Moderate
Spain,Arahal,1,43,0,14,Good
Japan,Asahi,0,28,6,52,Moderate
Turkmenistan,Asgabat,1,39,1,115,Unhealthy for Sensitive Groups
France,Aurillac,1,40,0,60,Moderate
Colombia,Ayapel,1,19,0,57,Moderate
Ecuador,Azogues,0,7,0,8,Good
India,Babra,1,32,3,129,Unhealthy for Sensitive Groups
United Kingdom of Great Britain and Northern Ireland,Coalville,1,29,1,35,Good
United States of America,Coamo,0,29,0,121,Unhealthy for Sensitive Groups
Brazil,Conceicao Do Araguaia,0,14,0,32,Good
Italy,Copparo,1,67,0,86,Moderate
Philippines,Cotabato,1,22,1,37,Good
Japan,Daigo,1,20,7,56,Moderate
India,Rupnagar,5,17,25,167,Unhealthy
Italy,Ruvo Di Puglia,1,59,0,44,Moderate
Russian Federation,Rylsk,1,40,0,12,Good
Japan,Saga,1,46,3,34,Good
France,Saint Ouen,1,45,1,69,Moderate
Japan,Sakai,2,21,20,83,Moderate
Sweden,Sala,1,34,0,14,Good
South Africa,Randfontein,7,15,17,192,Unhealthy
Poland,Reda,1,35,0,24,Good
Germany,Rehburg Loccum,1,43,0,30,Good
Brazil,Ribeirao Das Neves,1,22,1,41,Good
Brazil,Ribeirao,0,23,0,16,Good
Brazil,Ribeiropolis,0,21,0,13,Good
Brazil,Rio De Janeiro,1,33,4,87,Moderate
Argentina,Rio Gallegos,0,17,0,4,Good
Brazil,Rio Pardo,1,17,1,31,Good
United States of America,Riviera Beach,1,51,1,45,Moderate
United States of America,Rolla,1,44,0,72,Moderate
India,Ron,1,21,3,49,Good
Bangladesh,Pirganj,4,25,9,133,Unhealthy for Sensitive Groups
United States of America,Placentia,4,16,22,134,Unhealthy for Sensitive Groups
Russian Federation,Pogar,1,41,0,15,Good
Russian Federation,Pogranichnyy,3,33,1,94,Moderate
Sri Lanka,Polonnaruwa,1,17,2,69,Moderate
Russian Federation,Polysayevo,1,21,6,42,Good
Italy,Pontedera,1,83,0,39,Moderate
United States of America,Port Saint Lucie,1,36,1,16,Good
United States of America,Pottsville,1,41,2,48,Good
Switzerland,Pratteln,1,51,0,59,Moderate
Cuba,Primero De Enero,1,31,0,59,Moderate
India,Purushottampur,3,47,2,115,Unhealthy for Sensitive Groups
Poland,Radzyn Podlaski,1,42,0,28,Good
India,Rajmahal,4,32,9,151,Unhealthy
India,Rajpur,2,25,4,136,Unhealthy for Sensitive Groups
Russian Federation,Omutninsk,1,39,0,40,Good
Poland,Orzesze,1,45,1,64,Moderate
Poland,Ostroda,1,40,0,19,Good
Indonesia,Palabuhanratu,6,25,14,164,Unhealthy
India,Palera,3,103,2,167,Unhealthy
India,Palmaner,2,21,5,94,Moderate
Colombia,Palmar De Varela,1,29,1,85,Moderate
Philippines,Palompon,1,23,0,47,Good
Brazil,Panambi,0,20,0,18,Good
Pakistan,Pano Aqil,2,15,11,156,Unhealthy
Serbia,Paracin,1,50,0,55,Moderate
Brazil,Paranagua,0,23,0,28,Good
India,Penugonda,4,42,5,153,Unhealthy
Austria,Perchtoldsdorf,1,67,0,70,Moderate
Mexico,Peto,1,24,0,57,Moderate
Germany,Ottersberg,0,41,0,26,Good
India,Bahraich,2,82,0,91,Moderate
Philippines,Baloc,1,29,2,148,Unhealthy for Sensitive Groups
Germany,Balve,1,36,5,68,Moderate
Central African Republic,Bambari,2,16,0,79,Moderate
Brazil,Bambui,1,6,1,37,Good
China,Bantou,1,38,2,57,Moderate
China,Baoying,4,187,3,163,Unhealthy
Brazil,Beberibe,0,18,0,24,Good
India,Bhawanigarh,4,176,1,166,Unhealthy
Pakistan,Bhera,4,194,1,173,Unhealthy
India,Bhum,1,36,1,94,Moderate
India,Bidhuna,4,158,1,170,Unhealthy
India,Bijawar,2,108,0,162,Unhealthy
Czechia,Bilina,1,32,4,79,Moderate
Zimbabwe,Bindura,5,14,3,93,Moderate
Democratic Republic of the Congo,Binga,2,15,0,70,Moderate
Ukraine,Bohuslav,1,40,0,17,Good
India,Bokaro,3,93,2,156,Unhealthy
United States of America,Bonita,2,16,18,75,Moderate
Russian Federation,Borovichi,1,30,0,16,Good
Netherlands,Boskoop,1,33,4,44,Good
France,Blois,1,29,3,34,Good
Germany,Boblingen,1,37,2,61,Moderate
Italy,Abano Terme,1,41,2,69,Moderate
Mexico,Abasolo,1,28,3,53,Moderate
Côte d'Ivoire,Adiake,1,21,0,50,Good
Turkey,Adilcevaz,1,33,0,39,Good
Ethiopia,Agaro,1,16,0,59,Moderate
Turkey,Ahlat,1,39,0,48,Good
India,Akividu,2,52,1,116,Unhealthy for Sensitive Groups
Brazil,Alem Paraiba,1,10,4,61,Moderate
Canada,Amos,1,19,0,66,Moderate
Venezuela (Bolivarian Republic of),Anaco,1,20,1,132,Unhealthy for Sensitive Groups
Chile,Angol,1,18,3,28,Good
Germany,Annaberg Buchholz,1,39,3,66,Moderate
Japan,Annaka,1,49,1,66,Moderate
Italy,Arco,1,23,4,59,Moderate
Brazil,Arinos,1,2,2,40,Good
United States of America,Arnold,2,27,10,54,Moderate
Brazil,Arraial Do Cabo,2,29,4,76,Moderate
Ethiopia,Assela,1,21,0,57,Moderate
Belgium,Assenede,1,37,4,57,Moderate
France,Auch,1,32,2,44,Good
Germany,Bad Munder,2,30,7,71,Moderate
United States of America,Bryant,2,32,8,50,Good
United Kingdom of Great Britain and Northern Ireland,Buckhaven,1,27,1,16,Good
United States of America,Buffalo Grove,2,12,20,62,Moderate
Switzerland,Bulach,1,38,1,54,Moderate
Spain,Burgos,1,23,1,49,Good
Ethiopia,Butajira,1,18,0,64,Moderate
United States of America,Cadillac,1,31,2,54,Moderate
Romania,Calafat,1,43,1,64,Moderate
Spain,Calahorra,1,17,3,58,Moderate
Philippines,Calintaan,0,25,0,32,Good
Republic of Moldova,Camenca,1,41,0,29,Good
Brazil,Campina Grande Do Sul,1,8,5,66,Moderate
Italy,Cassino,1,40,2,45,Good
Italy,Castelvetrano,1,46,0,83,Moderate
Angola,Catabola,1,23,0,27,Good
United States of America,Cedar Park,1,16,3,50,Good
Indonesia,Cepu,2,64,1,76,Moderate
China,Chaihe,2,42,1,69,Moderate
United States of America,Channahon,2,23,13,66,Moderate
Colombia,Chaparral,1,10,1,29,Good
Ukraine,Chaplynka,1,41,0,6,Good
Mexico,Charcas,1,23,0,41,Good
United States of America,Chesterfield,2,22,12,59,Moderate
India,Chetpet,2,41,2,101,Unhealthy for Sensitive Groups
Peru,Chimbote,1,22,0,36,Good
Indonesia,Cibitung,3,152,1,111,Unhealthy
Indonesia,Cikupa,5,207,4,166,Very Unhealthy
Brazil,Capao Da Canoa,1,16,1,57,Moderate
Brazil,Capelinha,1,16,0,31,Good
Spain,Carlet,1,24,1,26,Good
United States of America,Carson City,1,20,5,34,Good
China,Changzhou,5,164,9,158,Unhealthy
Pakistan,Chawinda,3,139,1,152,Unhealthy
Spain,Chiclana,1,33,2,33,Good
Mexico,Chilapa,1,14,2,30,Good
Zimbabwe,Chinhoyi,2,16,1,50,Good
Colombia,Chinu,2,7,5,60,Moderate
China,Chishan,2,105,3,72,Unhealthy for Sensitive Groups
Pakistan,Chishtian Mandi,2,107,1,190,Unhealthy
Netherlands,Alphen,0,33,2,17,Good
Indonesia,Amuntai,1,15,0,45,Good
Spain,Andujar,1,27,1,20,Good
United States of America,Anoka,1,40,3,51,Moderate
Brazil,Aquiraz,0,21,0,32,Good
United States of America,Arcadia,4,8,34,114,Unhealthy for Sensitive Groups
United States of America,West Hartford,1,46,2,50,Good
United States of America,West Springfield,1,44,1,49,Good
United Kingdom of Great Britain and Northern Ireland,Worksop,1,35,1,43,Good
Germany,Wurselen,1,42,1,55,Moderate
Lao People's Democratic Republic,Xam Nua,2,8,1,36,Good
China,Xining,4,16,18,156,Unhealthy
United States of America,Yakima,1,31,1,27,Good
Mexico,Yaqui,1,26,0,70,Moderate
Philippines,Bais,1,14,0,83,Moderate
Ireland,Balbriggan,1,30,2,20,Good
Thailand,Bang Sao Thong,1,20,1,59,Moderate
China,Baoshan,1,38,0,51,Moderate
Hungary,Barcs,1,31,2,65,Moderate
India,Barhi,1,48,0,183,Unhealthy
India,Barhiya,4,162,1,154,Unhealthy
United Kingdom of Great Britain and Northern Ireland,Barnsley,1,12,10,56,Moderate
Canada,Barrie,1,25,3,38,Good
Pakistan,Basirpur,2,125,0,168,Unhealthy
Canada,Whitchurch Stouffville,1,25,2,37,Good
Canada,Winnipeg,1,23,0,54,Moderate
Poland,Wloclawek,1,41,0,24,Good
Switzerland,Worb,1,42,0,44,Good
Germany,Augustdorf,1,34,2,37,Good
Italy,Avellino,1,46,2,48,Good
Sweden,Avesta,1,32,1,50,Good
Mexico,Axochiapan,2,11,6,65,Moderate
France,Bagneux,2,20,6,72,Moderate
Italy,Brugherio,2,29,8,74,Moderate
Nigeria,Bugama,7,36,4,167,Unhealthy
Democratic Republic of the Congo,Bulungu,35,37,13,372,Hazardous
Ethiopia,Bure,1,26,0,78,Moderate
Slovakia,Bytca,1,41,1,78,Moderate
Brazil,Cachoeiras De Macacu,2,11,6,78,Moderate
Spain,Calella,1,42,3,63,Moderate
Mexico,Calvillo,1,25,1,61,Moderate
Brazil,Campo Alegre,0,16,1,25,Good
Italy,Campobello Di Licata,1,31,4,52,Moderate
Romania,Cluj Napoca,1,40,2,60,Moderate
Mexico,Coatzacoalcos,1,17,2,111,Unhealthy for Sensitive Groups
Spain,Cocentaina,1,35,2,38,Good
United States of America,Cocoa Beach,1,28,6,59,Moderate
Australia,Coffs Harbour,0,27,0,17,Good
Bolivia (Plurinational State of),Cotoca,1,9,0,16,Good
Portugal,Covilha,0,17,1,14,Good
France,Concarneau,1,43,1,51,Moderate
United States of America,Crossville,2,18,11,65,Moderate
El Salvador,Cuscatancingo,3,7,13,118,Unhealthy for Sensitive Groups
Portugal,Custoias,1,18,1,15,Good
Senegal,Dahra,1,17,2,164,Unhealthy
India,Dakor,1,43,0,151,Unhealthy
United States of America,Prairie Village,1,33,7,49,Good
Colombia,Puerto Rico,1,3,1,26,Good
India,Puliyankudi,1,26,0,42,Good
Russian Federation,Pyshma,1,32,0,26,Good
Germany,Radolfzell,1,37,2,57,Moderate
Indonesia,Rajapolah,1,35,0,58,Moderate
India,Rajgurunagar,2,33,2,138,Unhealthy for Sensitive Groups
Germany,Poing,1,39,3,68,Moderate
Brazil,Pontal Do Parana,1,11,2,53,Moderate
Cambodia,Kampong Thum,1,21,0,44,Good
Japan,Kanuma,1,42,1,36,Good
India,Karari,1,46,0,223,Very Unhealthy
Uzbekistan,Karauzyak,1,40,0,76,Moderate
India,Katghora,1,56,1,166,Unhealthy
Republic of North Macedonia,Kavadarci,1,44,0,58,Moderate
Myanmar,Kayan,0,24,0,56,Moderate
Mali,Kayes,1,28,1,113,Unhealthy for Sensitive Groups
Senegal,Kebemer,1,27,1,101,Unhealthy for Sensitive Groups
Kazakhstan,Kentau,1,34,0,105,Unhealthy for Sensitive Groups
Poland,Gniezno,1,33,0,31,Good
India,Gormi,1,46,0,188,Unhealthy
United States of America,Green Bay,1,19,7,48,Good
Poland,Grodzisk Mazowiecki,1,34,1,29,Good
Colombia,Guaduas,2,10,4,73,Moderate
Brazil,Guaratuba,1,17,3,45,Good
Egypt,Fowa,2,68,4,62,Moderate
Germany,Friedberg,1,32,3,33,Good
France,Frontignan,1,37,0,48,Good
India,Garhshankar,2,160,2,325,Hazardous
United States of America,Garner,2,31,5,62,Moderate
Cyprus,Gazimagusa,1,47,0,26,Good
Iran (Islamic Republic of),Javanrud,1,46,0,84,Moderate
India,Jawhar,1,27,0,142,Unhealthy for Sensitive Groups
India,Jaysingpur,0,24,0,90,Moderate
Belgium,Jodoigne,1,30,3,37,Good
Finland,Joensuu,1,37,0,26,Good
India,Joshimath,1,44,0,70,Moderate
India,Joura,1,45,0,174,Unhealthy
Democratic Republic of the Congo,Kabare,2,24,0,55,Moderate
Ghana,Kade,1,18,1,84,Moderate
Germany,Hilchenbach,1,34,1,27,Good
Japan,Hitachi,1,44,0,34,Good
United Kingdom of Great Britain and Northern Ireland,Hoddesdon,0,27,2,29,Good
Czechia,Hodonin,1,31,1,43,Good
United States of America,Howard,1,19,8,49,Good
Germany,Hunfeld,1,33,2,33,Good
Germany,Idstein,1,34,2,31,Good
Nigeria,Ikire,4,20,3,101,Unhealthy for Sensitive Groups
United Republic of Tanzania,Ilembula,0,18,0,18,Good
South Africa,Danielskuil,0,21,0,29,Good
Uzbekistan,Denau,1,53,0,82,Moderate
Australia,Devonport,0,27,0,32,Good
India,Dhuri,1,50,1,471,Hazardous
Viet Nam,Dien Bien,0,21,0,20,Good
Pakistan,Dinga,2,164,1,196,Unhealthy
Guatemala,Dolores,1,11,0,27,Good
Mexico,Gustavo Diaz Ordaz,2,19,3,76,Moderate
India,Guwahati,2,46,1,147,Unhealthy for Sensitive Groups
China,Haizhou,4,171,3,132,Unhealthy
India,Hasanpur,1,55,1,500,Hazardous
Turkey,Hayrabolu,1,42,1,23,Good
Uzbekistan,Hazorasp,1,41,0,147,Unhealthy for Sensitive Groups
France,Hem,1,23,3,38,Good
China,Hengshui,3,188,4,141,Unhealthy
France,Herouville Saint Clair,1,28,3,40,Good
Poland,Minsk Mazowiecki,1,33,1,46,Good
Japan,Miyako,1,35,0,22,Good
Brazil,Mocajuba,1,3,0,38,Good
Germany,Moglingen,0,32,1,26,Good
Afghanistan,Kusk,1,35,0,198,Unhealthy
Mexico,La Cruz,1,14,1,35,Good
El Salvador,La Libertad,2,19,5,71,Moderate
Nigeria,Ipoti,2,24,1,76,Moderate
Brazil,Itabaianinha,1,7,2,35,Good
Brazil,Itacarambi,0,7,1,21,Good
Brazil,Itapuranga,1,12,2,38,Good
Italy,Enna,1,43,0,46,Good
Sweden,Eskilstuna,0,38,0,32,Good
France,Faaa,0,29,0,15,Good
Sweden,Fagersta,0,35,0,26,Good
United States of America,Faribault,1,30,5,34,Good
Romania,Flamanzi,1,45,0,68,Moderate
France,Fontenay Aux Roses,1,20,5,50,Good
United States of America,Foothill Farms,1,26,8,51,Moderate
United Kingdom of Great Britain and Northern Ireland,Formby,0,33,0,66,Moderate
Brazil,Formosa Do Rio Preto,0,8,0,16,Good
United States of America,Fort Carson,1,15,9,62,Moderate
India,Machilipatnam,1,41,1,134,Unhealthy for Sensitive Groups
France,Dreux,1,18,3,39,Good
Germany,Drolshagen,1,35,1,27,Good
Mexico,Dzitbalche,1,22,0,43,Good
Mexico,Eagle Pass,1,21,3,45,Good
United States of America,Easley,2,22,10,69,Moderate
United States of America,East Massapequa,2,41,11,81,Moderate
Nigeria,Effium,4,26,2,121,Unhealthy for Sensitive Groups
Russian Federation,Elektrougli,1,29,4,43,Good
United States of America,Elizabeth City,1,43,2,59,Moderate
United States of America,Elizabeth,1,43,6,61,Moderate
Greece,Ellinikon,1,41,4,70,Moderate
United States of America,Olympia Heights,2,7,16,91,Moderate
Japan,Omigawa,1,42,1,35,Good
United States of America,Opelousas,1,12,7,49,Good
Turkey,Ordu,1,32,0,24,Good
Republic of North Macedonia,Oslomej,1,40,0,45,Good
Russian Federation,Ostashkov,0,31,0,20,Good
Ukraine,Ostroh,1,32,0,64,Moderate
Japan,Otawara,1,44,1,32,Good
Italy,Ottaviano,1,46,2,18,Good
United States of America,Ottawa,1,32,5,69,Moderate
United States of America,Owensboro,2,24,13,72,Moderate
Thailand,Pa Daet,0,26,0,28,Good
Hungary,Paks,1,28,2,51,Moderate
Chile,Panguipulli,0,14,1,14,Good
Thailand,Pathum Thani,1,26,1,63,Moderate
India,Patiala,1,64,1,460,Hazardous
India,Pavagada,0,27,0,73,Moderate
India,Phalauda,1,48,1,500,Hazardous
Italy,Lipari,1,39,1,50,Good
United Republic of Tanzania,Liuli,0,17,0,14,Good
Spain,Lloret De Mar,1,46,1,64,Moderate
Belgium,Lochristi,1,31,3,39,Good
Germany,Lohfelden,1,35,2,54,Moderate
United States of America,Long Branch,2,32,13,76,Moderate
Brazil,Louveira,3,5,11,122,Unhealthy for Sensitive Groups
Germany,Ludwigsfelde,1,34,2,51,Moderate
Philippines,Lupao,1,23,2,73,Moderate
United Republic of Tanzania,Mabamba,2,15,0,34,Good
Niger,Madaoua,2,26,1,44,Good
India,Maddur,0,23,0,43,Good
Germany,Mainz,1,42,2,62,Moderate
Nigeria,Makurdi,3,29,1,84,Moderate
India,Mallur,1,29,1,57,Moderate
India,Manali,2,25,3,120,Unhealthy for Sensitive Groups
India,Manavalakurichi,0,23,0,55,Moderate
Pakistan,Mandi Bahauddin,2,117,0,156,Unhealthy
India,Mannarakkat,1,22,1,66,Moderate
United States of America,Mansfield,2,11,23,74,Moderate
Armenia,Martuni,0,33,0,43,Good
Japan,Maruko,1,31,1,9,Good
Italy,Mascali,1,33,2,61,Moderate
Spain,Mataro,1,33,8,67,Moderate
Venezuela (Bolivarian Republic of),Maturin,1,15,0,56,Moderate
Senegal,Mbacke,2,12,3,157,Unhealthy
Germany,Meerane,1,38,1,69,Moderate
Indonesia,Mentok,1,30,0,50,Good
United States of America,Merrillville,1,36,5,24,Good
Romania,Oltenita,1,38,1,41,Good
United States of America,Oneida,1,20,4,41,Good
Ukraine,Orikhiv,1,42,0,40,Good
Turkey,Ortakoy,1,35,0,50,Good
Germany,Osterhofen,1,47,2,54,Moderate
United States of America,Overland,1,41,4,52,Moderate
Portugal,Palmela,1,36,3,16,Good
Russian Federation,Pangody,1,24,0,33,Good
Guatemala,Panzos,2,5,4,68,Moderate
Brazil,Paracatu,1,8,1,26,Good
Indonesia,Parakan,2,57,1,99,Moderate
Malaysia,Parit Raja,1,39,0,89,Moderate
Malaysia,Pasir Mas,2,36,0,65,Moderate
Brazil,Pedro Juan Caballero,1,12,0,18,Good
Germany,Perleberg,0,34,1,22,Good
United States of America,North Providence,2,20,16,67,Moderate
United Kingdom of Great Britain and Northern Ireland,Northallerton,1,12,11,55,Moderate
Germany,Nottuln,0,34,1,26,Good
Republic of North Macedonia,Novo Selo,1,38,0,64,Moderate
Guatemala,Nueva Concepcion,3,14,10,95,Moderate
Russian Federation,Nyazepetrovsk,1,30,0,26,Good
United States of America,Oak Harbor,1,30,5,33,Good
Namibia,Okahandja,1,24,0,51,Moderate
United States of America,Moorpark,2,27,15,59,Moderate
Portugal,Moscavide,1,40,3,16,Good
United States of America,Mountain Brook,1,33,6,73,Moderate
India,Muzhappilangad,0,23,0,73,Moderate
Hungary,Nagykanizsa,1,33,2,65,Moderate
India,Nalagarh,2,127,1,124,Unhealthy for Sensitive Groups
India,Namakkal,1,28,0,54,Moderate
China,Nanchong,6,47,20,163,Unhealthy
India,Nandura,0,31,0,150,Unhealthy
Germany,Morlenbach,1,43,2,56,Moderate
India,Narnaund,2,134,1,152,Unhealthy
India,Nathdwara,1,33,0,196,Unhealthy
Iran (Islamic Republic of),Neka,1,49,1,137,Unhealthy for Sensitive Groups
Germany,Neumunster,0,34,0,15,Good
United States of America,Newington,3,7,31,83,Moderate
Indonesia,Ngemplak,1,35,0,63,Moderate
Japan,Nikko,1,32,1,12,Good
Philippines,Midsayap,1,25,0,54,Moderate
Poland,Miedzyrzecz,1,36,1,72,Moderate
Japan,Mikuni,1,51,1,34,Moderate
United States of America,Millburn,3,12,27,103,Unhealthy for Sensitive Groups
United States of America,Milwaukee,1,29,9,49,Good
Iran (Islamic Republic of),Minab,1,117,0,154,Unhealthy
Russian Federation,Altayskoye,1,34,0,18,Good
Cuba,Amancio,1,23,1,51,Moderate
Indonesia,Ambarawa,2,53,1,86,Moderate
Portugal,Amora,1,31,5,28,Good
Brazil,Amparo,1,6,4,53,Moderate
Italy,Aprilia,1,46,0,90,Moderate
Brazil,Aracoiaba,0,11,1,31,Good
Brazil,Aracuai,1,4,2,32,Good
Italy,Aragona,1,46,0,66,Moderate
Armenia,Abovyan,1,40,0,56,Moderate
Cuba,Abreus,1,21,3,112,Unhealthy for Sensitive Groups
Côte d'Ivoire,Affery,1,16,0,50,Good
Pakistan,Ahmadpur East,2,117,0,196,Unhealthy
Iceland,Akureyri,1,23,0,12,Good
Russian Federation,Aleksandrovsk,1,33,0,36,Good
Spain,Alfafar,1,29,4,35,Good
United States of America,Allen,1,30,5,53,Moderate
Nigeria,Bama,2,29,0,87,Moderate
India,Bansdih,3,91,2,154,Unhealthy
United States of America,Baraboo,1,26,4,41,Good
India,Barauli,3,67,2,114,Unhealthy for Sensitive Groups
India,Barmer,0,29,0,246,Hazardous
Germany,Bautzen,1,40,2,73,Moderate
United States of America,Baytown,2,15,8,78,Moderate
United States of America,Bellmawr,1,29,9,52,Moderate
Somalia,Bereda,1,24,0,101,Unhealthy for Sensitive Groups
India,Bhawanipatna,2,66,0,159,Unhealthy
India,Bhongaon,4,156,1,166,Unhealthy
Spain,Arnedo,1,19,2,62,Moderate
Spain,Arucas,0,25,0,8,Good
Costa Rica,Aserri,1,9,8,61,Moderate
Germany,Attendorn,1,36,4,69,Moderate
Spain,Avila,1,22,2,45,Good
Guatemala,Ayutla,3,20,7,86,Moderate
Germany,Bad Pyrmont,1,40,5,65,Moderate
United States of America,Brookline,1,28,8,48,Good
India,Byadgi,1,25,1,19,Good
Brazil,Caetite,0,7,1,25,Good
Spain,Calafell,1,43,1,35,Good
Spain,Camas,0,27,1,17,Good
Italy,Canicatti,1,45,0,59,Moderate
Colombia,Carmen De Viboral,3,9,6,73,Moderate
Italy,Casalecchio Di Reno,1,42,2,64,Moderate
Iran (Islamic Republic of),Chabahar,2,83,0,150,Unhealthy
China,Changli,3,116,2,92,Unhealthy for Sensitive Groups
India,Charkhari,3,159,0,161,Unhealthy
United States of America,Cherry Hill,1,29,9,52,Moderate
India,Chikhli,1,37,0,102,Unhealthy for Sensitive Groups
Indonesia,Cibadak,4,181,3,157,Unhealthy
Italy,Citta Di Castello,1,37,2,92,Moderate
Italy,Bisceglie,1,45,1,23,Good
India,Bithur,4,157,1,172,Unhealthy
Turkey,Bitlis,0,46,0,41,Good
Germany,Blumberg,1,41,1,56,Moderate
India,Bokajan,2,29,0,59,Moderate
United Kingdom of Great Britain and Northern Ireland,Borehamwood,1,34,4,19,Good
Bulgaria,Botevgrad,1,46,1,86,Moderate
Czechia,Breclav,1,39,1,78,Moderate
United Kingdom of Great Britain and Northern Ireland,Bridgwater,1,20,7,56,Moderate
Italy,Collegno,1,35,3,58,Moderate
Venezuela (Bolivarian Republic of),Coro,1,22,0,151,Unhealthy
Brazil,Coruripe,0,16,0,24,Good
Germany,Cottbus,1,29,4,70,Moderate
United Kingdom of Great Britain and Northern Ireland,Crewe,1,32,4,21,Good
Brazil,Crixas,1,8,0,37,Good
United Kingdom of Great Britain and Northern Ireland,Crosby,1,34,3,21,Good
Guatemala,Cuilapa,2,4,8,86,Moderate
Japan,Daito,1,31,3,23,Good
Indonesia,Adiwerna,2,49,1,92,Moderate
Mexico,Ajoloapan,1,17,4,117,Unhealthy for Sensitive Groups
Bulgaria,Ajtos,1,45,0,39,Good
Nigeria,Aku,8,19,5,144,Unhealthy for Sensitive Groups
Philippines,Alaminos,0,25,1,42,Good
Romania,Alba Iulia,1,35,0,62,Moderate
Germany,Alfeld,1,37,1,36,Good
Ukraine,Yavoriv,1,44,0,76,Moderate
Nigeria,Yola,2,35,0,71,Moderate
Peru,Yunguyo,0,16,0,51,Moderate
Guatemala,Zacapa,1,15,1,59,Moderate
Belgium,Zandhoven,1,38,1,47,Good
Germany,Zeitz,1,48,0,53,Moderate
Russian Federation,Zeya,3,34,0,78,Moderate
Kazakhstan,Zharkent,1,30,0,72,Moderate
China,Zhenhai,4,28,21,152,Unhealthy
China,Zhongshu,3,12,9,96,Moderate
Russian Federation,Zhukovskiy,1,31,9,46,Good
Bosnia and Herzegovina,Zivinice,1,49,0,63,Moderate
Ukraine,Zolotonosha,1,46,0,52,Moderate
Kazakhstan,Zyryanovsk,1,16,1,24,Good
Ecuador,Bahia De Caraquez,1,19,0,21,Good
Romania,Baia Mare,1,37,0,58,Moderate
India,Bail Hongal,0,23,0,58,Moderate
Cuba,Baragua,0,20,1,39,Good
India,Baraut,3,161,3,163,Unhealthy
Brazil,Barretos,1,13,1,32,Good
United States of America,Bartlett,1,30,5,65,Moderate
India,Basugaon,2,39,0,42,Good
Cuba,Batabano,0,21,1,51,Moderate
Brazil,Bebedouro,1,12,1,37,Good
United States of America,Benicia,1,31,8,37,Good
Chad,Benoy,2,13,0,68,Moderate
United States of America,Bensenville,2,31,10,52,Moderate
Malaysia,Bentong,1,42,0,89,Moderate
Japan,Beppu,1,37,1,16,Good
India,Bhalki,0,28,0,78,Moderate
Brazil,Boa Esperanca Do Sul,1,12,1,51,Moderate
Nicaragua,Boaco,1,15,1,60,Moderate
Spain,Boiro,1,34,2,18,Good
Romania,Campulung Moldovenesc,1,37,0,34,Good
Turkey,Canakkale,1,46,0,49,Good
United States of America,Cape Girardeau,1,41,4,52,Moderate
United Kingdom of Great Britain and Northern Ireland,Carmarthen,1,15,8,60,Moderate
Spain,Ceuta,1,33,3,44,Good
Philippines,Buluan,0,20,0,38,Good
Brazil,Buritama,1,11,1,38,Good
Brazil,Buritizeiro,1,14,0,20,Good
Italy,Busca,1,28,2,131,Unhealthy for Sensitive Groups
Brazil,Cacador,1,17,0,59,Moderate
Peru,Cajamarca,1,3,2,44,Good
United States of America,Athens,2,36,6,69,Moderate
Brazil,Atibaia,4,5,12,150,Unhealthy
Mexico,Atlacomulco,1,21,3,83,Moderate
France,Aulnay Sous Bois,1,21,5,68,Moderate
Germany,Bad Camberg,1,35,3,68,Moderate
Spain,Badajoz,1,37,1,10,Good
Cameroon,Bafia,3,16,0,77,Moderate
Spain,Tafalla,1,38,0,9,Good
Egypt,Talkha,1,78,2,64,Moderate
India,Talwara,4,35,9,158,Unhealthy
Hungary,Tapolca,1,64,0,56,Moderate
Philippines,Tarlac,2,25,7,154,Unhealthy
Poland,Tarnobrzeg,1,45,0,54,Moderate
Argentina,Tartagal,0,18,0,5,Good
Brazil,Taubate,1,22,0,50,Good
United Republic of Tanzania,Uyovu,1,23,0,26,Good
Russian Federation,Vasilyevo,1,36,1,38,Good
Romania,Vatra Dornei,0,40,0,47,Good
Brazil,Vera Cruz,0,20,0,25,Good
Russian Federation,Verkhnyaya Pyshma,1,41,2,22,Good
Thailand,Surin,2,18,4,85,Moderate
Libya,Surman,1,49,2,83,Moderate
Cambodia,Ta Khmau,1,7,5,73,Moderate
India,Singarayakonda,2,40,2,89,Moderate
Hungary,Dorog,1,36,2,76,Moderate
United States of America,Downey,4,4,39,117,Unhealthy for Sensitive Groups
Canada,Drummondville,2,7,7,55,Moderate
India,Dugda,3,123,1,152,Unhealthy
South Africa,Duiwelskloof,3,26,1,63,Moderate
Slovakia,Dunajska Streda,1,33,2,70,Moderate
United States of America,East Haven,3,9,33,85,Moderate
United States of America,Eastlake,1,39,4,25,Good
Eritrea,Edd,1,41,0,163,Unhealthy
United States of America,Eden Prairie,1,42,3,52,Moderate
Germany,Eichenau,1,42,2,49,Good
Netherlands,Eindhoven,1,30,2,30,Good
South Africa,Ekuvukeni,1,19,1,58,Moderate
South Africa,Ellisras,2,21,14,92,Moderate
Germany,Erfurt,1,31,3,71,Moderate
Portugal,Faro,1,35,2,25,Good
Central African Republic,Damara,2,11,0,54,Moderate
China,Danjiangkou,2,154,1,60,Unhealthy
Afghanistan,Dawlatabad,1,43,0,92,Moderate
Belgium,Dendermonde,1,28,4,42,Good
India,Deolali,0,25,0,138,Unhealthy for Sensitive Groups
Indonesia,Depok,1,33,0,60,Moderate
United States of America,Des Plaines,2,30,11,54,Moderate
Germany,Diedorf,1,30,5,51,Moderate
United States of America,Phoenixville,1,31,7,68,Moderate
Italy,Piano Di Sorrento,1,52,2,58,Moderate
Mexico,Queretaro,2,10,8,139,Unhealthy for Sensitive Groups
Philippines,Quisao,1,23,1,54,Moderate
India,Rajampet,0,26,0,92,Moderate
Indonesia,Rantepao,0,14,0,14,Good
India,Renigunta,0,27,0,77,Moderate
United States of America,Renton,1,31,5,33,Good
Russian Federation,Rezh,1,31,0,22,Good
Germany,Roding,1,47,1,53,Moderate
Russian Federation,Pokhvistnevo,1,31,0,50,Good
Russian Federation,Pokrov,1,24,10,57,Moderate
Brazil,Ponte Nova,1,12,2,44,Good
Germany,Preetz,0,34,0,15,Good
Bulgaria,Provadija,1,40,1,42,Good
Poland,Puck,1,24,3,87,Moderate
United Kingdom of Great Britain and Northern Ireland,Pudsey,1,11,10,61,Moderate
Azerbaijan,Qovlar,1,34,0,15,Good
Lesotho,Quthing,1,9,2,77,Moderate
Mexico,Rafael Lara Grajales,1,15,5,90,Moderate
India,Sadalgi,0,22,0,75,Moderate
United States of America,Saddle Brook,3,8,31,115,Unhealthy for Sensitive Groups
Pakistan,Sadiqabad,1,89,1,203,Very Unhealthy
Italy,Salerno,1,51,1,46,Moderate
Lithuania,Alytus,1,29,1,22,Good
India,Anand,1,34,0,163,Unhealthy
China,Anjiang,3,147,1,93,Unhealthy for Sensitive Groups
India,Anklesvar,1,26,0,156,Unhealthy
Poland,Gorlice,1,31,2,80,Moderate
Poland,Grajewo,1,25,1,42,Good
Cuba,Guaimaro,1,20,2,50,Good
France,Haguenau,1,33,3,45,Good
United States of America,Hanover,2,21,14,58,Moderate
Germany,Haren,0,33,1,14,Good
Netherlands,Harlingen,0,35,0,14,Good
Pakistan,Hasilpur,1,87,0,198,Unhealthy
India,Hathras,2,135,1,192,Unhealthy
France,Hautmont,1,26,5,58,Moderate
New Zealand,Hawera,0,26,0,15,Good
Jordan,Hawwarah,1,46,4,113,Unhealthy for Sensitive Groups
United States of America,Hazleton,2,28,6,60,Moderate
South Africa,Hendrina,1,22,4,56,Moderate
Germany,Henstedt Ulzburg,0,33,1,14,Good
Myanmar,Henzada,0,23,0,50,Good
France,Fort De France,1,26,0,136,Unhealthy for Sensitive Groups
United States of America,Fortuna,1,27,4,37,Good
Cameroon,Fundong,3,12,1,97,Moderate
Japan,Funehiki,1,40,1,26,Good
Turkmenistan,Gazanjyk,1,42,0,127,Unhealthy for Sensitive Groups
Germany,Gemunden,1,37,3,66,Moderate
Mexico,Huixquilucan,5,5,19,167,Unhealthy
Greece,Ialisos,1,47,0,66,Moderate
Brazil,Ibipeba,0,14,0,12,Good
Japan,Hikari,1,41,1,37,Good
Honduras,Cofradia,1,8,3,74,Moderate
Portugal,Coimbra,1,27,3,23,Good
United States of America,Commack,5,8,39,98,Moderate
Mexico,Cosamaloapan,2,21,4,88,Moderate
Brazil,Cotia,6,1,20,169,Unhealthy
Brazil,Coxim,1,6,1,53,Moderate
United States of America,Cullman,2,34,6,75,Moderate
Italy,Cuorgne,3,21,5,135,Unhealthy for Sensitive Groups
Côte d'Ivoire,Dabakala,1,18,0,35,Good
India,Chatrapur,2,48,1,139,Unhealthy for Sensitive Groups
India,Chhoti Sadri,1,35,0,192,Unhealthy
Czechia,Chodov,1,41,2,66,Moderate
Thailand,Chon Daen,0,24,0,34,Good
Spain,Cieza,1,31,1,23,Good
India,Khatima,3,136,0,151,Unhealthy
Poland,Kielce,1,36,1,79,Moderate
Greece,Kilkis,1,46,1,74,Moderate
Azerbaijan,Kirovskiy,1,41,0,51,Moderate
Bangladesh,Kishorganj,3,45,3,66,Moderate
Finland,Kokkola,1,29,2,18,Good
Netherlands,Kollumerland,0,34,0,15,Good
Japan,Konosu,1,31,4,21,Good
Germany,Korntal Munchingen,2,28,6,52,Moderate
Palau,Koror,0,16,0,7,Good
India,Kotagiri,0,21,0,27,Good
India,Kotma,2,59,0,180,Unhealthy
Malaysia,Kuala Perlis,2,61,0,67,Moderate
Russian Federation,Kulunda,1,34,0,30,Good
Republic of North Macedonia,Kumanovo,1,36,1,53,Moderate
Germany,Kunzell,1,41,1,66,Moderate
Croatia,Kutina,1,32,1,63,Moderate
Spain,La Orotava,0,41,0,13,Good
Germany,Lage,1,35,1,35,Good
United States of America,Lake City,1,17,5,56,Moderate
Thailand,Lampang,0,23,1,34,Good
Iran (Islamic Republic of),Langarud,1,41,1,141,Unhealthy for Sensitive Groups
Germany,Langenau,1,36,3,47,Good
France,Laon,1,28,3,59,Moderate
Germany,Lauf,1,45,2,52,Moderate
Suriname,Lelydorp,1,18,0,44,Good
Serbia,Leskovac,1,35,0,50,Good
Germany,Leutenbach,1,38,4,50,Good
Netherlands,Schijndel,1,32,2,25,Good
Belgium,Schoten,1,29,4,34,Good
Israel,Sederot,1,49,2,65,Moderate
India,Sehore,1,37,0,196,Unhealthy
Russian Federation,Severouralsk,1,31,0,3,Good
United States of America,Shafter,2,18,11,53,Moderate
China,Shuangyang,3,86,1,65,Moderate
Russian Federation,Sibay,1,36,0,25,Good
Finland,Siilinjarvi,1,32,2,24,Good
Turkey,Silopi,1,56,0,26,Moderate
France,Sin Le Noble,1,24,5,51,Moderate
Singapore,Singapore,1,29,4,91,Moderate
United States of America,Snyder,1,29,0,79,Moderate
France,Soisy Sous Montmorency,1,25,4,61,Moderate
Brazil,Solanea,0,16,1,30,Good
Russian Federation,Soldato Aleksandrovskoye,1,36,0,30,Good
Mexico,San Gabriel Casa Blanca,2,8,6,82,Moderate
Colombia,San Pedro De Uraba,1,13,0,18,Good
Costa Rica,San Ramon,2,2,12,62,Moderate
United States of America,Sandwich,1,32,4,35,Good
France,Sannois,1,22,5,67,Moderate
Cuba,Santiago De Cuba,1,18,7,70,Moderate
Guatemala,Santiago Sacatepequez,3,2,10,122,Unhealthy for Sensitive Groups
Brazil,Sao Gabriel Da Cachoeira,1,3,0,17,Good
Brazil,Sao Joao Nepomuceno,3,0,6,78,Moderate
Pakistan,Sarai Naurang,2,85,0,175,Unhealthy
Republic of North Macedonia,Saraj,1,39,0,54,Moderate
South Africa,Somerset West,12,9,8,259,Very Unhealthy
United States of America,Southgate,1,33,5,33,Good
South Africa,Springs,7,12,19,175,Unhealthy
Serbia,Sremska Kamenica,1,43,1,117,Unhealthy for Sensitive Groups
France,Strasbourg,2,30,4,51,Moderate
India,Suchindram,0,23,0,52,Moderate
Indonesia,Sumenep,1,35,0,51,Moderate
United States of America,Tavares,1,94,0,16,Moderate
Japan,Tawaramoto,2,20,11,72,Moderate
Ukraine,Terebovlya,1,44,0,59,Moderate
Turkey,Terme,1,37,0,30,Good
Italy,Terranuova Bracciolini,1,69,0,43,Moderate
United States of America,Terre Haute,1,38,3,62,Moderate
United States of America,Thornton,1,31,5,45,Good
United States of America,Tonawanda,1,30,1,38,Good
United States of America,Tooele,1,41,1,50,Good
Italy,Trapani,1,47,0,58,Moderate
Russian Federation,Tselina,1,45,0,21,Good
India,Tufanganj,5,14,10,151,Unhealthy
Colombia,Tulua,1,15,0,31,Good
United Republic of Tanzania,Tumbi,0,20,0,17,Good
India,Tundla,6,39,13,180,Unhealthy
Russian Federation,Turinsk,1,43,0,32,Good
United States of America,Twinsburg,1,39,2,53,Moderate
Mexico,Uman,1,21,1,59,Moderate
Austria,Wels,1,55,0,75,Moderate
Germany,Wennigsen,1,44,0,32,Good
United States of America,Westerly,1,43,5,61,Moderate
South Africa,Westonaria,5,19,14,158,Unhealthy
Switzerland,Wettingen,1,55,0,58,Moderate
United States of America,White Bear Lake,1,30,1,51,Moderate
United States of America,White Center,1,27,7,52,Moderate
United States of America,Wixom,1,32,2,57,Moderate
Netherlands,Woerden,1,40,0,31,Good
Germany,Wolfenbuttel,1,44,0,35,Good
Croatia,Virovitica,1,56,0,62,Moderate
United States of America,Visalia,2,20,4,53,Moderate
Madagascar,Vohibinany,1,12,0,55,Moderate
Netherlands,Voorhout,1,38,1,33,Good
Netherlands,Waalwijk,1,40,0,39,Good
Australia,Wagga Wagga,0,15,2,19,Good
Germany,Wald Michelbach,1,59,0,62,Moderate
Germany,Weilerswist,1,47,0,56,Moderate
China,Xinzhi,4,25,20,152,Unhealthy
China,Xiuyan,2,43,2,51,Moderate
United States of America,Ironton,2,43,5,71,Moderate
Japan,Isehara,1,37,2,16,Good
United States of America,Iselin,3,20,20,94,Moderate
Brazil,Itarare,1,13,1,55,Moderate
Brazil,Itarema,0,22,0,45,Good
Belarus,Ivanava,1,33,1,20,Good
India,Jamnagar,0,27,0,132,Unhealthy for Sensitive Groups
India,Jaswantnagar,2,98,1,211,Very Unhealthy
India,Jatara,1,50,0,199,Unhealthy
China,Jiangyin,5,169,9,155,Unhealthy
China,Jieshi,3,168,2,84,Unhealthy
Brazil,Joao Pinheiro,1,10,1,22,Good
Lebanon,Jubayl,1,45,3,71,Moderate
Mexico,Juchitan,2,17,2,69,Moderate
Thailand,Kaeng Khlo,1,28,0,39,Good
India,Kairana,3,156,1,154,Unhealthy
Greece,Kamateron,1,45,0,51,Moderate
Pakistan,Kamir,2,128,1,182,Unhealthy
Democratic Republic of the Congo,Kaniama,12,43,13,266,Very Unhealthy
Turkey,Karabuk,1,38,0,38,Good
Indonesia,Karanganyar,1,35,0,72,Moderate
Kenya,Karuri,2,29,1,76,Moderate
Indonesia,Kasihan,1,33,0,57,Moderate
India,Kavaratti,0,20,0,58,Moderate
Japan,Kawanishi,1,43,3,50,Good
United States of America,Kaysville,1,26,5,32,Good
United States of America,Kenosha,2,23,14,58,Moderate
India,Daryapur,1,39,0,113,Unhealthy for Sensitive Groups
India,Dasna,4,144,2,165,Unhealthy
India,Daurala,3,118,1,160,Unhealthy
France,Denain,1,32,3,59,Moderate
India,Dhanbad,3,78,1,128,Unhealthy for Sensitive Groups
India,Dibai,3,131,2,162,Unhealthy
Russian Federation,Divnogorsk,1,36,0,18,Good
United Republic of Tanzania,Dongobesh,0,17,0,19,Good
Czechia,Dvur Kralove,1,40,1,75,Moderate
United States of America,Eastchester,2,15,23,79,Moderate
Kazakhstan,Ekibastuz,1,32,2,51,Moderate
United States of America,Elkridge,2,25,12,53,Moderate
United States of America,Elyria,2,14,20,89,Moderate
Italy,Narni,1,42,2,32,Good
Bangladesh,Narsingdi,2,49,2,178,Unhealthy
Pakistan,Nasirabad,1,69,1,162,Unhealthy
India,Navelim,0,24,0,83,Moderate
Ghana,Navrongo,1,16,0,57,Moderate
Japan,Naze,1,67,0,39,Moderate
Switzerland,Neuchatel,1,28,1,33,Good
United States of America,New Braunfels,1,20,3,47,Good
United States of America,New Orleans,1,17,9,60,Moderate
Netherlands,Nieuwegein,1,28,4,39,Good
Russian Federation,Nizhnevartovsk,1,32,0,46,Good
Bolivia (Plurinational State of),Puerto Quijarro,0,15,0,38,Good
Switzerland,Pully,1,30,0,30,Good
Poland,Pyskowice,1,28,1,43,Good
Tunisia,Qasr Hallal,1,47,1,40,Good
Mozambique,Quelimane,0,24,0,23,Good
India,Quepem,0,24,0,68,Moderate
Philippines,Quezon,1,27,2,113,Unhealthy for Sensitive Groups
Guatemala,San Luis Jilotepeque,2,10,6,62,Moderate
Mali,San,1,17,0,53,Moderate
Guatemala,Santa Catarina Mita,2,7,7,69,Moderate
Mexico,Santiago Tuxtla,2,18,3,62,Moderate
United States of America,Scottsboro,1,17,7,40,Good
India,Shahada,0,31,0,151,Unhealthy
Russian Federation,Shakhovskaya,0,32,0,29,Good
Belgium,Ranst,1,29,3,38,Good
Republic of Moldova,Rascani,1,45,0,68,Moderate
Pakistan,Ratodero,1,75,1,165,Unhealthy
Indonesia,Rembang,2,61,1,107,Unhealthy for Sensitive Groups
Italy,Rimini,1,42,1,32,Good
United States of America,River Forest,2,9,30,82,Moderate
Brazil,Rosario Do Sul,0,11,1,28,Good
Russian Federation,Rubtsovsk,1,37,0,28,Good
Belgium,Rumst,1,28,3,37,Good
Poland,Rypin,1,37,0,27,Good
Malaysia,Sabak,1,43,1,51,Moderate
Azerbaijan,Sabuncu,1,39,0,60,Moderate
Côte d'Ivoire,Sakassou,1,15,0,55,Moderate
Dominican Republic,Salcedo,3,11,11,155,Unhealthy
Brazil,Salinopolis,1,15,0,31,Good
Canada,Salmon Arm,1,26,1,23,Good
Spain,Salobrena,1,24,4,35,Good
Russian Federation,Samarskoye,1,40,2,21,Good
Russian Federation,Kotelniki,1,24,11,63,Moderate
Gabon,Koulamoutou,3,26,0,80,Moderate
Ukraine,Krasyliv,1,42,0,64,Moderate
Croatia,Krizevci,1,33,1,43,Good
Malaysia,Kuala Selangor,1,40,1,52,Moderate
India,Kumbhraj,1,42,0,156,Unhealthy
India,Kundla,0,30,0,154,Unhealthy
Russian Federation,Kushchevskaya,1,42,0,21,Good
Namibia,Mariental,1,20,0,97,Moderate
United States of America,Marshalltown,1,23,8,46,Good
Mozambique,Matola,2,20,1,66,Moderate
Germany,Meckenbeuren,1,32,1,33,Good
Russian Federation,Medvedevo,1,31,0,8,Good
Iran (Islamic Republic of),Mehriz,1,45,0,154,Unhealthy
United Kingdom of Great Britain and Northern Ireland,Melton Mowbray,0,28,2,25,Good
Italy,Merano,0,30,0,10,Good
Ethiopia,Metu,1,13,0,61,Moderate
Morocco,Tawnat,1,29,2,46,Good
Lithuania,Telsiai,1,36,0,53,Moderate
Indonesia,Teluk Nibung,2,32,0,64,Moderate
Austria,Ternitz,0,27,1,20,Good
United States of America,Tewksbury,1,46,2,39,Good
Thailand,Tha Muang,0,19,0,41,Good
South Africa,Theunissen,2,16,3,81,Moderate
France,Thiais,1,18,6,55,Moderate
Belgium,Thuin,1,24,3,40,Good
United States of America,Tiffin,1,23,9,52,Moderate
Brazil,Tijucas,1,14,4,52,Moderate
Russian Federation,Suvorov,0,29,1,56,Moderate
Japan,Suwa,1,42,1,22,Good
Slovakia,Svidnik,1,28,1,54,Moderate
Czechia,Tachov,0,31,1,23,Good
China,Tali,3,144,13,151,Unhealthy
Ukraine,Tarashcha,1,43,0,53,Moderate
Brazil,Tarauaca,1,2,0,11,Good
Japan,Shiogama,1,40,0,14,Good
United States of America,Shoreview,1,32,8,46,Good
Russian Federation,Shumerlya,1,28,0,13,Good
Pakistan,Sibi,1,81,0,159,Unhealthy
Germany,Sinzheim,0,34,1,27,Good
Guatemala,Siquinala,4,3,15,115,Unhealthy for Sensitive Groups
India,Sirathu,1,47,0,227,Very Unhealthy
India,Sojitra,1,35,0,155,Unhealthy
Indonesia,Srandakan,1,24,0,42,Good
United States of America,North Highlands,1,28,8,50,Good
United States of America,Ocean City,1,40,4,71,Moderate
Mexico,Ojinaga,1,28,0,65,Moderate
Poland,Olesno,1,30,1,38,Good
India,Mulanur,0,25,0,51,Moderate
Ukraine,Mykolayiv,1,32,1,57,Moderate
Japan,Nagato,1,43,1,28,Good
Japan,Nakanojo,1,37,1,29,Good
Japan,Nakatsu,1,52,1,34,Moderate
United States of America,Pico Rivera,5,3,35,144,Unhealthy for Sensitive Groups
United States of America,Pikesville,1,44,4,53,Moderate
Pakistan,Pind Dadan Khan,2,154,1,209,Very Unhealthy
Brazil,Pinhao,0,11,1,17,Good
Brazil,Pirapozinho,1,14,1,29,Good
France,Plerin,0,30,1,24,Good
Panama,Pocri,2,15,5,63,Moderate
Russian Federation,Podporozhye,1,35,0,19,Good
Argentina,Posadas,0,13,1,31,Good
United Republic of Tanzania,Kirando,1,18,0,25,Good
Ukraine,Kirovohrad,1,41,0,67,Moderate
United Republic of Tanzania,Korogwe,1,18,0,41,Good
Serbia,Urosevac,1,40,1,53,Moderate
Brazil,Uruacu,1,3,2,43,Good
Brazil,Urupes,1,7,1,55,Moderate
Russian Federation,Uspenskoye,1,44,1,23,Good
India,Vada,1,29,1,152,Unhealthy
Armenia,Vagharshapat,1,41,0,60,Moderate
Madagascar,Vangaindrano,0,28,0,14,Good
Brazil,Varjota,1,2,3,52,Moderate
India,Varkkallai,1,28,0,66,Moderate
Italy,Vicenza,1,28,2,21,Good
Venezuela (Bolivarian Republic of),Yaritagua,1,15,3,58,Moderate
South Sudan,Yei,1,14,0,39,Good
Russian Federation,Yelnya,1,23,2,67,Moderate
Myanmar,Yenangyaung,1,31,0,42,Good
India,Yerraguntla,0,31,0,125,Unhealthy for Sensitive Groups
Malaysia,Yong Peng,1,37,0,64,Moderate
Colombia,Yumbo,2,5,5,59,Moderate
China,Zhoukou,3,179,2,125,Unhealthy
China,Zhuanghe,3,59,1,60,Moderate
United States of America,West Allis,2,12,17,54,Moderate
Belgium,Wezembeek Oppem,1,29,3,36,Good
Germany,Wismar,0,37,1,22,Good
Cameroon,Yaounde,2,23,0,51,Moderate
India,Viramgam,1,37,0,164,Unhealthy
Italy,Vittorio Veneto,1,27,2,18,Good
South Africa,Vrede,3,24,3,94,Moderate
India,Vrindavan,1,44,0,246,Very Unhealthy
Russian Federation,Vyksa,1,29,0,19,Good
United States of America,Wahiawa,0,26,0,33,Good
Germany,Waldkirch,1,26,2,33,Good
Indonesia,Wanasari,2,46,1,93,Moderate
China,Wanning,1,23,2,76,Moderate
Netherlands,Weert,1,33,3,36,Good
Poland,Wegrow,1,31,0,49,Good
Russian Federation,Torzhok,0,31,0,27,Good
Brazil,Trairi,0,19,1,39,Good
India,Tuensang,2,46,0,59,Moderate
Finland,Tuusula,3,21,15,157,Unhealthy
India,Lakhna,1,46,0,202,Very Unhealthy
Germany,Langenselbold,1,35,2,31,Good
United Kingdom of Great Britain and Northern Ireland,Larkhall,0,31,0,60,Moderate
France,Le Grand Quevilly,1,23,3,42,Good
United States of America,Leavenworth,2,26,10,66,Moderate
Germany,Leer,1,30,3,28,Good
Netherlands,Leeuwarden,1,30,3,29,Good
Germany,Lemgo,1,37,1,25,Good
Argentina,Libertador General San Martin,0,12,0,22,Good
China,Linqiong,7,46,23,167,Unhealthy
Italy,Lizzanello,1,67,0,41,Moderate
Slovenia,Ljubljana,1,31,1,15,Good
Cuba,Los Arabos,1,20,1,87,Moderate
Germany,Lunen,1,28,4,31,Good
Colombia,Luruaco,2,13,7,139,Unhealthy for Sensitive Groups
Zambia,Lusaka,1,19,0,42,Good
United Republic of Tanzania,Makambako,0,17,0,14,Good
Maldives,Male,0,19,0,15,Good
Philippines,Maluso,0,15,0,26,Good
Belgium,Manage,1,28,2,35,Good
India,Lahar,1,49,0,250,Very Unhealthy
China,Lingyuan,3,107,1,153,Unhealthy
China,Longjiang,2,48,1,75,Moderate
China,Longkou,5,98,5,148,Unhealthy for Sensitive Groups
United States of America,Los Gatos,1,14,16,58,Moderate
Poland,Lubartow,1,36,1,58,Moderate
Germany,Luckenwalde,0,32,1,39,Good
Cambodia,Lumphat,1,24,0,48,Good
China,Luqiao,6,206,5,157,Very Unhealthy
Indonesia,Luwuk,0,18,0,9,Good
United States of America,Lyndhurst,2,15,21,73,Moderate
Russian Federation,Lyskovo,1,26,0,37,Good
Mexico,Madera,1,18,1,73,Moderate
Thailand,Mae Sot,0,18,0,16,Good
United States of America,Magalia,2,23,7,53,Moderate
Myanmar,Magway,0,23,0,18,Good
Iran (Islamic Republic of),Mahdasht,2,145,4,145,Unhealthy for Sensitive Groups
Spain,Mahon,1,57,1,22,Moderate
United States of America,Makakilo City,0,26,0,30,Good
Ukraine,Mala Vyska,1,35,0,44,Good
United States of America,Mamaroneck,2,13,24,72,Moderate
Bahrain,Manama,2,127,3,188,Unhealthy
Bangladesh,Manikchhari,2,39,1,60,Moderate
France,Manosque,1,37,2,68,Moderate
Finland,Mantsala,1,27,3,9,Good
Tunisia,Maqrin,1,55,2,62,Moderate
Russian Federation,Inza,1,32,1,40,Good
United States of America,Iona,1,28,4,42,Good
Costa Rica,Ipis,2,4,13,78,Moderate
Brazil,Itaguai,4,0,16,133,Unhealthy for Sensitive Groups
India,Jaipur,1,40,0,191,Unhealthy
India,Jalaun,1,53,0,247,Very Unhealthy
India,Jamuria,4,137,2,167,Unhealthy
Germany,Immenstadt,1,29,4,85,Moderate
United States of America,Independence,1,47,6,42,Good
United States of America,Inglewood,4,5,48,123,Unhealthy for Sensitive Groups
Australia,Kiama,1,15,12,33,Good
Rwanda,Kibuye,4,21,2,94,Moderate
United States of America,Kihei,0,27,0,27,Good
India,Kilakarai,0,30,0,57,Moderate
Hungary,Kiskoros,1,39,1,64,Moderate
Czechia,Klatovy,1,32,2,57,Moderate
Russian Federation,Kommunar,1,41,6,70,Moderate
Poland,Konstancin Jeziorna,1,37,2,55,Moderate
India,Koratagere,0,22,0,54,Moderate
Greece,Koropion,1,39,3,32,Good
Serbia,Kosovo Polje,1,43,1,72,Moderate
Russian Federation,Kovylkino,1,32,0,23,Good
Russian Federation,Krasnoarmeysk,1,39,0,36,Good
Austria,Krems,1,40,1,60,Moderate
Poland,Krotoszyn,1,25,3,55,Moderate
Japan,Kusu,1,47,0,37,Good
Chile,La Union,1,14,5,44,Good
United States of America,Laconia,1,20,4,40,Good
United States of America,Lake Forest,2,17,25,64,Moderate
United States of America,Lake Saint Louis,2,7,21,82,Moderate
Afghanistan,Lar Gerd,0,34,0,70,Moderate
Malaysia,Lawan Kuda Baharu,1,36,0,70,Moderate
Italy,Leno,2,30,7,119,Unhealthy for Sensitive Groups
Russian Federation,Levokumskoye,1,39,0,36,Good
Mexico,Libres,2,7,8,151,Unhealthy
Romania,Liesti,1,37,1,44,Good
Philippines,Liliw,1,26,1,49,Good
Norway,Lillehammer,0,28,0,11,Good
India,Rampura,1,56,1,257,Very Unhealthy
India,Ranapur,1,35,0,152,Unhealthy
Brazil,Rancharia,1,14,1,35,Good
Namibia,Rundu,0,14,0,27,Good
Syrian Arab Republic,Safita,1,47,1,58,Moderate
Peru,Salaverry,1,16,2,47,Good
Georgia,Samtredia,1,31,0,24,Good
United States of America,San Leandro,2,8,23,73,Moderate
Italy,San Marco In Lamis,1,41,4,34,Good
Mexico,San Marcos,2,17,7,93,Moderate
Mexico,San Martin De Las Piramides,2,18,10,255,Very Unhealthy
Brazil,Sao Geraldo Do Araguaia,1,7,0,36,Good
Russian Federation,Saransk,1,30,1,33,Good
Netherlands,Schoonhoven,0,34,2,32,Good
Japan,Shiraoi,1,32,2,34,Good
Congo,Sibiti,2,23,0,94,Moderate
Italy,Siderno,2,44,3,59,Moderate
Algeria,Sidi Ali,1,38,3,38,Good
Indonesia,Sinjai,1,20,0,16,Good
India,Siuri,3,109,2,132,Unhealthy for Sensitive Groups
Russian Federation,Slavyansk Na Kubani,1,37,0,29,Good
Germany,Ratzeburg,0,33,1,32,Good
United States of America,Revere,1,27,6,30,Good
Indonesia,Selogiri,1,26,0,46,Good
Botswana,Serowe,1,23,0,49,Good
India,Shahpura,1,40,0,169,Unhealthy
United States of America,Southaven,1,25,4,63,Moderate
United States of America,Stony Point,2,16,18,64,Moderate
Nigeria,Suleja,5,15,2,91,Moderate
India,Sultanpur,2,136,1,181,Unhealthy
Spain,Oliva,1,29,1,20,Good
Italy,Oristano,1,47,0,65,Moderate
Germany,Glauchau,0,27,2,33,Good
Brazil,Goias,1,7,2,30,Good
Germany,Gottmadingen,1,26,2,44,Good
United States of America,Grayslake,3,6,26,79,Moderate
Poland,Grodzisk Wielkopolski,1,19,4,37,Good
Cuba,Guantanamo,1,24,3,69,Moderate
Brazil,Guarulhos,13,0,39,217,Very Unhealthy
France,Gueret,1,27,1,38,Good
India,Gulaothi,1,62,2,500,Hazardous
France,Fourmies,1,24,3,34,Good
Russian Federation,Fryazino,1,30,8,35,Good
France,Gagny,1,28,2,30,Good
Slovakia,Galanta,1,33,2,61,Moderate
United States of America,Gastonia,2,13,19,74,Moderate
Ethiopia,Gelemso,1,22,0,106,Unhealthy for Sensitive Groups
Italy,Genoa,1,38,2,34,Good
United States of America,Germantown,2,16,16,66,Moderate
Botswana,Ghanzi,0,15,0,11,Good
Italy,Ghedi,1,34,4,75,Moderate
Cuba,Gibara,1,31,1,62,Moderate
India,Gundlupet,0,21,0,57,Moderate
Germany,Gunzenhausen,1,26,2,41,Good
Hungary,Gyal,1,34,2,64,Moderate
Hungary,Gyomaendrod,1,25,2,71,Moderate
Hungary,Gyor,1,31,3,59,Moderate
Netherlands,Haarlem,0,35,1,27,Good
Bangladesh,Hajiganj,2,37,3,164,Unhealthy
India,Halol,1,32,0,159,Unhealthy
Belgium,Heist Op Den Berg,1,25,4,37,Good
United States of America,Hermitage,1,38,4,44,Good
United States of America,Hesperia,2,22,16,75,Moderate
Denmark,Hobro,0,29,1,33,Good
United States of America,Hoover,1,16,11,80,Moderate
Thailand,Hua Hin,0,18,0,29,Good
China,Huazhou,2,43,4,94,Moderate
Mexico,Huejutla,3,7,10,110,Unhealthy for Sensitive Groups
Brazil,Ibaiti,1,13,0,17,Good
Japan,Ibara,1,43,2,32,Good
Brazil,Ipueiras,0,16,0,22,Good
Brazil,Itapeva,0,16,0,14,Good
Brazil,Jacobina,0,14,0,21,Good
India,Jafarpur,3,85,3,189,Unhealthy
Brazil,Jaguaribe,0,18,0,33,Good
Mexico,Jalpa,1,14,2,31,Good
India,Jamui,1,93,1,186,Unhealthy
Brazil,Jardim De Piranhas,0,18,0,35,Good
India,Jarwal,3,153,2,301,Hazardous
India,Jewar,1,40,2,500,Hazardous
France,Jouy Le Moutier,1,27,2,33,Good
Mexico,Juchitepec,2,8,14,163,Unhealthy
Peru,Junin,0,6,1,10,Good
India,Kagal,0,23,0,89,Moderate
Nigeria,Kagoro,5,14,2,91,Moderate
Nepal,Dhangadhi,3,144,0,150,Unhealthy
India,Dhemaji,1,19,1,30,Good
Russian Federation,Digora,1,37,1,50,Good
Canada,Dolbeau,0,23,0,52,Moderate
Mozambique,Dondo,1,18,0,45,Good
China,Dongling,3,91,5,142,Unhealthy for Sensitive Groups
Norway,Drammen,1,30,1,28,Good
United States of America,Dunn,2,19,11,56,Moderate
Chile,El Monte,15,0,24,198,Unhealthy
Brazil,Exu,0,15,0,24,Good
India,Faridabad,1,45,2,500,Hazardous
United Kingdom of Great Britain and Northern Ireland,Felling,1,18,9,39,Good
United Kingdom of Great Britain and Northern Ireland,Fleetwood,0,30,1,20,Good
Colombia,Floridablanca,1,10,4,50,Good
United States of America,Forest Acres,2,9,14,64,Moderate
Indonesia,Kediri,1,30,0,51,Moderate
United States of America,Kent,2,25,11,58,Moderate
India,Khailar,1,38,0,170,Unhealthy
India,Khamaria,1,32,0,155,Unhealthy
Japan,Enzan,1,39,1,44,Good
Germany,Eppelheim,1,37,2,71,Moderate
Italy,Erba,1,35,3,65,Moderate
Iran (Islamic Republic of),Eslamshahr,6,235,8,169,Very Unhealthy
United States of America,Farmers Branch,1,29,6,57,Moderate
China,Feicheng,4,167,3,161,Unhealthy
Italy,Finale Ligure,1,30,3,45,Good
Colombia,Flandes,2,7,5,70,Moderate
Brazil,Florianopolis,1,18,2,33,Good
Italy,Floridia,1,42,1,69,Moderate
France,Fontaine,3,7,18,28,Good
United States of America,Keller,1,28,5,54,Moderate
Brazil,Inhapim,1,7,3,45,Good
Philippines,Isabela,1,14,0,23,Good
Germany,Isny,1,35,3,50,Good
Indonesia,Jambi,2,41,0,81,Moderate
India,Jamshedpur,3,83,1,155,Unhealthy
Indonesia,Jatibarang,2,83,1,91,Moderate
Peru,Jauja,1,5,3,29,Good
United States of America,Jericho,2,13,26,76,Moderate
Saudi Arabia,Jiddah,1,72,0,90,Moderate
Ethiopia,Jimma,1,17,0,61,Moderate
Indonesia,Juwana,2,73,1,90,Moderate
Israel,Kafar Manda,3,41,13,116,Unhealthy for Sensitive Groups
Israel,Kafar Qasem,2,37,13,127,Unhealthy for Sensitive Groups
Canada,Kamloops,1,40,1,58,Moderate
Israel,Qiryat Yam,2,39,9,89,Moderate
China,Qitaihe,2,39,0,49,Good
Mauritius,Quatre Bornes,0,30,0,39,Good
India,Raiganj,2,43,1,61,Moderate
India,Rameswaram,0,31,0,61,Moderate
Myanmar,Rangoon,0,24,0,38,Good
Romania,Rasnov,1,40,0,40,Good
Argentina,Rawson,0,22,0,11,Good
Brazil,Redencao,0,11,2,39,Good
India,Rehti,1,42,0,160,Unhealthy
United States of America,Republic,1,36,3,38,Good
Argentina,Resistencia,1,3,5,37,Good
France,Riorges,1,30,1,51,Moderate
France,Ris Orangis,2,27,7,70,Moderate
Spain,Roquetas De Mar,1,20,7,39,Good
United States of America,Ruston,3,9,14,75,Moderate
Azerbaijan,Sabirabad,1,42,0,64,Moderate
Japan,Saiki,1,34,1,34,Good
Guatemala,Salama,2,7,4,59,Moderate
Iran (Islamic Republic of),Damghan,1,62,0,91,Moderate
United States of America,De Pere,1,33,5,43,Good
Pakistan,Dera Din Panah,2,113,0,176,Unhealthy
Germany,Dillingen,1,29,3,52,Moderate
Germany,Dinklage,0,34,1,36,Good
United States of America,Edgewater,1,27,7,59,Moderate
Netherlands,Eersel,1,30,2,38,Good
Germany,Eislingen,1,30,2,63,Moderate
United States of America,Maryland Heights,2,20,16,88,Moderate
United States of America,Massapequa,1,25,14,59,Moderate
Brazil,Matinhos,1,6,3,46,Good
United States of America,Maywood,2,18,30,82,Moderate
United States of America,Meadville,1,38,2,37,Good
Spain,Miajadas,1,16,3,26,Good
Nigeria,Minna,3,18,1,76,Moderate
France,Mions,1,26,2,36,Good
Italy,Molfetta,1,48,1,43,Good
Italy,Monterotondo,1,41,4,50,Good
United States of America,Montgomery Village,1,31,5,54,Moderate
Myanmar,Monywa,0,26,0,21,Good
Russian Federation,Morshansk,1,32,1,47,Good
Tajikistan,Moskovskiy,1,45,0,87,Moderate
Ukraine,Mukacheve,1,37,1,59,Moderate
Pakistan,Murree,1,124,0,75,Unhealthy for Sensitive Groups
India,Nagireddipalle,0,26,0,85,Moderate
Guatemala,Nahuala,3,7,11,89,Moderate
United States of America,Sunland Park,2,20,9,113,Unhealthy for Sensitive Groups
Turkey,Susurluk,1,37,0,25,Good
Brazil,Suzano,16,0,46,247,Very Unhealthy
Poland,Swidwin,1,29,1,30,Good
Poland,Swiebodzice,1,22,3,47,Good
Myanmar,Syriam,0,23,0,62,Moderate
Russian Federation,Sysert,1,36,0,26,Good
Mexico,Tacambaro,0,7,1,28,Good
China,Taihe,5,171,3,135,Unhealthy
India,Talaja,0,31,0,143,Unhealthy for Sensitive Groups
Japan,Tanabe,1,55,0,15,Moderate
India,Tanuku,1,33,1,131,Unhealthy for Sensitive Groups
Thailand,Tha Maka,0,22,0,33,Good
Senegal,Thies,3,22,6,181,Unhealthy
Switzerland,Thun,1,26,1,46,Good
India,Narayangarh,3,190,2,162,Unhealthy
Germany,Naumburg,0,29,2,32,Good
Japan,Niitsu,1,41,0,30,Good
Uganda,Njeru,7,14,4,152,Unhealthy
France,Noeux Les Mines,0,29,1,31,Good
France,Noisy Le Grand,1,28,2,30,Good
United States of America,North Ridgeville,1,39,3,43,Good
Brazil,Nova Serrana,2,3,5,63,Moderate
Italy,Novi Di Modena,2,26,8,63,Moderate
Russian Federation,Novyy Oskol,1,33,1,51,Moderate
Mexico,Nuevo San Juan Parangaricutiro,1,8,2,29,Good
Mexico,Ocosingo,1,13,1,31,Good
Iran (Islamic Republic of),Khash,0,43,0,151,Unhealthy
Iran (Islamic Republic of),Khorramabad,1,44,0,93,Moderate
Kenya,Kiambu,10,11,4,175,Unhealthy
Germany,Kirchhain,0,29,1,31,Good
Burkina Faso,Kokologo,2,10,1,50,Good
Germany,Korschenbroich,1,23,3,34,Good
India,Kot Kapura,3,79,7,341,Hazardous
Pakistan,Kotri,1,46,0,184,Unhealthy
Latvia,Kraslava,1,31,0,33,Good
Ukraine,Krasnyy Luch,1,35,3,42,Good
Indonesia,Kuningan,1,31,0,56,Moderate
Russian Federation,Kurchatov,1,35,0,54,Moderate
Belgium,Leuven,1,26,3,35,Good
Thailand,Long,0,20,0,26,Good
Uganda,Lukaya,1,14,0,39,Good
Ukraine,Lyubotyn,1,32,2,58,Moderate
United Republic of Tanzania,Mahanje,0,12,0,26,Good
India,Mahmudabad,2,132,3,350,Hazardous
India,Mairang,2,32,1,36,Good
India,Mandya,0,21,1,55,Moderate
India,Mangaluru,1,22,1,79,Moderate
France,Mantes La Jolie,0,28,1,30,Good
Peru,Marcavelica,0,22,0,46,Good
Brazil,Marechal Candido Rondon,0,19,0,12,Good
Spain,Langreo,1,30,3,38,Good
Brazil,Lapa,1,8,1,18,Good
Mexico,Las Guacamayas,0,17,0,9,Good
United States of America,Ledyard,1,37,2,41,Good
United Republic of Tanzania,Lembeni,1,10,1,63,Moderate
Georgia,Lentekhi,0,34,0,39,Good
China,Liaozhong,3,92,4,154,Unhealthy
Brazil,Oriximina,1,4,0,28,Good
Czechia,Ostrava,2,33,6,81,Moderate
Japan,Oyama,1,46,0,23,Good
Iran (Islamic Republic of),Pakdasht,2,114,5,134,Unhealthy for Sensitive Groups
Brazil,Parobe,2,9,7,75,Moderate
Cuba,Pedro Betancourt,1,20,2,54,Moderate
United States of America,Peekskill,2,16,18,63,Moderate
China,Peikang,3,201,4,130,Very Unhealthy
India,Pennadam,1,31,1,61,Moderate
Malaysia,Petaling Jaya,2,48,1,97,Moderate
Thailand,Phichit,0,23,0,26,Good
Thailand,Phrae,0,24,0,62,Moderate
India,Pipar,0,33,0,218,Very Unhealthy
Serbia,Pirot,1,36,0,59,Moderate
Poland,Pisz,0,34,0,33,Good
Germany,Plattling,1,35,2,42,Good
Italy,Porto San Giorgio,2,34,8,51,Moderate
Belgium,Profondeville,1,22,5,51,Moderate
Colombia,Puerto Tejada,2,4,5,65,Moderate
India,Punalur,1,24,1,77,Moderate
Ukraine,Pyryatyn,1,34,1,51,Moderate
China,Qianan,2,82,0,96,Moderate
Australia,Queanbeyan,0,18,1,17,Good
Brazil,Queimadas,0,11,1,24,Good
Pakistan,Quetta,0,42,0,125,Unhealthy for Sensitive Groups
India,Rabupura,3,155,2,214,Very Unhealthy
Bulgaria,Rakovski,1,41,0,18,Good
Mexico,Villahermosa,6,7,10,173,Unhealthy
India,Virbhadra,2,141,0,113,Unhealthy for Sensitive Groups
Greece,Viron,1,40,3,34,Good
Russian Federation,Volgograd,1,38,0,31,Good
Russian Federation,Volkhov,1,39,1,65,Moderate
United States of America,Warren,1,31,8,50,Good
United States of America,Wasco,2,6,17,54,Moderate
United States of America,Wayne,1,30,9,51,Moderate
China,Weinan,3,196,3,108,Unhealthy
Germany,Welzheim,1,28,3,59,Moderate
India,Wer,1,45,0,252,Very Unhealthy
United States of America,West Paterson,2,14,21,73,Moderate
Belgium,Westerlo,1,28,3,41,Good
Belgium,Wevelgem,1,33,2,38,Good
New Zealand,Whakatane,0,23,0,28,Good
United States of America,Wheaton,2,28,13,59,Moderate
China,Wuwei,1,64,0,101,Unhealthy for Sensitive Groups
Côte d'Ivoire,Yamoussoukro,1,17,0,56,Moderate
China,Yashan,1,25,3,68,Moderate
Russian Federation,Yelan,1,38,0,30,Good
United Kingdom of Great Britain and Northern Ireland,York,0,32,3,21,Good
United States of America,Yuma,1,28,5,54,Moderate
Mexico,Zapotiltic,1,5,4,35,Good
Azerbaijan,Zaqatala,1,35,0,30,Good
Netherlands,Zeewolde,0,34,1,36,Good
Switzerland,Zurich,1,28,2,109,Unhealthy for Sensitive Groups
Mexico,Acapulco,1,17,2,38,Good
Australia,Mackay,0,29,0,15,Good
Mexico,Acuna,1,32,1,62,Moderate
India,Madras,3,35,6,120,Unhealthy for Sensitive Groups
Spain,Adra,1,19,4,28,Good
Nigeria,Agulu,7,16,7,152,Unhealthy
Japan,Akashi,1,40,2,29,Good
France,Mahina,0,25,0,14,Good
India,Maholi,4,23,15,159,Unhealthy
South Africa,Malmesbury,5,22,8,139,Unhealthy for Sensitive Groups
Côte d'Ivoire,Man,1,18,0,24,Good
Spain,Manacor,1,46,0,33,Good
Italy,Maniago,1,47,0,76,Moderate
Brazil,Altonia,1,13,0,19,Good
Brazil,Alvares Machado,1,15,1,45,Good
Philippines,Manila,3,25,7,131,Unhealthy for Sensitive Groups
Tunisia,Manubah,1,95,1,40,Moderate
Madagascar,Andilamena,0,22,0,12,Good
Austria,Marchtrenk,1,54,0,75,Moderate
Germany,Cloppenburg,1,40,0,29,Good
India,Angamali,0,23,0,71,Moderate
United States of America,Clovis,1,32,0,53,Moderate
United Kingdom of Great Britain and Northern Ireland,Antrim,0,30,1,22,Good
Guinea,Conakry,1,25,0,33,Good
Italy,Copertino,1,73,0,72,Moderate
Serbia,Arandelovac,1,40,1,68,Moderate
Iran (Islamic Republic of),Ardakan,1,47,0,161,Unhealthy
Brazil,Cordeiropolis,2,19,2,85,Moderate
France,Crepy En Valois,1,48,0,62,Moderate
Mexico,Cueramaro,1,33,0,50,Good
Netherlands,Arnhem,0,33,1,37,Good
China,Yima,7,9,25,171,Unhealthy
Japan,Yokaichi,2,13,17,108,Unhealthy for Sensitive Groups
Turkey,Artvin,0,35,0,23,Good
Brazil,Assai,1,12,1,39,Good
Belarus,Zabinka,1,38,0,18,Good
Mexico,Zapopan,1,30,0,52,Moderate
United States of America,Avenal,1,21,7,39,Good
Israel,Azur,1,48,4,75,Moderate
Romania,Babadag,1,41,0,30,Good
Ecuador,Babahoyo,2,11,6,62,Moderate
Russian Federation,Zimovniki,1,45,0,23,Good
Mexico,Bacalar,1,25,0,53,Moderate
Germany,Bad Iburg,0,34,1,37,Good
Netherlands,Zwijndrecht,1,39,1,33,Good
Germany,Bad Kissingen,1,31,2,48,Good
Germany,Bad Nenndorf,0,33,1,37,Good
Germany,Bad Soden,1,27,3,52,Moderate
Germany,Baesweiler,1,24,4,43,Good
Russian Federation,Yasnyy,1,33,0,114,Unhealthy for Sensitive Groups
Peru,Bagua Grande,1,3,1,26,Good
Lebanon,Beirut,1,49,2,64,Moderate
Brazil,Belem,1,13,1,60,Moderate
Peru,Bellavista,2,1,0,56,Moderate
Pakistan,Bhawana,2,127,1,178,Unhealthy
Germany,Birkenau,1,36,3,58,Moderate
Russian Federation,Baley,1,32,0,18,Good
India,Bishna,2,127,0,140,Unhealthy for Sensitive Groups
Indonesia,Bangil,3,96,2,155,Unhealthy
Netherlands,Bladel,1,30,3,31,Good
Netherlands,Bleiswijk,1,33,2,18,Good
Australia,Bongaree,0,24,7,32,Good
Sweden,Boo,1,42,1,68,Moderate
Netherlands,Breda,1,32,2,25,Good
India,Chirgaon,1,46,0,217,Very Unhealthy
India,Ballarpur,1,27,3,159,Unhealthy
Indonesia,Ciputat,5,202,3,168,Very Unhealthy
Italy,Cittadella,2,31,5,99,Moderate
India,Bandipur,1,48,0,102,Unhealthy for Sensitive Groups
Germany,Clausthal Zellerfeld,0,31,1,45,Good
Democratic Republic of the Congo,Bangui,3,11,0,58,Moderate
India,Barjora,3,135,2,138,Unhealthy for Sensitive Groups
Netherlands,Barneveld,1,30,2,17,Good
Brazil,Barra Da Estiva,0,7,1,18,Good
Ukraine,Baryshivka,1,38,0,13,Good
Germany,Coesfeld,0,33,2,38,Good
Russian Federation,Arsenyev,1,26,0,38,Good
Ethiopia,Asbe Teferi,1,19,0,65,Moderate
Brazil,Coromandel,1,10,2,32,Good
Russian Federation,Asha,1,31,0,32,Good
Portugal,Corroios,0,32,3,33,Good
Benin,Cove,2,18,2,94,Moderate
France,Aubergenville,1,25,4,64,Moderate
Nigeria,Auchi,3,22,2,102,Unhealthy for Sensitive Groups
Cuba,Cruces,1,17,6,65,Moderate
India,Avanigadda,1,29,1,85,Moderate
United States of America,Cumberland,1,25,7,33,Good
Chile,Curanilahue,2,8,8,66,Moderate
Serbia,Backa Topola,1,38,1,111,Unhealthy for Sensitive Groups
Italy,Cusano Milanino,1,34,5,104,Unhealthy for Sensitive Groups
India,Badami,0,23,0,58,Moderate
Iraq,Dahuk,1,47,1,129,Unhealthy for Sensitive Groups
Brazil,Belford Roxo,5,1,20,154,Unhealthy
United States of America,Bennington,1,28,4,35,Good
United States of America,Brooklyn,2,34,5,35,Good
Netherlands,Bergeijk,1,30,2,38,Good
Malaysia,Bukit Bakri,1,32,0,77,Moderate
United States of America,Burleson,1,23,2,130,Unhealthy for Sensitive Groups
United States of America,Burnsville,1,43,2,53,Moderate
United States of America,Burton,1,28,4,34,Good
Rwanda,Butare,7,16,3,87,Moderate
Brazil,Cacapava Do Sul,1,17,0,21,Good
United States of America,Cahokia,1,40,5,54,Moderate
Brazil,Cameta,1,8,0,47,Good
Romania,Blaj,1,37,1,63,Moderate
Italy,Borgo San Lorenzo,1,36,2,15,Good
Indonesia,Ambulu,1,33,0,54,Moderate
Russian Federation,Borisoglebsk,1,37,0,22,Good
France,Bourg En Bresse,1,30,1,18,Good
Belgium,Brasschaat,1,30,3,38,Good
France,Brive La Gaillarde,1,37,1,30,Good
France,Annecy,2,16,5,110,Unhealthy for Sensitive Groups
France,Annoeullin,1,25,5,46,Good
Republic of North Macedonia,Aracinovo,1,37,1,57,Moderate
Switzerland,Arbon,2,26,6,45,Good
France,Argentan,1,29,2,53,Moderate
Uganda,Bweyogerere,5,19,2,130,Unhealthy for Sensitive Groups
Angola,Camabatela,12,29,8,198,Unhealthy
Nicaragua,Camoapa,1,15,1,19,Good
Brazil,Camocim,0,18,0,33,Good
Uruguay,Carmelo,1,9,6,46,Good
Brazil,Casa Branca,1,9,3,57,Moderate
Italy,Casamassima,1,45,2,29,Good
Italy,Castelfranco Emilia,1,29,7,79,Moderate
Republic of North Macedonia,Brvenica,1,45,0,83,Moderate
India,Champa,1,79,1,181,Unhealthy
Colombia,Bucaramanga,1,9,4,43,Good
Indonesia,Buduran,3,133,1,158,Unhealthy
Russian Federation,Tavda,1,33,0,56,Moderate
Belgium,Ternat,1,27,4,44,Good
Netherlands,The Hague,0,35,1,32,Good
India,Tigri,4,174,2,158,Unhealthy
Philippines,Cagayan De Oro,1,20,0,39,Good
United States of America,Caguas,0,23,0,58,Moderate
Portugal,Calendario,1,27,3,20,Good
Brazil,Camanducaia,1,7,3,42,Good
United States of America,Topsham,1,21,6,46,Good
Costa Rica,Tres Rios,2,5,13,76,Moderate
Brazil,Triunfo,1,10,3,47,Good
Brazil,Canavieiras,0,16,0,14,Good
Tajikistan,Tugalan,1,46,0,75,Moderate
Italy,Canegrate,1,37,3,68,Moderate
United States of America,Tukwila,2,20,14,54,Moderate
Azerbaijan,Ucar,1,31,0,49,Good
Brazil,Carinhanha,1,4,2,32,Good
Italy,Cavallino,1,46,0,44,Good
El Salvador,Chalatenango,3,0,11,107,Unhealthy for Sensitive Groups
France,Chalette Sur Loing,2,21,5,59,Moderate
Turkey,Urla,1,43,1,31,Good
Hungary,Bekes,1,42,1,54,Moderate
Russian Federation,Urus Martan,1,34,1,39,Good
India,Vaghodia,1,32,0,151,Unhealthy
Madagascar,Betafo,1,25,0,20,Good
Philippines,Biao,1,16,0,35,Good
United States of America,Valley Stream,2,19,18,62,Moderate
United States of America,Van Buren,1,25,3,79,Moderate
India,Vasudevanallur,0,23,0,60,Moderate
Argentina,Veinticinco De Mayo,0,17,1,20,Good
India,Vemalwada,1,30,1,143,Unhealthy for Sensitive Groups
India,Birur,1,21,0,18,Good
India,Bisauli,3,99,1,155,Unhealthy
France,Blanquefort,1,26,3,35,Good
Brazil,Bodoco,0,14,0,17,Good
United States of America,Bostonia,3,8,22,104,Unhealthy for Sensitive Groups
China,Botou,3,114,3,120,Unhealthy for Sensitive Groups
United States of America,Sunset,2,8,17,107,Unhealthy for Sensitive Groups
France,Boulogne Billancourt,2,16,9,84,Moderate
China,Suzhou,2,141,2,78,Unhealthy for Sensitive Groups
Germany,Brakel,1,40,4,62,Moderate
United States of America,Brea,4,4,31,129,Unhealthy for Sensitive Groups
Denmark,Taastrup,1,36,0,26,Good
United States of America,Tacoma,2,22,13,53,Moderate
United States of America,Takoma Park,1,27,11,47,Good
Russian Federation,Talitsa,1,35,0,65,Moderate
Russian Federation,Cheboksary,1,33,0,60,Moderate
Italy,Chioggia,1,44,1,69,Moderate
Peru,Chota,0,7,0,25,Good
United States of America,West Columbia,2,10,14,59,Moderate
Italy,Ciampino,1,46,2,81,Moderate
Indonesia,Cibeureum,1,40,0,63,Moderate
Germany,Wiesloch,1,27,2,27,Good
Brazil,Cicero Dantas,0,12,0,16,Good
United States of America,Windsor,3,20,19,99,Moderate
Japan,Yamoto,1,44,0,25,Good
Russian Federation,Yershov,1,33,0,39,Good
China,Yian,1,48,0,53,Moderate
China,Zaoyang,2,113,1,67,Unhealthy for Sensitive Groups
Bosnia and Herzegovina,Zavidovici,1,31,0,59,Moderate
Ukraine,Zhytomyr,1,30,1,73,Moderate
Belgium,Zonhoven,1,22,4,37,Good
France,Conflans Sainte Honorine,2,29,4,69,Moderate
Mexico,Zumpango,3,12,13,175,Unhealthy
Germany,Zwickau,0,28,1,32,Good
United States of America,Cookeville,2,14,12,66,Moderate
United States of America,Coppell,1,29,5,56,Moderate
France,Corbeil Essonnes,2,28,6,69,Moderate
France,Trelaze,1,28,1,29,Good
Germany,Tubingen,1,26,2,36,Good
Saudi Arabia,Turayf,1,47,0,85,Moderate
Colombia,Turbana,1,18,2,101,Unhealthy for Sensitive Groups
Japan,Ube,1,45,0,32,Good
Germany,Ubstadt Weiher,1,26,2,32,Good
Peru,Uchiza,1,1,0,37,Good
Japan,Ueda,1,45,0,16,Good
Brazil,Corumba,0,8,0,12,Good
Netherlands,Cuijk,1,22,7,43,Good
United States of America,Cupertino,1,27,10,51,Moderate
Sudan,Umm Durman,2,26,0,112,Unhealthy for Sensitive Groups
Nigeria,Umuahia,9,19,7,165,Unhealthy
Viet Nam,Uong Bi,3,43,3,152,Unhealthy
United Republic of Tanzania,Urambo,0,10,0,23,Good
Turkey,Urfa,1,42,0,73,Moderate
Switzerland,Uzwil,1,24,2,43,Good
India,Vadodara,0,28,0,155,Unhealthy
Venezuela (Bolivarian Republic of),Valencia,2,7,14,115,Unhealthy for Sensitive Groups
Armenia,Vardenis,0,30,0,24,Good
Romania,Piatra Neamt,1,40,0,20,Good
Argentina,Venado Tuerto,0,19,0,15,Good
Brazil,Venancio Aires,0,21,0,12,Good
Seychelles,Victoria,0,25,0,26,Good
India,Vidisha,1,37,0,153,Unhealthy
Colombia,Villa Del Rosario,1,9,4,56,Moderate
Italy,Piove Di Sacco,2,28,8,58,Moderate
Romania,Pitesti,1,39,0,17,Good
Ecuador,Playas,1,21,0,23,Good
United States of America,Washougal,1,29,6,47,Good
United States of America,Waukegan,4,3,30,93,Moderate
Germany,Weiden,1,25,3,43,Good
Italy,Portoferraio,1,45,0,50,Good
Paraguay,Presidente Franco,1,12,0,27,Good
Trinidad and Tobago,Princes Town,1,21,3,88,Moderate
Cameroon,Maroua,2,17,0,65,Moderate
India,Rajura,1,27,3,158,Unhealthy
United States of America,Raleigh,1,34,6,54,Moderate
India,Ramnagar,3,136,0,141,Unhealthy for Sensitive Groups
Niger,Matameye,3,26,2,75,Moderate
Japan,Matsuura,1,44,0,34,Good
Indonesia,Mayong,2,80,1,77,Moderate
Turkey,Menemen,1,42,1,31,Good
India,Polur,0,26,0,60,Moderate
Germany,Mettlach,1,29,3,53,Moderate
Switzerland,Meyrin,1,28,1,61,Moderate
Spain,Oria,1,41,0,16,Good
Romania,Orsova,1,40,0,27,Good
United States of America,Miamisburg,1,48,4,33,Good
Canada,Milton,2,7,18,79,Moderate
Bangladesh,Mirzapur,3,60,2,83,Moderate
Indonesia,Pandak,1,34,0,56,Moderate
Indonesia,Panji,1,32,0,52,Moderate
Brazil,Paraopeba,1,9,3,50,Good
Hungary,Pecel,1,39,3,85,Moderate
Brazil,Monte Alto,1,12,1,42,Good
France,Montmagny,1,20,6,60,Moderate
Italy,Monza,1,33,6,106,Unhealthy for Sensitive Groups
Malaysia,Pekan Nenas,1,36,4,116,Unhealthy for Sensitive Groups
India,Morar,1,46,0,239,Very Unhealthy
Malaysia,Peringat,2,36,0,64,Moderate
Japan,Mori,1,45,0,15,Good
Japan,Rumoi,1,26,0,23,Good
Turkey,Safranbolu,1,35,0,40,Good
Russian Federation,Nadvoitsy,1,28,0,9,Good
India,Nagar,1,46,0,310,Hazardous
Japan,Saijo,1,33,3,20,Good
United Republic of Tanzania,Nangwa,0,14,0,20,Good
Russian Federation,Samashki,1,45,0,36,Good
Chad,Moundou,2,8,0,67,Moderate
Germany,Mulheim,1,29,3,43,Good
Austria,Rankweil,1,36,1,35,Good
China,Nanjing,4,185,7,143,Unhealthy
Finland,Rauma,1,38,4,41,Good
Russian Federation,Reftinskiy,1,29,2,28,Good
Italy,Rende,1,48,1,59,Moderate
United Kingdom,Rhyl,0,29,1,36,Good
Mexico,Rio Bravo,3,14,6,158,Unhealthy
Brazil,Rio Das Ostras,1,18,3,52,Moderate
Brazil,Rio Largo,0,18,1,27,Good
United States of America,Rock Island,1,31,3,35,Good
France,Ozoir La Ferriere,1,25,4,62,Moderate
Russian Federation,Narimanov,1,39,0,33,Good
Philippines,Paete,1,23,1,51,Moderate
India,Nawashahr,2,152,1,118,Unhealthy
Botswana,Palapye,2,14,1,79,Moderate
Germany,Neckargemund,1,31,3,51,Moderate
Brazil,Palmas,6,4,3,163,Unhealthy
India,Neral,1,26,1,125,Unhealthy for Sensitive Groups
Israel,Netanya,1,48,4,80,Moderate
France,Sainte Foy Les Lyon,1,33,3,110,Unhealthy for Sensitive Groups
France,Neuilly Plaisance,1,19,6,60,Moderate
United Kingdom of Great Britain and Northern Ireland,Newtownards,1,28,2,23,Good
Italy,Samarate,2,26,7,71,Moderate
Benin,Nikki,1,21,0,41,Good
Russian Federation,Kanash,1,31,0,53,Moderate
India,Kapra,1,28,0,86,Moderate
India,Karumbakkam,1,30,1,69,Moderate
Japan,Kasamatsu,1,43,1,13,Good
Russian Federation,Kenzhe,1,41,0,49,Good
Malaysia,Kerteh,1,45,0,105,Unhealthy for Sensitive Groups
China,Keshan,1,38,0,45,Good
India,Khajuraho,1,45,0,207,Very Unhealthy
India,Khapa,1,35,0,172,Unhealthy
India,Hodal,1,61,1,411,Hazardous
Colombia,Honda,2,16,3,76,Moderate
Denmark,Horsholm,1,36,1,27,Good
Mexico,Huimanguillo,7,6,10,164,Unhealthy
Mexico,Huitzuco,1,12,6,47,Good
Spain,Icod De Los Vinos,1,36,0,6,Good
Nigeria,Ikere,4,25,2,120,Unhealthy for Sensitive Groups
Russian Federation,Ilanskiy,1,38,0,44,Good
Poland,Ilawa,0,33,0,36,Good
India,Jharia,2,115,2,186,Unhealthy
Iran (Islamic Republic of),Jiroft,1,58,0,121,Unhealthy for Sensitive Groups
Serbia,Kac,1,40,3,82,Moderate
India,Kailasahar,3,31,1,47,Good
Greece,Kalivia Thorikou,1,39,4,32,Good
Japan,Kameoka,1,43,1,16,Good
Japan,Kamogata,1,44,1,33,Good
Uganda,Kampala,4,18,2,110,Unhealthy for Sensitive Groups
Thailand,Nong Ki,0,27,0,50,Good
Japan,Nonoichi,1,45,1,34,Good
Netherlands,Noordwijk,0,36,1,35,Good
United States of America,North Bay Shore,2,16,21,59,Moderate
United States of America,North Decatur,3,17,20,80,Moderate
Japan,Noshiro,1,34,1,15,Good
Brazil,Obidos,1,6,0,30,Good
Japan,Odate,1,32,1,19,Good
Germany,Oelde,0,33,1,44,Good
Nigeria,Abeokuta,9,11,9,162,Unhealthy
Brazil,Acopiara,1,12,2,35,Good
India,Adoni,0,29,0,85,Moderate
Russian Federation,Afipskiy,1,28,8,49,Good
Portugal,Alhos Vedros,1,37,2,43,Good
Myanmar,Allanmyo,0,25,0,37,Good
India,Allapalli,1,39,0,150,Unhealthy
Norway,Alta,1,29,0,9,Good
Brazil,Alvorada,1,6,1,41,Good
Mexico,Anahuac,0,30,0,43,Good
India,Anandpur Sahib,2,154,2,100,Unhealthy
France,Andresy,1,27,2,33,Good
Belgium,Anzegem,0,27,3,38,Good
Russian Federation,Apsheronsk,1,45,1,31,Good
Brazil,Araquari,3,1,8,75,Moderate
Japan,Asahikawa,0,31,0,8,Good
Ethiopia,Awassa,1,18,0,59,Moderate
Germany,Bad Harzburg,0,30,1,36,Good
India,Bagar,1,34,0,476,Hazardous
France,Bagnolet,1,26,3,34,Good
Tunisia,Bajah,1,47,2,34,Good
Brazil,Bandeirantes,1,13,0,24,Good
United States of America,Banning,1,31,6,47,Good
Spain,Baranain,0,36,0,26,Good
United Kingdom of Great Britain and Northern Ireland,Barry,1,16,5,51,Moderate
Ukraine,Barvinkove,1,36,1,39,Good
Russian Federation,Blagoveshchensk,1,26,3,40,Good
Brazil,Blumenau,1,6,4,40,Good
Ethiopia,Boditi,2,19,0,84,Moderate
Russian Federation,Bologoye,0,27,0,22,Good
Indonesia,Bondowoso,1,29,0,47,Good
United States of America,Bourbonnais,1,23,10,54,Moderate
Italy,Busto Garolfo,1,36,4,69,Moderate
United States of America,Calabasas,3,18,24,78,Moderate
South Africa,Cape Town,2,15,4,149,Unhealthy for Sensitive Groups
Romania,Caransebes,1,30,2,71,Moderate
Italy,Castellana Grotte,1,44,2,58,Moderate
Brazil,Castro Alves,0,13,1,23,Good
Turkey,Cay,1,25,2,32,Good
Turkey,Cermik,1,41,0,70,Moderate
France,Chambery,1,21,3,52,Moderate
India,Chandauli,1,67,1,245,Very Unhealthy
Republic of North Macedonia,Berovo,1,42,0,49,Good
Spain,Betanzos,0,28,1,30,Good
Ghana,Bibiani,2,9,1,78,Moderate
Chad,Biltine,1,25,0,74,Moderate
India,Chatsu,1,41,0,185,Unhealthy
Panama,Chepo,2,16,8,74,Moderate
Ukraine,Chuhuyiv,1,30,2,56,Moderate
Venezuela (Bolivarian Republic of),Ciudad Guayana,1,14,0,81,Moderate
Venezuela (Bolivarian Republic of),Ciudad Ojeda,2,12,6,77,Moderate
Belgium,Blankenberge,0,33,1,32,Good
Brazil,Boituva,2,11,4,86,Moderate
China,Bose,2,41,0,55,Moderate
Germany,Bovenden,0,27,2,34,Good
France,Bretigny Sur Orge,1,27,3,35,Good
Peru,Colan,0,23,0,34,Good
Mexico,Colima,1,8,3,38,Good
United States of America,Corcoran,3,15,12,71,Moderate
United Kingdom of Great Britain and Northern Ireland,Cumbernauld,1,22,6,27,Good
Poland,Kartuzy,1,37,1,45,Good
Japan,Kasama,1,56,1,50,Moderate
Sri Lanka,Katunayaka,0,24,0,72,Moderate
India,Gonda,3,90,1,113,Unhealthy for Sensitive Groups
Papua New Guinea,Goroka,0,6,0,14,Good
Germany,Grobenzell,1,38,3,66,Moderate
Mexico,Guadalupe Victoria,1,32,0,50,Good
India,Guna,1,45,0,187,Unhealthy
Japan,Haebaru,0,32,1,29,Good
United States of America,Half Moon Bay,1,33,5,52,Moderate
United States of America,Haltom City,1,27,5,54,Moderate
United States of America,Hannibal,2,31,5,49,Good
France,Hendaye,2,25,3,53,Moderate
Germany,Heusenstamm,1,34,5,61,Moderate
Slovakia,Hlohovec,1,41,1,76,Moderate
Germany,Hochst,1,42,2,62,Moderate
Austria,Hohenems,1,31,2,52,Moderate
United States of America,Holt,2,21,10,72,Moderate
China,Honggang,2,49,0,54,Moderate
China,Hsichih,1,31,3,50,Good
United Kingdom of Great Britain and Northern Ireland,Huntingdon,1,37,3,17,Good
Romania,Iasi,1,42,0,44,Good
Brazil,Iguatu,0,10,2,31,Good
Japan,Owase,1,32,0,15,Good
France,Oyonnax,1,30,1,62,Moderate
Philippines,Pacol,1,18,0,34,Good
United States of America,Palatka,1,14,12,62,Moderate
India,Parvatsar,1,36,0,223,Very Unhealthy
China,Pate,1,99,3,109,Unhealthy for Sensitive Groups
India,Perumpavur,1,24,1,79,Moderate
Germany,Philippsburg,1,36,2,72,Moderate
Mexico,Paracho,1,11,4,57,Moderate
India,Pardi,1,24,0,110,Unhealthy for Sensitive Groups
Brazil,Pariquera Acu,1,4,2,36,Good
Bolivia (Plurinational State of),San Borja,1,5,0,27,Good
United States of America,San Luis Obispo,1,23,5,54,Moderate
Philippines,San Marcelino,1,28,0,47,Good
China,Sanchung,1,36,3,61,Moderate
Germany,Sangerhausen,1,33,3,59,Moderate
Italy,Santo Stino Di Livenza,1,33,3,77,Moderate
Brazil,Sao Gotardo,1,6,1,35,Good
United States of America,Framingham,1,30,7,45,Good
Brazil,Frederico Westphalen,1,3,4,43,Good
Canada,Fredericton,1,35,1,27,Good
Germany,Fulda,1,38,4,62,Moderate
Colombia,Fundacion,2,6,3,62,Moderate
Ireland,Galway,1,30,1,52,Moderate
India,Gangakher,1,35,0,133,Unhealthy for Sensitive Groups
Iran (Islamic Republic of),Garmsar,2,140,1,85,Unhealthy for Sensitive Groups
Cameroon,Garoua Boulai,1,16,0,31,Good
Libya,Gat,1,24,0,169,Unhealthy
Uzbekistan,Gazli,1,46,0,173,Unhealthy
Belgium,Gent,1,34,5,63,Moderate
India,Ghoti,1,31,1,119,Unhealthy for Sensitive Groups
Tajikistan,Khujand,1,76,0,126,Unhealthy for Sensitive Groups
Russian Federation,Kirzhach,1,22,8,60,Moderate
Indonesia,Kisaran,2,36,0,71,Moderate
Switzerland,Kloten,1,35,1,54,Moderate
Pakistan,Kohlu,1,46,0,150,Unhealthy
Russian Federation,Korkino,1,34,0,19,Good
Russian Federation,Solnechnyy,0,30,0,7,Good
United States of America,South Orange,2,22,16,66,Moderate
United States of America,Stevens Point,1,25,3,41,Good
Slovakia,Stropkov,1,42,0,74,Moderate
Ecuador,Pujili,1,1,2,49,Good
India,Puliyur,1,34,1,76,Moderate
India,Ramkola,4,134,1,172,Unhealthy
Germany,Rheinberg,0,27,2,25,Good
Italy,Riese,2,20,9,77,Moderate
India,Ringas,1,39,0,229,Very Unhealthy
Cuba,Rio Cauto,1,21,3,63,Moderate
Canada,Riviere Du Loup,1,26,1,67,Moderate
United States of America,Roseburg,1,25,3,29,Good
Netherlands,Rucphen,0,32,2,28,Good
Guatemala,San Agustin Acasaguastlan,2,14,4,61,Moderate
Italy,San Felice Sul Panaro,2,26,9,61,Moderate
Philippines,San Mariano,1,34,0,42,Good
Austria,Sankt Polten,1,32,2,56,Moderate
Brazil,Sao Luiz Gonzaga,0,21,0,14,Good
Ethiopia,Awash,1,28,0,78,Moderate
India,Badarpur,2,37,1,81,Moderate
Ethiopia,Bahir Dar,1,23,0,63,Moderate
India,Ballia,2,90,1,300,Hazardous
Ghana,Bawku,1,18,0,63,Moderate
Poland,Bedzin,1,27,3,50,Good
Brazil,Belo Oriente,2,0,5,63,Moderate
Spain,Benalmadena,1,30,5,31,Good
Ghana,Berekum,1,19,0,65,Moderate
India,Bhachau,0,31,0,170,Unhealthy
Bangladesh,Bhola,1,44,1,165,Unhealthy
Algeria,Birin,1,39,3,36,Good
Iran (Islamic Republic of),Birjand,0,43,0,138,Unhealthy for Sensitive Groups
Cameroon,Abong Mbang,2,19,0,56,Moderate
Brazil,Aguas Vermelhas,0,7,1,19,Good
India,Ahmadabad,1,40,0,158,Unhealthy
United States of America,Aiken,1,20,4,72,Moderate
Brazil,Aimores,1,2,3,49,Good
India,Alangudi,1,45,1,71,Moderate
Spain,Alcaudete,1,30,2,25,Good
India,Alirajpur,0,35,0,154,Unhealthy
Japan,Ami,1,40,2,37,Good
India,Ammapettai,1,36,0,63,Moderate
Brazil,Andradas,1,7,4,53,Moderate
India,Arambagh,2,82,2,170,Unhealthy
India,Araria,2,98,1,208,Very Unhealthy
Spain,Archena,1,31,1,29,Good
Spain,Arcos De La Frontera,1,31,4,30,Good
Colombia,Arjona,2,18,7,107,Unhealthy for Sensitive Groups
Switzerland,Solothurn,1,23,2,36,Good
United States of America,Somers,1,31,5,51,Moderate
Italy,Stezzano,1,32,4,54,Moderate
Republic of North Macedonia,Studenicani,1,41,1,62,Moderate
Russian Federation,Pargolovo,1,31,2,23,Good
Slovakia,Partizanske,1,23,4,59,Moderate
United States of America,Passaic,1,24,12,63,Moderate
Brazil,Patrocinio,1,3,3,38,Good
United States of America,Pembroke,1,35,5,45,Good
Russian Federation,Pereslavl Zalesskiy,1,28,0,18,Good
Russian Federation,Pervomaysk,1,33,0,38,Good
Russian Federation,Petukhovo,1,35,0,35,Good
Germany,Pfarrkirchen,1,29,3,54,Moderate
United States of America,Pine Hill,1,31,6,51,Moderate
United States of America,Piqua,1,42,4,74,Moderate
Brazil,Pirenopolis,1,5,5,55,Moderate
United States of America,Port Charlotte,1,18,10,46,Good
Brazil,Porto Feliz,2,9,6,85,Moderate
Iran (Islamic Republic of),Sari,1,40,2,73,Moderate
United States of America,Seabrook,0,24,3,30,Good
United States of America,Sedona,1,25,2,30,Good
Brazil,Serra Negra,3,3,8,94,Moderate
France,Sevran,1,28,2,30,Good
Spain,Silla,1,28,2,35,Good
United States of America,Smithfield,1,33,5,47,Good
France,Soissons,1,25,2,31,Good
Germany,Osnabruck,0,30,1,25,Good
Poland,Oswiecim,3,21,7,92,Moderate
Indonesia,Padalarang,2,81,1,103,Unhealthy for Sensitive Groups
United States of America,Painesville,1,38,4,35,Good
United States of America,Bayshore Gardens,1,24,13,54,Moderate
Italy,Sulmona,1,43,1,30,Good
Ukraine,Sumy,1,31,1,52,Moderate
France,Bischwiller,1,34,1,28,Good
South Africa,Bloemfontein,1,15,4,76,Moderate
Chad,Bongor,2,14,0,57,Moderate
Canada,Bradford,1,38,1,37,Good
Congo,Brazzaville,5,31,2,115,Unhealthy for Sensitive Groups
Thailand,Bua Yai,0,25,0,51,Moderate
Uzbekistan,Buka,1,46,0,152,Unhealthy
Philippines,Bulalacao,1,21,0,44,Good
United Republic of Tanzania,Bwanga,1,16,0,39,Good
Peru,Caraz,1,0,3,39,Good
Brazil,Caririacu,0,11,1,27,Good
Brazil,Carmo Do Paranaiba,1,0,3,41,Good
Venezuela (Bolivarian Republic of),Carupano,1,20,1,74,Moderate
Italy,Casandrino,1,46,2,18,Good
United States of America,Cedar City,1,30,1,29,Good
India,Chandia,1,42,0,154,Unhealthy
China,Changchun,3,65,4,100,Unhealthy for Sensitive Groups
France,Chatellerault,1,27,2,34,Good
Ukraine,Cherkasy,1,43,0,50,Good
Japan,Chichibu,1,36,2,36,Good
Poland,Choszczno,0,34,1,26,Good
Pakistan,Chunian,1,56,1,383,Hazardous
Indonesia,Cicalengka,2,63,1,101,Unhealthy for Sensitive Groups
Indonesia,Ciomas,3,121,2,137,Unhealthy for Sensitive Groups
Brazil,Conceicao Do Rio Verde,1,7,4,52,Moderate
United States of America,Conneaut,1,32,6,37,Good
United States of America,Corning,1,40,1,32,Good
United States of America,Corozal,1,24,0,97,Moderate
United States of America,Crown Point,2,9,25,68,Moderate
United States of America,Cypress,4,10,29,109,Unhealthy for Sensitive Groups
Russian Federation,Dagestanskiye Ogni,1,35,0,64,Moderate
United Kingdom of Great Britain and Northern Ireland,Abingdon,1,30,1,32,Good
Italy,Acquaviva Delle Fonti,1,59,0,50,Moderate
Russian Federation,Adygeysk,1,40,3,39,Good
Russian Federation,Aginskoye,5,40,0,111,Unhealthy for Sensitive Groups
India,Ahraura,4,61,8,177,Unhealthy
Japan,Aki,1,43,1,50,Good
Spain,Alcobendas,0,43,0,10,Good
United States of America,Aliso Viejo,2,30,7,53,Moderate
South Africa,Allanridge,2,21,5,95,Moderate
Spain,Almonte,1,41,0,21,Good
Spain,Antequera,1,42,0,14,Good
France,Anzin,1,41,1,54,Moderate
United States of America,Asheville,1,47,0,7,Good
Greece,Ayios Nikolaos,1,55,0,32,Moderate
India,Bah,5,41,10,176,Unhealthy
Senegal,Bakel,1,38,0,168,Unhealthy
India,Baloda Bazar,2,38,4,154,Unhealthy
Thailand,Bang Racham,2,17,4,80,Moderate
Cuba,Baracoa,1,40,0,81,Moderate
Venezuela (Bolivarian Republic of),Barinas,1,17,0,58,Moderate
India,Barnala,4,43,12,162,Unhealthy
Philippines,Batangas,2,25,7,72,Moderate
Russian Federation,Baymak,1,36,0,87,Moderate
United States of America,Berwyn,1,29,6,61,Moderate
Central African Republic,Bozoum,1,15,0,57,Moderate
Turkey,Bozuyuk,1,45,0,50,Good
United States of America,Braintree,1,41,1,45,Good
Germany,Brandenburg,1,43,0,27,Good
Russian Federation,Bredy,1,37,0,110,Unhealthy for Sensitive Groups
Slovakia,Brezno,1,45,0,63,Moderate
Belgium,Brussels,1,37,2,53,Moderate
India,Budaun,4,31,15,156,Unhealthy
Chile,Bulnes,4,7,8,164,Unhealthy
Turkey,Burdur,1,45,0,50,Good
Nepal,Butwal,4,20,5,146,Unhealthy for Sensitive Groups
China,Cangzhou,4,91,13,123,Unhealthy for Sensitive Groups
Venezuela (Bolivarian Republic of),Caracas,1,39,2,66,Moderate
Spain,Cardedeu,1,55,1,50,Moderate
Mexico,Celaya,1,31,1,54,Moderate
United States of America,Centreville,1,49,0,36,Good
Thailand,Chai Nat,1,16,2,62,Moderate
Russian Federation,Chapaevsk,1,42,1,22,Good
Venezuela (Bolivarian Republic of),Charallave,1,29,0,48,Good
United Kingdom of Great Britain and Northern Ireland,Chichester,1,24,4,37,Good
Venezuela (Bolivarian Republic of),Ciudad Bolivar,1,19,0,27,Good
United Kingdom,Cleethorpes,1,37,1,46,Good
United States of America,Cleveland,1,37,3,55,Moderate
India,Abohar,2,125,0,162,Unhealthy
Spain,Adeje,0,41,0,12,Good
United States of America,Affton,1,41,4,52,Moderate
Iran (Islamic Republic of),Ahvaz,2,107,1,147,Unhealthy for Sensitive Groups
Russian Federation,Ak Dovurak,1,39,0,30,Good
Costa Rica,Alajuela,2,1,13,60,Moderate
India,Aliganj,3,164,2,187,Unhealthy
India,Khargone,2,31,3,153,Unhealthy
Pakistan,Khipro,1,30,2,161,Unhealthy
India,Khirkiya,1,37,2,192,Unhealthy
Ireland,Kilkenny,1,40,0,53,Moderate
Russian Federation,Kireyevsk,1,39,0,22,Good
United States of America,Kirkland,1,24,9,56,Moderate
Austria,Klagenfurt,1,43,0,61,Moderate
Burkina Faso,Kongoussi,1,37,0,80,Moderate
Nigeria,Kontagora,2,38,0,69,Moderate
Ukraine,Kostyantynivka,1,37,4,49,Good
Malaysia,Kota Kinabalu,2,14,3,47,Good
Pakistan,Kotli Loharan,5,31,12,169,Unhealthy
Russian Federation,Krasnyy Sulin,1,46,0,25,Good
Germany,Krefeld,1,40,1,52,Moderate
Japan,Kuki,1,25,18,82,Moderate
India,Kurduvadi,2,29,4,157,Unhealthy
Uzbekistan,Kuybyshevo,1,35,8,136,Unhealthy for Sensitive Groups
Chad,Kyabe,1,11,0,60,Moderate
Myanmar,Kyaikto,1,22,0,22,Good
France,Landerneau,1,37,2,37,Good
Germany,Lauffen,1,57,0,65,Moderate
United States of America,Layton,1,35,3,48,Good
France,Le Raincy,1,45,1,69,Moderate
Netherlands,Leiden,1,38,1,32,Good
United Kingdom of Great Britain and Northern Ireland,Lichfield,1,31,1,35,Good
Czechia,Litomysl,1,41,0,71,Moderate
United States of America,Little Rock,2,42,5,68,Moderate
Germany,Loxstedt,0,39,0,27,Good
Germany,Lubben,1,45,0,31,Good
Italy,Lucera,1,59,0,53,Moderate
Italy,Mariano Comense,1,58,0,97,Moderate
United Republic of Tanzania,Masoko,0,19,0,27,Good
United Republic of Tanzania,Mbeya,0,21,0,16,Good
Germany,Meinerzhagen,1,45,0,54,Moderate
Philippines,Mendez,2,23,6,81,Moderate
Japan,Misato,1,26,18,79,Moderate
Italy,Misilmeri,1,51,0,59,Moderate
United Republic of Tanzania,Mlimba,0,19,0,21,Good
India,Modasa,2,29,5,153,Unhealthy
Italy,Montefiascone,1,78,0,30,Moderate
Italy,Montelupo Fiorentino,1,76,0,41,Moderate
Hungary,Mosonmagyarovar,1,69,0,61,Moderate
India,Mudkhed,1,45,1,174,Unhealthy
Turkey,Mus,1,41,0,61,Moderate
Brazil,Mutum,0,21,0,27,Good
Mexico,Nacozari,1,28,0,65,Moderate
Morocco,Nador,1,43,0,36,Good
India,Nagod,3,103,2,165,Unhealthy
Thailand,Nam Phong,2,21,4,86,Moderate
India,Nandigama,3,38,7,162,Unhealthy
United States of America,Naperville,1,37,3,53,Moderate
Benin,Natitingou,1,27,0,51,Moderate
Italy,Nave,1,48,0,82,Moderate
Sri Lanka,Nawalapitiya,2,13,5,106,Unhealthy for Sensitive Groups
Netherlands,Neede,1,38,0,35,Good
China,Nenjiang,3,40,1,90,Moderate
India,Nileshwar,1,21,2,61,Moderate
China,Ninghai,2,66,3,51,Moderate
Cameroon,Nkoteng,1,18,0,44,Good
United States of America,Northfield,1,35,2,60,Moderate
Poland,Nowy Tomysl,1,42,0,27,Good
Ghana,Nsawam,1,22,0,28,Good
United Republic of Tanzania,Nyakahanga,1,22,0,46,Good
Russian Federation,Nytva,1,42,0,37,Good
Mexico,Oaxaca,1,17,2,60,Moderate
Japan,Obama,2,21,11,77,Moderate
France,Oissel,1,43,1,58,Moderate
Congo,Owando,2,25,0,60,Moderate
Bangladesh,Palang,2,21,7,88,Moderate
Philippines,Palayan,2,18,5,106,Unhealthy for Sensitive Groups
India,Paliyad,1,26,6,119,Unhealthy for Sensitive Groups
Thailand,Pattani,1,29,1,96,Moderate
Brazil,Pederneiras,1,26,0,58,Moderate
Pakistan,Phalia,5,36,12,170,Unhealthy
United States of America,Macon,1,74,4,40,Moderate
Burundi,Makamba,1,27,0,39,Good
United States of America,Kings Park,1,47,4,57,Moderate
Hungary,Kisujszallas,1,48,0,56,Moderate
United Republic of Tanzania,Kitangari,0,21,0,18,Good
Japan,Koga,1,52,2,47,Moderate
Japan,Komatsushima,1,28,7,53,Moderate
Finland,Kotka,1,35,0,5,Good
Russian Federation,Krasnokamensk,2,37,0,78,Moderate
Russian Federation,Krasnokumskoye,1,43,1,31,Good
India,Kumhari,3,39,5,160,Unhealthy
Peru,La Oroya,0,11,0,6,Good
Spain,La Solana,0,43,0,10,Good
Germany,Leinfelden Echterdingen,1,56,0,64,Moderate
Russian Federation,Leninogorsk,1,43,0,14,Good
United States of America,Lenoir,1,38,2,17,Good
Belgium,Leopoldsburg,1,38,1,51,Moderate
China,Liangxiang,5,24,30,160,Unhealthy
United States of America,Libertyville,1,25,5,60,Moderate
Zambia,Luanshya,1,25,0,36,Good
United States of America,Lubbock,1,27,2,54,Moderate
United States of America,Lumberton,1,47,1,32,Good
Germany,Luneburg,1,43,0,25,Good
United States of America,Macedonia,1,39,2,53,Moderate
Kenya,Sirari,1,17,0,67,Moderate
India,Sirsilla,2,37,8,176,Unhealthy
India,Sivagiri,1,24,3,65,Moderate
Germany,Rosbach,1,45,0,54,Moderate
Germany,Rosenheim,1,64,0,67,Moderate
Russian Federation,Rossosh,1,40,0,43,Good
Italy,Rutigliano,1,54,0,59,Moderate
Austria,Saalfelden,1,48,0,60,Moderate
France,Saint Avold,1,54,0,68,Moderate
France,Sainte Genevieve Des Bois,1,43,2,73,Moderate
Mexico,San Juan Del Rio,1,29,1,48,Good
India,Sancoale,1,19,2,57,Moderate
Brazil,Santa Cruz Do Rio Pardo,1,24,0,53,Moderate
Spain,Santona,1,42,0,19,Good
Brazil,Sao Domingos Do Maranhao,0,18,0,21,Good
Brazil,Sao Joao Evangelista,0,22,0,20,Good
Brazil,Sao Marcos,1,16,0,22,Good
India,Ranibennur,1,16,3,52,Moderate
Argentina,Rio Tercero,1,25,0,24,Good
Ecuador,Riobamba,0,7,0,20,Good
Liberia,Robertsport,1,21,0,18,Good
Italy,Piazza Armerina,1,48,0,40,Good
Brazil,Pirai,1,25,1,58,Moderate
France,Plouzane,1,34,3,35,Good
Canada,Port Hope,1,24,1,44,Good
Egypt,Port Said,1,80,1,50,Moderate
Italy,Porto Torres,1,48,0,27,Good
Indonesia,Purwokerto,9,14,22,178,Unhealthy
France,Puteaux,1,45,2,69,Moderate
India,Qadian,4,41,9,162,Unhealthy
India,Ramganj Mandi,2,38,4,185,Unhealthy
Brazil,Gloria Do Goita,0,24,0,18,Good
India,Godda,3,47,5,136,Unhealthy for Sensitive Groups
Brazil,Governador Valadares,0,24,0,27,Good
Argentina,Goya,0,20,0,9,Good
United States of America,Granite City,2,41,7,84,Moderate
Austria,Graz,1,47,0,57,Moderate
United States of America,Greenbelt,1,52,1,39,Moderate
Brazil,Guarabira,0,25,0,24,Good
Uzbekistan,Guliston,2,22,8,126,Unhealthy for Sensitive Groups
India,Guntakal,1,29,3,65,Moderate
Pakistan,Hala,1,24,2,157,Unhealthy
India,Haliyal,1,17,2,45,Good
Japan,Hamamatsu,1,33,6,73,Moderate
Germany,Heinsberg,1,39,1,53,Moderate
Netherlands,Helmond,1,39,1,48,Good
Sri Lanka,Hendala,1,21,2,80,Moderate
Germany,Hennigsdorf,1,45,0,26,Good
Germany,Herford,1,42,0,43,Good
United States of America,Hopatcong,1,43,1,51,Moderate
United States of America,Horsham,1,48,1,42,Good
China,Huaibei,6,75,18,153,Unhealthy
Brazil,Ibia,1,25,0,27,Good
India,Idappadi,2,28,7,93,Moderate
Germany,Illingen,1,55,0,63,Moderate
Spain,Illora,0,41,0,12,Good
Russian Federation,Irbit,1,42,1,26,Good
Brazil,Itapipoca,0,23,0,32,Good
Russian Federation,Ivangorod,1,35,0,6,Good
Russian Federation,Izhevsk,1,41,1,38,Good
United States of America,Jacksonville Beach,2,83,3,29,Moderate
India,Jalalpur,4,75,6,167,Unhealthy
India,Jaspur,5,20,12,159,Unhealthy
Indonesia,Jatiroto,6,10,13,163,Unhealthy
China,Jiamusi,4,30,13,151,Unhealthy
Romania,Jilava,1,49,0,58,Moderate
China,Jimo,4,50,10,80,Moderate
Estonia,Johvi,1,37,0,4,Good
United States of America,Jupiter,1,38,0,19,Good
Honduras,Juticalpa,1,21,0,49,Good
China,Kaifeng,5,78,16,154,Unhealthy
Russian Federation,Kamenka,1,39,0,46,Good
Kenya,Kangundo,1,19,1,58,Moderate
Turkey,Karaman,0,46,0,45,Good
India,Karimganj,4,11,9,129,Unhealthy for Sensitive Groups
India,Kasaragod,1,20,2,63,Moderate
Sudan,Kassala,1,37,0,93,Moderate
Mali,Kati,1,23,0,79,Moderate
Japan,Kawai,1,30,3,57,Moderate
Indonesia,Kefamenanu,1,16,0,70,Moderate
India,Kenda,2,34,5,127,Unhealthy for Sensitive Groups
United States of America,Kentwood,1,29,1,51,Moderate
India,Khambhat,1,31,2,119,Unhealthy for Sensitive Groups
India,Bahsuma,7,14,21,180,Unhealthy
Thailand,Bang Phae,3,3,11,133,Unhealthy for Sensitive Groups
Indonesia,Banyuwangi,3,19,4,101,Unhealthy for Sensitive Groups
France,Bar Le Duc,1,49,0,73,Moderate
Brazil,Barreiras,0,19,0,18,Good
China,Beihai,4,41,6,101,Unhealthy for Sensitive Groups
India,Bellary,1,24,3,52,Moderate
India,Belur,1,13,3,57,Moderate
Croatia,Bjelovar,1,63,0,68,Moderate
Russian Federation,Bogoroditsk,1,39,0,21,Good
Brazil,Bom Despacho,1,27,0,37,Good
Russian Federation,Bor,1,36,3,30,Good
Republic of North Macedonia,Bosilovo,1,46,0,61,Moderate
Central African Republic,Bouca,1,17,0,63,Moderate
South Africa,Bredasdorp,1,22,1,44,Good
Netherlands,Brummen,1,38,0,35,Good
Spain,Calatayud,0,40,0,10,Good
Italy,Campiglia Marittima,1,86,0,32,Moderate
Cuba,Cardenas,0,37,0,23,Good
Brazil,Carlos Chagas,0,25,0,26,Good
France,Carrieres Sous Poissy,1,44,2,67,Moderate
Brazil,Cassia,1,24,0,37,Good
India,Chalala,1,26,1,95,Moderate
India,Chamba,2,40,1,92,Moderate
Cuba,Chambas,1,32,0,47,Good
China,Changde,6,26,19,150,Unhealthy
United Republic of Tanzania,Chanika,0,17,0,19,Good
India,Charkhi Dadri,4,128,5,171,Unhealthy
France,Chateau Gontier,1,37,0,47,Good
France,Chaville,1,43,2,72,Moderate
Russian Federation,Chelyabinsk 40,1,39,1,11,Good
India,Cherrapunji,3,12,6,87,Moderate
Peru,Chicama,0,24,0,44,Good
Colombia,Circasia,1,19,3,83,Moderate
United States of America,Citrus Park,1,81,2,13,Moderate
El Salvador,Ciudad Arce,1,24,1,69,Moderate
India,Clement Town,4,25,11,156,Unhealthy
United Kingdom of Great Britain and Northern Ireland,Aberdare,1,30,1,40,Good
Russian Federation,Achkhoy Martan,1,36,2,46,Good
Italy,Albano Laziale,1,77,0,31,Moderate
Italy,Anguillara Sabazia,1,76,0,29,Moderate
United States of America,Apple Valley,1,35,4,64,Moderate
Mexico,Ario,1,27,0,35,Good
Greece,Arta,1,42,0,129,Unhealthy for Sensitive Groups
Belgium,Asse,1,38,2,52,Moderate
Japan,Eniwa,1,28,6,45,Good
South Africa,Ermelo,1,17,5,52,Moderate
Russian Federation,Ertil,1,38,0,48,Good
Germany,Eschborn,1,62,0,57,Moderate
Cameroon,Eseka,1,19,0,42,Good
Brazil,Estreito,0,20,0,19,Good
United States of America,Euless,2,37,4,73,Moderate
United Kingdom,Exmouth,1,29,1,37,Good
Sweden,Solna,1,34,0,16,Good
Portugal,Fafe,0,37,0,15,Good
Colombia,Sonson,1,17,0,50,Good
Morocco,Fez,0,33,0,37,Good
Turkey,Sorgun,1,44,0,26,Good
United States of America,Speedway,1,39,2,56,Moderate
United States of America,State College,1,40,1,54,Moderate
Tunisia,Subaytilah,1,47,0,68,Moderate
Italy,Gaeta,1,77,0,40,Moderate
United Kingdom of Great Britain and Northern Ireland,Gainsborough,1,35,1,43,Good
Indonesia,Gamping,6,12,18,164,Unhealthy
Germany,Ganderkesee,1,38,0,28,Good
France,Gap,1,38,0,48,Good
Brazil,Garca,1,24,0,62,Moderate
Armenia,Gavar,1,36,0,84,Moderate
Germany,Gengenbach,1,57,0,69,Moderate
Germany,Gernsbach,1,60,0,66,Moderate
India,Giddalur,2,33,4,98,Moderate
Philippines,Davao,1,17,1,87,Moderate
France,Dax,1,40,0,21,Good
Netherlands,Deventer,1,37,0,31,Good
India,Dhamnod,2,18,5,159,Unhealthy
Brazil,Dois Corregos,1,24,0,59,Moderate
Romania,Draganesti Olt,1,49,0,41,Good
Russian Federation,Drezna,1,38,3,31,Good
Republic of Moldova,Drochia,1,51,0,55,Moderate
Venezuela (Bolivarian Republic of),El Tocuyo,1,21,0,39,Good
Germany,Emsdetten,1,40,0,43,Good
France,Compiegne,1,48,0,59,Moderate
United States of America,Coram,2,39,9,65,Moderate
Italy,Correggio,1,67,0,66,Moderate
Turkey,Corum,1,43,0,25,Good
United States of America,Council Bluffs,1,43,2,41,Good
Brazil,Custodia,0,21,0,13,Good
Azerbaijan,Saray,1,47,0,81,Moderate
Germany,Schwelm,1,44,1,54,Moderate
Brazil,Serrinha,0,23,0,19,Good
United States of America,Severn,1,44,3,48,Good
Italy,Imola,1,37,2,76,Moderate
Japan,Inuyama,1,47,1,38,Good
Brazil,Ipero,2,10,5,77,Moderate
Brazil,Itacoatiara,0,7,0,21,Good
Czechia,Jesenik,1,41,1,73,Moderate
Brazil,Jucas,0,11,1,29,Good
India,Junagadh,0,27,0,133,Unhealthy for Sensitive Groups
Pakistan,Kahuta,2,129,0,149,Unhealthy for Sensitive Groups
Japan,Kakuda,1,41,1,40,Good
Pakistan,Kalat,0,43,0,148,Unhealthy for Sensitive Groups
Serbia,Kaluderica,1,44,2,79,Moderate
India,Kankon,0,23,0,83,Moderate
United Republic of Tanzania,Katoro,1,15,0,33,Good
Switzerland,Hinwil,1,35,2,41,Good
Germany,Hunxe,1,32,2,33,Good
India,Khed Brahma,1,35,0,182,Unhealthy
Germany,Kirchlinteln,0,33,1,13,Good
Poland,Klobuck,1,38,1,80,Moderate
Japan,Kodama,1,24,3,27,Good
Turkey,Korfez,1,35,0,43,Good
India,Kosamba,1,25,1,156,Unhealthy
United States of America,Shenandoah,1,22,4,44,Good
China,Shenxian,5,82,17,157,Unhealthy
Japan,Shiki,2,22,21,88,Moderate
South Africa,Kriel,1,16,12,102,Unhealthy for Sensitive Groups
China,Shuiji,4,63,10,89,Moderate
Thailand,Si Satchanalai,1,17,1,62,Moderate
Guinea,Siguiri,1,21,0,56,Moderate
United Republic of Tanzania,Kyaka,1,18,0,23,Good
Spain,La Puebla De Cazalla,1,28,2,28,Good
Indonesia,Labuhan,3,176,1,137,Unhealthy
Belgium,Sint Genesius Rode,1,39,2,54,Moderate
India,Siolim,1,23,1,48,Good
India,Sirmaur,3,96,4,171,Unhealthy
India,Laharpur,4,177,1,174,Unhealthy
United States of America,Lake Shore,1,48,3,55,Moderate
Russian Federation,Skovorodino,8,25,9,214,Very Unhealthy
Serbia,Smederevska Palanka,1,59,0,58,Moderate
Greece,Lamia,1,45,0,65,Moderate
Germany,Langen,1,42,2,62,Moderate
Viet Nam,Lao Cai,1,25,0,15,Good
Philippines,Laoag,0,28,0,26,Good
Mexico,Laredo,2,20,2,119,Unhealthy for Sensitive Groups
Germany,Leonberg,1,33,6,52,Moderate
France,Les Pavillons Sous Bois,1,21,5,68,Moderate
Italy,Leverano,1,58,1,49,Moderate
India,Narwar,3,90,2,162,Unhealthy
Russian Federation,Nevyansk,1,41,1,21,Good
United States of America,New Philadelphia,1,38,2,44,Good
New Zealand,New Plymouth,0,30,0,58,Moderate
India,Neyyattinkara,2,19,4,89,Moderate
Indonesia,Nganjuk,6,6,19,172,Unhealthy
Germany,Nidda,1,53,0,58,Moderate
Japan,Nihommatsu,1,18,12,65,Moderate
United States of America,North Berwick,1,32,1,31,Good
Burkina Faso,Nouna,1,29,0,69,Moderate
Brazil,Nova Prata,0,18,0,24,Good
Russian Federation,Novokuznetsk,1,21,13,46,Good
Cuba,Nuevitas,1,28,0,62,Moderate
Japan,Obihiro,1,21,4,47,Good
Germany,Oerlinghausen,1,43,0,48,Good
United States of America,Oil City,1,36,1,54,Moderate
Netherlands,Oisterwijk,1,40,1,42,Good
Germany,Erlensee,1,59,0,58,Moderate
United States of America,Escondido,2,15,14,64,Moderate
Mexico,Ezequiel Montes,1,28,0,40,Good
United States of America,Fair Oaks,1,28,6,50,Good
United States of America,Fairview Shores,1,96,1,21,Moderate
India,Faridpur,4,26,10,157,Unhealthy
Brazil,Franco Da Rocha,2,31,3,97,Moderate
United States of America,Freeport,1,40,1,43,Good
China,Fujin,3,27,5,101,Unhealthy for Sensitive Groups
Japan,Fukagawa,1,29,4,56,Moderate
Brazil,Fundao,1,27,0,54,Moderate
China,Fushan,3,81,5,63,Moderate
Germany,Gardelegen,1,45,0,26,Good
Israel,Gedera,1,46,5,75,Moderate
Spain,Getafe,1,42,0,10,Good
Italy,Gioia Del Colle,1,52,0,62,Moderate
United States of America,Dallas,2,34,5,70,Moderate
Iran (Islamic Republic of),Damavand,1,40,6,134,Unhealthy for Sensitive Groups
Turkmenistan,Dasoguz,1,32,4,67,Moderate
Philippines,Del Pilar,2,26,7,144,Unhealthy for Sensitive Groups
Netherlands,Denekamp,1,37,0,31,Good
Bangladesh,Dhamrai,4,13,15,152,Unhealthy
Russian Federation,Dmitrov,1,35,1,18,Good
Germany,Donaueschingen,1,51,0,61,Moderate
Brazil,Dores Do Indaia,1,23,0,36,Good
United Kingdom of Great Britain and Northern Ireland,Droylsden,1,37,1,38,Good
China,Ducheng,4,27,7,88,Moderate
United States of America,East Chicago,1,33,5,58,Moderate
Greece,Edessa,1,43,1,109,Unhealthy for Sensitive Groups
Hungary,Eger,1,52,0,64,Moderate
Spain,El Viso Del Alcor,1,43,0,14,Good
United States of America,Rancho Cordova,1,26,7,51,Moderate
India,Raurkela,3,45,3,158,Unhealthy
Italy,Recanati,1,66,0,77,Moderate
China,Renqiu,4,39,21,141,Unhealthy for Sensitive Groups
Republic of Moldova,Rezina,1,50,0,55,Moderate
United States of America,Richfield,1,28,1,50,Good
Netherlands,Rijssen,1,37,0,30,Good
Philippines,Placer,1,23,0,32,Good
Spain,Pozoblanco,1,40,0,11,Good
China,Qingyuan,4,10,19,153,Unhealthy
Israel,Qiryat Ono,1,46,5,74,Moderate
Germany,Quedlinburg,1,44,0,47,Good
South Africa,Queenstown,1,11,2,45,Good
Azerbaijan,Qusar,1,33,0,76,Moderate
India,Rahimatpur,1,28,3,117,Unhealthy for Sensitive Groups
United States of America,Ontario,4,13,23,138,Unhealthy for Sensitive Groups
Spain,Orihuela,1,39,0,38,Good
Germany,Ottobrunn,1,65,0,68,Moderate
Mexico,Pabellon De Arteaga,1,29,0,45,Good
Cyprus,Pafos,1,45,0,15,Good
United States of America,Palestine,1,21,3,35,Good
United States of America,Palm City,1,36,1,17,Good
United States of America,Palmer,1,38,2,48,Good
Pakistan,Pattoki,4,85,7,174,Unhealthy
India,Pedana,2,36,7,137,Unhealthy for Sensitive Groups
Russian Federation,Petrov Val,1,46,0,15,Good
India,Banda,4,169,1,167,Unhealthy
Iran (Islamic Republic of),Baneh,1,47,0,46,Good
Colombia,Barbosa,2,0,4,59,Moderate
Brazil,Barra Mansa,3,4,8,113,Unhealthy for Sensitive Groups
Japan,Ashikaga,1,67,1,63,Moderate
Italy,Atessa,1,45,1,31,Good
United States of America,Atlantic Beach,1,30,7,63,Moderate
Romania,Avrig,1,39,0,32,Good
China,Babu,2,21,3,53,Moderate
Germany,Bad Wildungen,1,33,6,68,Moderate
Mexico,Altepexi,2,17,5,73,Moderate
Indonesia,Ambon,0,14,0,27,Good
Brazil,Americana,2,5,4,57,Moderate
Peru,Andahuaylas,1,2,2,26,Good
Turkey,Solhan,0,40,0,53,Moderate
Russian Federation,Somovo,1,38,1,50,Good
Canada,Sorel,1,23,1,39,Good
United States of America,South Saint Paul,1,29,1,52,Moderate
India,Sriperumbudur,3,40,4,116,Unhealthy for Sensitive Groups
Russian Federation,Strelna,1,26,4,18,Good
Czechia,Studenka,1,46,0,74,Moderate
Germany,Stuhr,0,40,0,27,Good
Brazil,Uniao Da Victoria,0,12,1,27,Good
Russian Federation,Uvarovo,1,35,0,47,Good
Bolivia (Plurinational State of),Uyuni,0,10,0,12,Good
India,Valavanur,1,35,1,63,Moderate
Sri Lanka,Valvedditturai,0,30,0,56,Moderate
Russian Federation,Velikiy Novgorod,1,34,0,15,Good
Greece,Veroia,1,44,1,89,Moderate
India,Vetapalem,1,40,0,52,Moderate
France,Vichy,1,31,1,53,Moderate
Italy,Trezzo,1,43,1,59,Moderate
Philippines,Tubod,1,15,0,26,Good
China,Tumen,2,49,0,69,Moderate
Hungary,Ujfeherto,1,42,1,64,Moderate
India,Tori Fatehpur,3,146,0,163,Unhealthy
Spain,Torrejon De Ardoz,1,25,3,60,Moderate
Italy,Tortoli,1,42,1,22,Good
Brazil,Eusebio,0,21,1,28,Good
Belgium,Evergem,1,31,3,40,Good
Iran (Islamic Republic of),Faridan,0,45,0,85,Moderate
Tajikistan,Farkhor,1,44,0,84,Moderate
United States of America,Fergus Falls,1,30,3,33,Good
Italy,Erice,1,58,0,48,Moderate
Colombia,Guapi,1,10,0,10,Good
Bosnia and Herzegovina,Gorazde,1,32,0,52,Moderate
India,Kotaparh,1,47,0,150,Unhealthy
Indonesia,Kraksaan,2,40,1,69,Moderate
Serbia,Kraljevo,1,43,0,66,Moderate
Indonesia,Kroya,1,40,1,64,Moderate
Malaysia,Kuantan,1,38,0,86,Moderate
Japan,Kurashiki,2,37,3,58,Moderate
Japan,Kusatsu,1,38,3,51,Moderate
Russian Federation,Kyzyl,1,39,0,29,Good
France,La Ciotat,1,31,7,25,Good
United States of America,La Grange,2,15,19,67,Moderate
Switzerland,Lausanne,1,21,3,62,Moderate
Zimbabwe,Marondera,1,22,0,32,Good
Cuba,Matanzas,1,24,1,88,Moderate
Japan,Matsusaka,1,26,3,33,Good
United Republic of Tanzania,Mbinga,0,20,0,21,Good
Germany,Merseburg,1,35,3,64,Moderate
Spain,Malaga,1,27,6,46,Good
India,Mancheral,1,48,0,150,Unhealthy
Democratic Republic of the Congo,Mangai,5,31,0,103,Unhealthy for Sensitive Groups
Zambia,Mansa,1,21,0,41,Good
France,Mantes La Ville,1,28,4,63,Moderate
Mexico,Pichucalco,11,2,13,195,Unhealthy
Ecuador,Pinas,1,6,3,47,Good
Germany,Planegg,1,39,3,66,Moderate
Germany,Porta Westfalica,2,36,6,70,Moderate
Brazil,Porteirinha,1,4,1,28,Good
Brazil,Porto Velho,1,2,0,50,Good
Indonesia,Poso,1,11,0,23,Good
Russian Federation,Yashkino,1,40,0,36,Good
China,Zhanjiang,2,53,2,64,Moderate
Burkina Faso,Ziniare,2,15,1,54,Moderate
Poland,Zlotoryja,1,39,1,72,Moderate
Belgium,Zoersel,1,28,6,46,Good
Niger,Zinder,2,33,1,117,Unhealthy for Sensitive Groups
India,Susner,1,37,0,162,Unhealthy
Namibia,Swakopmund,1,22,0,204,Very Unhealthy
Niger,Tahoua,2,30,2,71,Moderate
China,Taian,2,108,3,129,Unhealthy for Sensitive Groups
Ghana,Takoradi,0,20,0,36,Good
Mexico,Tamazunchale,3,1,13,110,Unhealthy for Sensitive Groups
Russian Federation,Tambov,1,35,0,40,Good
India,Taramangalam,1,32,1,50,Good
Russian Federation,Tatsinskaya,1,35,0,15,Good
Mexico,Teapa,7,3,11,171,Unhealthy
Mexico,Tekax,1,23,0,108,Unhealthy for Sensitive Groups
Indonesia,Temanggung,2,58,1,87,Moderate
Mozambique,Tete,1,21,0,54,Moderate
India,Thiruvananthapuram,1,28,0,65,Moderate
United Kingdom of Great Britain and Northern Ireland,Thornaby,1,33,1,13,Good
United States of America,Tinton Falls,1,29,9,47,Good
Turkey,Tire,1,51,1,91,Moderate
Mexico,Tixkokob,1,21,1,123,Unhealthy for Sensitive Groups
Mexico,Tixtla,1,16,3,61,Moderate
Mexico,Tlaquiltenango,3,12,19,172,Unhealthy
Japan,Tochio,2,46,4,66,Moderate
Indonesia,Weru,2,49,0,68,Moderate
United Kingdom of Great Britain and Northern Ireland,West Bromwich,1,32,3,22,Good
United States of America,Wethersfield,1,22,13,56,Moderate
Belgium,Wichelen,1,33,5,60,Moderate
Germany,Wiefelstede,1,32,4,57,Moderate
Netherlands,Willemstad,0,22,0,121,Unhealthy for Sensitive Groups
United Kingdom of Great Britain and Northern Ireland,Winsford,1,32,4,21,Good
Netherlands,Winterswijk,1,17,8,52,Moderate
China,Wuchang,2,47,0,72,Moderate
Greece,Xanthi,1,42,0,84,Moderate
Mexico,Xicohtzinco,4,3,15,217,Very Unhealthy
China,Yaan,3,59,3,166,Unhealthy
Ecuador,Yaguachi,1,17,4,64,Moderate
China,Yakeshi,1,37,0,41,Good
Japan,Fukuroi,1,46,0,17,Good
United States of America,Fulton,1,19,7,51,Moderate
Pakistan,Gambat,1,48,1,168,Unhealthy
India,Gandevi,0,24,0,152,Unhealthy
Georgia,Gardabani,1,33,0,36,Good
Germany,Garmisch Partenkirchen,1,29,3,87,Moderate
India,Gauripur,2,38,0,50,Good
Turkey,Gelibolu,1,42,0,23,Good
France,Gennevillers,1,19,6,62,Moderate
Iran (Islamic Republic of),Gerash,1,75,0,117,Unhealthy for Sensitive Groups
Japan,Shinjo,1,51,1,57,Moderate
India,Sholavandan,1,32,0,46,Good
Turkey,Silifke,1,35,1,52,Moderate
Netherlands,Sint Anthonis,1,22,7,45,Good
Netherlands,Slochteren,1,32,2,35,Good
Egypt,Sohag,1,48,1,158,Unhealthy
India,Sardhana,3,124,1,160,Unhealthy
France,Selestat,2,25,4,66,Moderate
Russian Federation,Serov,1,31,0,24,Good
China,Longhua,4,102,7,180,Unhealthy
United States of America,Los Alamos,1,14,7,57,Moderate
Brazil,Luis Correia,0,14,0,22,Good
United Republic of Tanzania,Lukuledi,0,23,0,40,Good
Switzerland,Lustenau,1,25,3,54,Moderate
Brazil,Luzilandia,0,9,1,26,Good
Slovakia,Michalovce,1,43,0,73,Moderate
Russian Federation,Michurinsk,1,36,0,35,Good
Netherlands,Mierlo,1,24,7,49,Good
United States of America,Moberly,2,27,8,54,Moderate
Russian Federation,Mokshan,1,35,0,54,Moderate
Norway,Molde,1,28,0,13,Good
Italy,Monteprandone,1,44,2,54,Moderate
Italy,Morbegno,1,23,2,58,Moderate
United States of America,Morganton,3,18,15,71,Moderate
Pakistan,Naukot,1,38,0,160,Unhealthy
Pakistan,Nawabshah,1,40,0,164,Unhealthy
Côte d'Ivoire,Ndiekro,1,13,0,56,Moderate
Russian Federation,Nefteyugansk,2,28,0,49,Good
Germany,Neustrelitz,1,30,3,50,Good
United States of America,New London,1,25,10,42,Good
Germany,Niederkruchten,1,28,6,56,Moderate
Brazil,Nisia Floresta,0,20,0,23,Good
Nigeria,Nkwerre,4,18,4,102,Unhealthy for Sensitive Groups
Russian Federation,Noginsk,1,20,10,63,Moderate
Czechia,Nove Mesto Na Morave,1,37,1,59,Moderate
Bulgaria,Novi Iskar,1,46,1,82,Moderate
Iran (Islamic Republic of),Nur,1,38,0,50,Good
India,Nurmahal,3,162,1,158,Unhealthy
Russian Federation,Oktyabrskoye,1,42,0,54,Moderate
Russian Federation,Mozhaysk,1,28,0,40,Good
Bangladesh,Muktagachha,1,43,1,67,Moderate
Brazil,Mundo Novo,0,12,1,23,Good
India,Muradnagar,4,137,2,164,Unhealthy
Russian Federation,Nalchik,1,43,1,42,Good
India,Naliya,0,25,0,146,Unhealthy for Sensitive Groups
China,Nanhai,3,152,2,101,Unhealthy
Italy,Vigevano,1,37,3,66,Moderate
Brazil,Vitoria,1,14,3,60,Moderate
Russian Federation,Volgodonsk,1,38,0,3,Good
Serbia,Vrbas,1,46,0,59,Moderate
Switzerland,Waldshut Tiengen,1,39,1,53,Moderate
Belgium,Wavre,1,30,6,57,Moderate
Norway,Harstad,1,28,0,8,Good
Germany,Herborn,1,25,3,49,Good
United States of America,Hermiston,1,24,6,33,Good
Germany,Heusweiler,1,29,3,52,Moderate
United States of America,High Point,1,42,2,30,Good
United States of America,Saratoga,1,35,6,37,Good
Hungary,Sarospatak,1,35,1,76,Moderate
United States of America,Saugus,2,20,14,63,Moderate
Japan,Sayama,1,33,3,19,Good
Russian Federation,Sayanogorsk,1,36,0,40,Good
Russian Federation,Semiluki,1,28,2,32,Good
Malaysia,Senai,1,39,3,120,Unhealthy for Sensitive Groups
Russian Federation,Shadrinsk,1,34,0,18,Good
Iran (Islamic Republic of),Shahr E Kord,1,47,0,146,Unhealthy for Sensitive Groups
United States of America,Shaker Heights,2,39,4,27,Good
Russian Federation,Shakhty,1,38,0,38,Good
India,Sheopur,1,41,0,254,Very Unhealthy
Albania,Shijak,1,44,1,56,Moderate
Russian Federation,Shimanovsk,1,35,0,25,Good
Kazakhstan,Shubarkuduk,1,40,0,29,Good
Poland,Skoczow,1,39,2,90,Moderate
Belarus,Slonim,1,32,0,17,Good
Brazil,Sombrio,3,13,4,109,Unhealthy for Sensitive Groups
India,Sopur,1,49,0,108,Unhealthy for Sensitive Groups
United States of America,South Salt Lake,1,18,10,45,Good
Serbia,Srbobran,1,45,0,105,Unhealthy for Sensitive Groups
Indonesia,Stabat,2,41,0,55,Moderate
Thailand,Sukhothai,1,24,0,76,Moderate
Bosnia and Herzegovina,Sanski Most,1,32,0,57,Moderate
Portugal,Santa Iria De Azoia,1,40,2,16,Good
Iran (Islamic Republic of),Saqqez,1,46,0,54,Moderate
Hungary,Godollo,1,64,0,59,Moderate
Mauritius,Goodlands,0,27,0,55,Moderate
India,Govardhan,5,40,13,178,Unhealthy
India,Gurdaha,4,19,11,156,Unhealthy
United States of America,Guymon,1,27,1,41,Good
India,Hadgaon,2,34,3,161,Unhealthy
Germany,Halver,1,45,0,55,Moderate
Canada,Hawkesbury,1,24,0,37,Good
France,Hayange,1,54,0,66,Moderate
Belgium,Herzele,1,37,2,51,Moderate
United States of America,Homewood,1,85,2,47,Moderate
Japan,Honjo,3,23,7,77,Moderate
Germany,Horb,1,52,0,63,Moderate
Peru,Huamachuco,0,11,0,10,Good
Slovakia,Humenne,1,52,0,66,Moderate
United States of America,Hurst,2,39,4,73,Moderate
United Kingdom of Great Britain and Northern Ireland,Hyde,1,37,1,39,Good
Brazil,Ibitinga,1,24,1,65,Moderate
Brazil,Igarapava,1,23,0,36,Good
South Africa,Ilinge,1,12,1,46,Good
Germany,Illertissen,1,56,0,64,Moderate
Brazil,Iraucuba,0,21,0,31,Good
Japan,Isshiki,2,33,9,85,Moderate
Colombia,Istmina,1,19,0,14,Good
Brazil,Itanhandu,1,20,0,42,Good
Brazil,Itirapina,1,24,0,61,Moderate
Brazil,Jacarezinho,1,20,0,39,Good
Poland,Janow Lubelski,1,47,0,54,Moderate
India,Jaora,1,30,3,164,Unhealthy
Brazil,Jataizinho,1,18,0,33,Good
Lebanon,Jazzin,1,47,2,57,Moderate
State of Palestine,Jerusalem,1,85,2,86,Moderate
Ethiopia,Jinka,1,13,0,38,Good
India,Kanker,2,47,1,156,Unhealthy
Hungary,Kaposvar,1,66,0,54,Moderate
Turkey,Karakose,1,40,0,59,Moderate
Zimbabwe,Karoi,0,25,0,25,Good
Hungary,Kazincbarcika,1,50,0,63,Moderate
India,Khaga,4,101,5,176,Unhealthy
Russian Federation,Khanskaya,1,46,1,28,Good
Thailand,Chom Bung,0,22,0,22,Good
Switzerland,Chur,1,26,1,34,Good
Italy,Collecchio,1,34,5,84,Moderate
Germany,Cologne,1,35,2,53,Moderate
United States of America,Connersville,2,24,12,60,Moderate
Brazil,Cordeiro,1,10,4,56,Moderate
United States of America,Covina,4,6,33,112,Unhealthy for Sensitive Groups
Serbia,Crvenka,1,42,0,103,Unhealthy for Sensitive Groups
China,Cuiluan,1,38,0,52,Moderate
Paraguay,Curuguaty,1,13,0,18,Good
Brazil,Cururupu,1,22,0,52,Moderate
China,Caohai,1,19,2,51,Moderate
Italy,Casal Di Principe,1,55,3,59,Moderate
Italy,Casalmaggiore,2,44,4,79,Moderate
Italy,Castelfranco Veneto,2,48,3,59,Moderate
Venezuela (Bolivarian Republic of),Catia La Mar,1,18,6,43,Good
Turkey,Ceyhan,1,42,0,60,Moderate
Italy,Desio,2,28,8,73,Moderate
Belgium,Dilbeek,1,27,4,48,Good
Germany,Dinkelsbuhl,1,32,5,53,Moderate
Mexico,Dolores Hidalgo,1,17,4,77,Moderate
China,Dunhua,2,35,0,53,Moderate
Russian Federation,Dzhalil,1,26,1,46,Good
United States of America,East Peoria,2,25,6,48,Good
United States of America,Eau Claire,1,34,2,36,Good
United States of America,Edinburg,3,15,6,156,Unhealthy
Germany,Eggenstein Leopoldshafen,1,35,3,47,Good
United States of America,El Centro,1,31,6,37,Good
Mexico,El Grullo,1,11,2,26,Good
Russian Federation,Elkhotovo,1,40,1,38,Good
Italy,Empoli,1,47,3,67,Moderate
Italy,Torre Santa Susanna,1,47,1,37,Good
Indonesia,Trucuk,1,35,1,66,Moderate
Japan,Tsurugashima,1,50,2,63,Moderate
Mexico,Tulancingo,2,10,6,166,Unhealthy
Hungary,Turkeve,1,41,1,53,Moderate
United Republic of Tanzania,Ulenje,0,20,0,26,Good
Myanmar,Thongwa,0,25,0,38,Good
India,Tilhar,3,112,1,156,Unhealthy
Mexico,Tlapa,1,15,3,64,Moderate
India,Toda Bhim,2,95,1,193,Unhealthy
United States of America,Glassboro,2,22,13,52,Moderate
Germany,Goppingen,1,30,2,63,Moderate
United States of America,Grand Island,1,31,2,52,Moderate
Germany,Greven,0,33,1,37,Good
Germany,Grevenbroich,1,26,4,43,Good
Italy,Grezzana,2,31,6,127,Unhealthy for Sensitive Groups
Netherlands,Groesbeek,0,32,2,38,Good
United States of America,West Carson,2,12,29,90,Moderate
United States of America,West Lafayette,2,21,12,61,Moderate
Germany,Wetter,2,26,8,62,Moderate
United States of America,White Oak,2,26,15,71,Moderate
United States of America,Whitefish Bay,1,22,10,50,Good
Netherlands,Wijchen,1,21,7,38,Good
United States of America,Wilmington Island,1,37,5,54,Moderate
United States of America,Windsor Locks,2,21,12,58,Moderate
China,Xinqing,1,32,0,48,Good
China,Xuzhou,4,184,6,166,Unhealthy
Netherlands,Zandvoort,1,37,4,55,Moderate
Czechia,Zatec,1,38,3,75,Moderate
China,Zhoucheng,2,52,0,86,Moderate
Mexico,Teoloyucan,4,7,15,160,Unhealthy
India,Thalassery,1,23,0,71,Moderate
Germany,Zulpich,1,35,3,58,Moderate
Thailand,Pran Buri,0,18,0,35,Good
United States of America,Prescott Valley,1,13,5,37,Good
Mexico,Puerto Escondido,1,20,1,50,Good
Croatia,Pula,1,43,0,17,Good
China,Puqi,3,151,2,83,Unhealthy
Chile,Quilpue,4,14,11,122,Unhealthy for Sensitive Groups
Iran (Islamic Republic of),Rafsanjan,1,53,0,163,Unhealthy
United States of America,Rancho San Diego,2,10,22,64,Moderate
Denmark,Randers,1,33,1,25,Good
India,Ranir Bazar,3,36,3,70,Moderate
Spain,Redondela,0,27,2,18,Good
Iran (Islamic Republic of),Rehnan,1,71,1,118,Unhealthy for Sensitive Groups
Brazil,Rio Do Sul,2,4,4,65,Moderate
Pakistan,Risalpur,2,107,3,110,Unhealthy for Sensitive Groups
Italy,Romano Di Lombardia,2,29,7,112,Unhealthy for Sensitive Groups
Germany,Ronnenberg,0,33,1,37,Good
Mexico,Rosarito,1,27,11,53,Moderate
Libya,Sabratah,1,35,1,94,Moderate
France,Saint Etienne,1,21,5,28,Good
France,Saint Saulve,1,23,5,51,Moderate
United Republic of Tanzania,Same,1,15,0,28,Good
United States of America,San Benito,2,18,5,124,Unhealthy for Sensitive Groups
Venezuela (Bolivarian Republic of),San Juan De Colon,1,6,5,55,Moderate
Italy,San Martino Buon Albergo,2,31,6,125,Unhealthy for Sensitive Groups
Philippines,San Nicolas,1,23,1,62,Moderate
India,Sandur,0,24,0,57,Moderate
Spain,Sant Just Desvern,1,23,9,62,Moderate
Italy,Santa Marinella,1,37,2,19,Good
Brazil,Sao Paulo De Olivenca,1,3,0,19,Good
United States of America,Sapulpa,1,31,2,71,Moderate
Bangladesh,Satkhira,6,81,6,171,Unhealthy
Brazil,Saubara,0,16,2,26,Good
Thailand,Sawankhalok,0,23,0,73,Moderate
Kazakhstan,Shakhtinsk,1,32,0,41,Good
Russian Federation,Onokhoy,1,31,0,52,Moderate
Germany,Ottweiler,1,30,3,52,Moderate
Brazil,Palmeira,0,15,0,29,Good
Romania,Pantelimon,1,37,4,50,Good
United States of America,Park Forest,2,32,9,53,Moderate
Brazil,Pato Branco,1,17,0,13,Good
Indonesia,Payakumbuh,1,25,0,61,Moderate
United States of America,Pflugerville,1,20,2,29,Good
Brazil,Pilar Do Sul,1,9,4,68,Moderate
India,Pilibanga,1,43,0,470,Hazardous
Italy,Polistena,1,43,3,59,Moderate
India,Pollachi,0,21,0,61,Moderate
Haiti,Port Au Prince,2,14,7,90,Moderate
Japan,Shiojiri,1,42,0,10,Good
India,Sikandarpur,5,182,1,186,Unhealthy
Colombia,Sincelejo,2,1,8,62,Moderate
India,Sirsi,0,24,0,54,Moderate
United States of America,Smyrna,1,28,5,70,Moderate
Madagascar,Soavinandriana,1,21,0,44,Good
United States of America,Solana Beach,2,7,24,66,Moderate
United States of America,Swampscott,1,27,6,29,Good
United States of America,Swansea,1,24,8,34,Good
United Kingdom of Great Britain and Northern Ireland,Swindon,1,21,6,50,Good
Canada,Sylvan Lake,1,39,0,10,Good
United States of America,Syosset,2,13,24,69,Moderate
Japan,Takarazuka,1,42,2,19,Good
Japan,Takeo,1,49,0,36,Good
Japan,Taketa,1,50,0,34,Good
Côte d'Ivoire,Tanda,1,17,0,54,Moderate
Indonesia,Tanggulangin,3,111,1,165,Unhealthy
Romania,Targu Neamt,1,39,0,69,Moderate
Brazil,Nova Granada,1,9,2,37,Good
Russian Federation,Novosineglazovskiy,1,36,0,40,Good
Germany,Oberhausen,1,30,2,42,Good
Venezuela (Bolivarian Republic of),Ocumare Del Tuy,2,11,10,116,Unhealthy for Sensitive Groups
Portugal,Olhao,1,39,1,24,Good
United States of America,South Milwaukee,2,13,25,59,Moderate
India,Srivilliputtur,0,24,0,50,Good
Norway,Stavanger,0,29,0,14,Good
Republic of North Macedonia,Stip,1,40,0,66,Moderate
India,Kannod,1,42,0,150,Unhealthy
Austria,Kapfenberg,1,36,0,61,Moderate
Zambia,Kapiri Mposhi,1,17,0,33,Good
Bulgaria,Karlovo,1,41,0,66,Moderate
Burundi,Karuzi,1,20,0,45,Good
Russian Federation,Katav Ivanovsk,1,34,0,25,Good
Sweden,Katrineholm,1,31,0,11,Good
Russian Federation,Kayerkan,1,29,0,33,Good
Iran (Islamic Republic of),Kermanshah,1,62,0,41,Moderate
India,Sardarshahr,1,49,0,355,Hazardous
Thailand,Selaphum,1,28,0,50,Good
Malaysia,Semenyih,2,36,1,72,Moderate
Kazakhstan,Semey,1,42,0,15,Good
United States of America,Shakopee,1,33,5,55,Moderate
Italy,San Giovanni In Persiceto,1,43,2,73,Moderate
Italy,San Lazzaro Di Savena,1,43,2,63,Moderate
Spain,Sant Cugat Del Valles,1,35,5,50,Good
Portugal,Sao Pedro Da Cova,1,29,3,21,Good
Brazil,Sao Sebastiao Do Paraiso,1,5,2,42,Good
Brazil,Sarandi,1,5,3,45,Good
Romania,Reghin,1,40,0,45,Good
Republic of North Macedonia,Resen,1,45,1,80,Moderate
Guatemala,Retalhuleu,3,10,10,100,Unhealthy for Sensitive Groups
Chile,Rio Bueno,0,27,1,40,Good
South Africa,Robertson,9,5,5,160,Unhealthy
Ukraine,Romny,1,32,0,59,Moderate
France,Provins,1,30,2,56,Moderate
Argentina,Punta Alta,0,20,0,5,Good
China,Putai,2,193,6,128,Unhealthy
Pakistan,Loralai,1,44,0,122,Unhealthy for Sensitive Groups
Democratic Republic of the Congo,Lubumbashi,1,25,1,71,Moderate
China,Mabai,2,70,0,60,Moderate
United States of America,North Mankato,1,36,3,59,Moderate
United Kingdom of Great Britain and Northern Ireland,North Shields,0,32,1,13,Good
United States of America,Northport,2,19,16,63,Moderate
Slovakia,Nove Zamky,1,42,1,81,Moderate
United States of America,Nutley,2,20,18,72,Moderate
Mexico,Navolato,1,24,3,68,Moderate
Zambia,Nchelenge,1,24,0,59,Moderate
Central African Republic,Ndele,2,8,0,69,Moderate
Greece,Nea Alikarnassos,1,41,1,78,Moderate
Russian Federation,Nikolsk,1,36,0,57,Moderate
United States of America,Morton Grove,2,10,22,63,Moderate
Germany,Muhlhausen,2,31,6,57,Moderate
India,Nagapattinam,1,37,0,64,Moderate
China,Nanma,2,110,2,115,Unhealthy for Sensitive Groups
China,Mianyang,2,71,2,62,Moderate
South Africa,Midrand,15,12,19,211,Very Unhealthy
United States of America,Mishawaka,2,29,8,68,Moderate
Poland,Mogilno,1,34,1,44,Good
Japan,Moka,1,59,1,54,Moderate
France,Montesson,2,28,5,70,Moderate
United States of America,Indiana,2,9,33,85,Moderate
Japan,Ino,0,34,0,13,Good
Brazil,Itabuna,1,9,3,50,Good
Brazil,Jaguaruana,0,14,0,25,Good
India,Jaleswar,2,40,0,80,Moderate
Syrian Arab Republic,Jaramana,1,50,0,167,Unhealthy
Brazil,Joanopolis,1,8,3,40,Good
Brazil,Joao Neiva,1,11,2,45,Good
India,Kakching,1,17,0,36,Good
Democratic Republic of the Congo,Kindu,6,43,1,160,Unhealthy
United States of America,King Of Prussia,2,27,11,54,Moderate
Japan,Kitakami,1,44,2,47,Good
Kenya,Kitui,1,20,0,45,Good
South Africa,Knysna,1,15,1,45,Good
Russian Federation,Korsakov,1,27,0,20,Good
India,Paradwip,3,74,1,132,Unhealthy for Sensitive Groups
Brazil,Parnaiba,0,14,0,21,Good
Colombia,Pasto,0,8,1,19,Good
Brazil,Pedra,0,11,1,25,Good
Thailand,Phak Hai,1,25,1,54,Moderate
Thailand,Phanat Nikhom,1,18,1,53,Moderate
United States of America,Omaha,1,40,4,43,Good
Italy,Orbetello,1,47,0,63,Moderate
Russian Federation,Ostrov,1,34,0,34,Good
United States of America,Owatonna,1,35,3,58,Moderate
Pakistan,Paharpur,3,149,0,174,Unhealthy
Netherlands,Drimmelen,1,31,5,40,Good
Germany,Dusseldorf,1,28,6,53,Moderate
United States of America,Dyer,2,23,13,65,Moderate
United States of America,East Orange,2,21,16,68,Moderate
United Kingdom of Great Britain and Northern Ireland,East Retford,1,35,3,15,Good
United States of America,El Mirage,1,8,18,66,Moderate
Turkey,Emirdag,1,36,0,75,Moderate
Italy,Francavilla Al Mare,1,46,1,51,Moderate
Germany,Frankenthal,2,25,6,71,Moderate
Italy,Fucecchio,1,41,3,63,Moderate
Italy,Gallarate,1,36,2,68,Moderate
Italy,Gardone Val Trompia,1,30,3,74,Moderate
United States of America,Garfield,2,19,18,72,Moderate
France,Garges Les Gonesse,2,28,5,71,Moderate
France,Gien,1,31,2,39,Good
Spain,Erandio,1,16,4,55,Moderate
Pakistan,Faqirwali,3,150,0,170,Unhealthy
Mexico,Felipe Carrillo Puerto,1,25,0,86,Moderate
United States of America,Fort Lauderdale,1,19,11,61,Moderate
Haiti,Gonaives,2,25,3,96,Moderate
Poland,Gubin,1,38,2,67,Moderate
Philippines,Guiljungan,1,16,0,50,Good
Netherlands,Haarlemmermeer,1,34,4,46,Good
Germany,Hammelburg,1,36,3,62,Moderate
Romania,Harsova,1,41,0,32,Good
United States of America,Harwich,1,37,3,15,Good
Belgium,Herentals,1,23,8,62,Moderate
China,Hohhot,1,44,2,64,Moderate
Germany,Holzgerlingen,1,37,2,61,Moderate
Angola,Huambo,1,21,0,28,Good
China,Hulan,2,47,2,65,Moderate
India,Idar,1,35,0,159,Unhealthy
United Republic of Tanzania,Igurusi,1,18,0,28,Good
Canada,Dawson Creek,2,32,0,62,Moderate
China,Daye,3,52,4,76,Moderate
India,Dhuwaran,1,40,0,146,Unhealthy for Sensitive Groups
Pakistan,Diplo,1,35,0,167,Unhealthy
India,Dirba,4,178,1,168,Unhealthy
Iran (Islamic Republic of),Do Gonbadan,1,48,0,80,Moderate
Brazil,Dois Vizinhos,1,4,3,45,Good
Hungary,Pilisvorosvar,1,42,2,74,Moderate
Brazil,Pirapora,1,2,3,46,Good
Sri Lanka,Point Pedro,0,30,0,56,Moderate
Brazil,Porto Uniao,0,11,1,26,Good
Slovakia,Povazska Bystrica,1,40,1,66,Moderate
China,Dangtu,9,2,39,181,Unhealthy
Costa Rica,Daniel Flores,1,23,1,50,Good
India,Daosa,3,98,3,172,Unhealthy
Pakistan,Daud Khel,3,113,2,180,Unhealthy
United Kingdom of Great Britain and Northern Ireland,Dawlish,1,31,1,37,Good
Iran (Islamic Republic of),Dehloran,1,43,0,125,Unhealthy for Sensitive Groups
United States of America,Delano,1,24,3,46,Good
Russian Federation,Derbent,1,35,0,44,Good
India,Dergaon,4,13,7,97,Moderate
India,Dhamtari,2,49,1,154,Unhealthy
Denmark,Dragor,1,41,0,19,Good
United States of America,Dumont,1,46,3,53,Moderate
Albania,Durres,1,58,0,75,Moderate
United States of America,East Providence,1,44,2,51,Moderate
Venezuela (Bolivarian Republic of),El Cafetal,1,36,1,64,Moderate
South Africa,Empangeni,1,28,0,53,Moderate
Brazil,Nao Me Toque,0,21,0,17,Good
United States of America,Naples,0,31,0,24,Good
Mexico,Naucalpan,2,40,5,194,Unhealthy
Russian Federation,Neftegorsk,1,45,0,10,Good
Romania,Negresti,1,51,0,52,Moderate
Norway,Nesoddtangen,1,43,0,14,Good
United Republic of Tanzania,Newala,0,22,0,17,Good
China,Nianzishan,4,41,1,79,Moderate
Japan,Nichinan,1,41,2,35,Good
Brazil,Niquelandia,0,19,0,5,Good
Finland,Nivala,1,33,0,2,Good
United States of America,Norton Shores,1,28,1,50,Good
Slovenia,Novo Mesto,1,48,0,75,Moderate
United States of America,Oak Forest,1,34,4,56,Moderate
Japan,Ogawa,2,11,18,82,Moderate
Japan,Okegawa,2,19,23,89,Moderate
Slovakia,Roznava,1,45,0,64,Moderate
Poland,Rumia,1,35,0,24,Good
United States of America,Sachse,2,27,6,71,Moderate
Afghanistan,Sahrak,0,32,0,68,Moderate
United States of America,Saint Michael,1,33,2,51,Moderate
Israel,Sakhnin,1,44,3,44,Good
Oman,Salalah,0,23,0,87,Moderate
Mexico,Salvatierra,1,31,1,57,Moderate
Malta,San Gwann,1,70,0,42,Moderate
Guatemala,Santa Maria De Jesus,1,27,1,67,Moderate
Peru,Santa,0,19,0,41,Good
Brazil,Sao Mateus Do Sul,1,13,0,22,Good
Indonesia,Randudongkal,11,8,26,188,Unhealthy
United States of America,Reidsville,1,47,0,20,Good
France,Romilly Sur Seine,1,47,0,76,Moderate
Mexico,Acala,3,4,7,112,Unhealthy for Sensitive Groups
Côte d'Ivoire,Agnibilekrou,1,17,0,52,Moderate
Sweden,Akersberga,1,29,0,9,Good
Japan,Akishima,1,48,1,62,Moderate
Turkey,Aksehir,1,33,0,75,Moderate
Malaysia,Alor Setar,1,35,0,55,Moderate
India,Ambahta,3,134,1,158,Unhealthy
Mexico,Ameca,1,14,2,50,Good
Japan,Arai,2,52,2,65,Moderate
Italy,Arcola,1,37,3,50,Good
Italy,Argenta,1,47,1,64,Moderate
India,Alwaye,1,25,1,83,Moderate
Brazil,Anastacio,0,9,0,13,Good
Brazil,Arcos,1,9,1,40,Good
United States of America,Arecibo,0,23,0,74,Moderate
Brazil,Altinho,0,17,1,18,Good
Madagascar,Ambatofinandrahana,1,20,0,60,Moderate
Italy,Angri,1,47,3,56,Moderate
Equatorial Guinea,Anisoc,2,31,0,53,Moderate
United Kingdom of Great Britain and Northern Ireland,Arbroath,0,27,1,11,Good
Russian Federation,Arzgir,1,34,0,32,Good
Norway,Askoy,0,29,0,12,Good
Brazil,Atalaia,0,17,1,27,Good
Nigeria,Awka,8,30,5,154,Unhealthy
Brazil,Bacabal,1,1,2,53,Moderate
Germany,Bad Driburg,1,36,1,40,Good
Pakistan,Lalian,2,128,1,173,Unhealthy
Cyprus,Larnaca,1,50,0,37,Good
Cuba,Las Tunas,1,20,2,53,Moderate
Indonesia,Lasem,2,52,1,93,Moderate
United States of America,Lawton,1,24,2,81,Moderate
Germany,Leimen,1,35,4,54,Moderate
Russian Federation,Leningradskaya,1,37,1,9,Good
Poland,Libiaz,1,40,2,88,Moderate
Netherlands,Lichtenvoorde,0,32,1,21,Good
India,Kandi,3,150,2,103,Unhealthy
Indonesia,Karangampel,1,44,0,72,Moderate
Russian Federation,Karymskoye,1,29,0,58,Moderate
Australia,Katherine,0,18,0,11,Good
Lithuania,Kelme,1,29,1,31,Good
Pakistan,Khuzdar,0,43,0,151,Unhealthy
United Kingdom of Great Britain and Northern Ireland,Kilwinning,1,27,2,26,Good
Slovakia,Kolarovo,1,40,1,68,Moderate
Malaysia,Kota Bahru,2,38,0,66,Moderate
Iran (Islamic Republic of),Kuhdasht,1,55,0,56,Moderate
Zimbabwe,Kwekwe,1,18,0,37,Good
United States of America,Laguna Niguel,2,18,14,55,Moderate
United States of America,East Longmeadow,1,22,10,57,Moderate
United Kingdom of Great Britain and Northern Ireland,Eaton Socon,1,38,2,16,Good
Nigeria,Ede,2,21,2,74,Moderate
Turkey,Edremit,1,38,0,58,Moderate
South Africa,Ekangala,6,13,15,166,Unhealthy
Greece,Eleusis,1,44,6,106,Unhealthy for Sensitive Groups
Germany,Marienberg,1,47,0,53,Moderate
United States of America,Marion,1,38,1,48,Good
India,Maurawan,4,70,7,174,Unhealthy
Russian Federation,Mesker Yurt,1,44,2,56,Moderate
Iran (Islamic Republic of),Miandoab,1,50,0,64,Moderate
United States of America,Middleton,1,34,1,56,Moderate
India,Mihona,4,101,4,171,Unhealthy
Turkey,Milas,1,82,1,43,Moderate
China,Mingshui,6,120,17,167,Unhealthy
Uganda,Mityana,2,14,1,90,Moderate
France,Montmorency,1,45,1,68,Moderate
Russian Federation,Moshkovo,1,18,5,54,Moderate
United States of America,Moultrie,1,74,1,37,Moderate
South Africa,Mpophomeni,2,25,3,74,Moderate
United Republic of Tanzania,Mtimbira,0,14,0,19,Good
Germany,Mullheim,1,56,0,65,Moderate
India,Multai,2,14,9,162,Unhealthy
Russian Federation,Murmashi,1,30,0,27,Good
India,Naduvattam,2,17,4,78,Moderate
Yemen,Zabid,2,93,1,151,Unhealthy
Croatia,Zagreb,1,67,0,75,Moderate
Republic of North Macedonia,Zajas,1,37,0,113,Unhealthy for Sensitive Groups
Poland,Zary,1,45,0,37,Good
Germany,Zittau,1,43,1,55,Moderate
Italy,Zola Predosa,1,59,0,57,Moderate
Japan,Zushi,1,39,7,67,Moderate
United States of America,Yonkers,1,39,5,54,Moderate
China,Yumen,0,39,0,218,Very Unhealthy
Ukraine,Yuzhne,1,35,0,48,Good
Philippines,Iriga,1,26,0,58,Moderate
United Republic of Tanzania,Itumba,0,17,0,13,Good
Latvia,Jurmala,2,26,1,56,Moderate
Poland,Gizycko,1,21,2,49,Good
Norway,Gjovik,0,25,0,21,Good
India,Gondal,0,29,0,154,Unhealthy
Serbia,Gornji Milanovac,1,39,0,59,Moderate
Senegal,Gossas,2,13,3,161,Unhealthy
United Kingdom of Great Britain and Northern Ireland,Greenock,1,24,3,57,Moderate
France,Grigny,2,20,6,73,Moderate
Italy,Grottammare,2,35,8,59,Moderate
Uzbekistan,Gurlan,1,44,0,60,Moderate
Cyprus,Guzelyurt,1,49,0,30,Good
United States of America,Haddonfield,1,38,5,70,Moderate
Turkey,Hadimkoy,1,44,0,52,Moderate
China,Hanzhong,2,112,0,76,Unhealthy for Sensitive Groups
United States of America,Hemet,2,13,12,55,Moderate
India,Hoshiarpur,3,139,1,144,Unhealthy for Sensitive Groups
Germany,Hoyerswerda,1,36,2,80,Moderate
Peru,Huaral,4,11,10,137,Unhealthy for Sensitive Groups
China,Hunchun,1,35,0,21,Good
Brazil,Iguape,4,6,3,76,Moderate
Denmark,Herning,0,32,0,24,Good
Mexico,Hidalgo,1,22,0,78,Moderate
Pakistan,Kharian,3,146,0,158,Unhealthy
United Republic of Tanzania,Kibaha,1,19,0,42,Good
United States of America,Kilgore,1,19,14,51,Moderate
Democratic Republic of the Congo,Kinshasa,21,105,7,216,Very Unhealthy
United Kingdom of Great Britain and Northern Ireland,Kirkby,1,34,3,21,Good
Japan,Kitamoto,1,48,2,60,Moderate
Sri Lanka,Kolonnawa,0,23,1,71,Moderate
Russian Federation,Kostomuksha,1,32,0,10,Good
Russian Federation,Shchuchye,1,35,0,18,Good
Bangladesh,Shibganj,3,33,10,145,Unhealthy for Sensitive Groups
Lithuania,Siauliai,1,33,0,23,Good
Turkey,Simav,1,49,0,50,Good
Colombia,Since,1,21,0,63,Moderate
Italy,Sinnai,1,64,1,29,Moderate
Uganda,Sironko,2,18,1,78,Moderate
India,Siswa Bazar,4,26,10,154,Unhealthy
Netherlands,Werkendam,1,38,1,35,Good
United States of America,West Babylon,2,38,9,63,Moderate
United States of America,West Puente Valley,4,13,25,154,Unhealthy
United States of America,West Sacramento,1,29,5,45,Good
Germany,Winnenden,1,56,0,65,Moderate
Poland,Wronki,1,42,0,25,Good
China,Xian,19,0,48,307,Hazardous
France,Viry Chatillon,1,44,2,73,Moderate
Sweden,Visby,1,36,0,13,Good
Germany,Voerde,1,40,1,54,Moderate
Greece,Voula,2,45,7,68,Moderate
Republic of Moldova,Vulcanesti,1,46,0,51,Moderate
New Zealand,Waitakere,0,30,0,70,Moderate
South Africa,Warmbad,3,35,2,116,Unhealthy for Sensitive Groups
United States of America,Warner Robins,1,72,3,39,Moderate
United States of America,Wausau,1,27,1,57,Moderate
Turkey,Erdemli,1,41,0,58,Moderate
Germany,Erftstadt,1,35,3,54,Moderate
China,Fangshan,4,163,6,155,Unhealthy
Italy,Fasano,1,51,1,55,Moderate
United States of America,Findlay,2,27,6,39,Good
Sweden,Finspang,1,42,0,25,Good
Pakistan,Fort Abbas,1,67,0,206,Very Unhealthy
Italy,Fossano,2,23,5,109,Unhealthy for Sensitive Groups
Germany,Friedrichshafen,2,26,6,46,Good
Russian Federation,Georgiu Dezh,1,27,1,37,Good
Ethiopia,Ginir,0,20,0,69,Moderate
Indonesia,Madiun,6,3,20,169,Unhealthy
India,Malappuram,3,16,6,132,Unhealthy for Sensitive Groups
India,Maler Kotla,4,40,11,163,Unhealthy
Philippines,Mamburao,1,18,0,34,Good
Philippines,Mankayan,1,21,3,31,Good
Cuba,Mantua,0,37,0,15,Good
Tunisia,Manzil Bu Ruqaybah,1,91,1,22,Moderate
Iran (Islamic Republic of),Marand,1,44,0,86,Moderate
Turkey,Mardin,1,46,0,58,Moderate
Indonesia,Margasari,10,8,25,187,Unhealthy
United Kingdom of Great Britain and Northern Ireland,Clydebank,1,35,1,37,Good
United States of America,Cocoa,1,63,2,30,Moderate
United States of America,Coffeyville,1,45,1,52,Moderate
Honduras,Comayagua,1,21,0,55,Moderate
United States of America,Culver City,3,12,28,131,Unhealthy for Sensitive Groups
Poland,Dabrowa Gornicza,1,44,1,59,Moderate
Viet Nam,Phu Ly,8,26,18,164,Unhealthy
Brazil,Pirapora Do Bom Jesus,2,24,5,106,Unhealthy for Sensitive Groups
Brazil,Piraquara,1,17,1,40,Good
India,Pithoragarh,2,27,3,94,Moderate
Germany,Plon,1,42,0,26,Good
United States of America,Pooler,2,76,2,38,Moderate
Mexico,Progreso,1,28,0,60,Moderate
Chile,Puerto Varas,1,23,1,17,Good
Poland,Pultusk,1,39,0,20,Good
India,Purna,1,39,2,178,Unhealthy
Canada,Quebec,1,25,0,8,Good
Poland,Radom,1,44,0,38,Good
India,Raichur,2,33,9,135,Unhealthy for Sensitive Groups
India,Raipur,1,30,2,169,Unhealthy
United States of America,Opelika,1,49,3,49,Good
Belarus,Orsha,1,36,0,20,Good
Portugal,Ovar,0,41,0,20,Good
Philippines,Padada,1,13,3,89,Moderate
India,Palitana,1,31,0,100,Unhealthy for Sensitive Groups
United States of America,Palmdale,1,38,5,64,Moderate
Brazil,Palmital,1,24,0,50,Good
Italy,Palo Del Colle,1,57,0,52,Moderate
Philippines,Panacan,1,14,0,10,Good
India,Panchla,9,5,23,192,Unhealthy
Greece,Patrai,1,44,0,121,Unhealthy for Sensitive Groups
Brazil,Pelotas,0,21,1,19,Good
India,Periyapatti,1,18,4,66,Moderate
Canada,Peterborough,1,25,0,38,Good
France,Petit Bourg,0,28,0,50,Good
United States of America,Morris,1,24,9,54,Moderate
United Republic of Tanzania,Mtinko,0,14,0,20,Good
Mexico,Muzquiz,1,32,0,65,Moderate
Japan,Naka,1,74,1,27,Moderate
United States of America,Nanuet,1,25,11,60,Moderate
United Republic of Tanzania,Nanyamba,0,18,0,42,Good
United States of America,Naugatuck,1,29,8,53,Moderate
Japan,Niiza,1,62,3,41,Moderate
United States of America,North Miami Beach,1,12,13,57,Moderate
Italy,Novi Ligure,1,33,3,56,Moderate
Mexico,Ojo Caliente,1,19,1,24,Good
Netherlands,Oldebroek,0,33,1,27,Good
India,Takhatgarh,0,34,0,187,Unhealthy
Brazil,Tanabi,1,12,2,29,Good
Philippines,Tanauan,1,23,0,63,Moderate
Spain,Tarazona,0,38,0,28,Good
Indonesia,Tasikmalaya,1,27,0,56,Moderate
United States of America,Temple,0,22,2,41,Good
China,Tengzhou,3,165,2,85,Unhealthy
Mexico,Tesistan,2,2,9,74,Moderate
Myanmar,Thayetmyo,0,25,0,37,Good
Mexico,Tihuatlan,2,24,4,95,Moderate
Canada,Timmins,1,33,0,56,Moderate
India,Tiruvallur,1,33,0,67,Moderate
Japan,Toba,1,50,1,22,Good
Venezuela (Bolivarian Republic of),Villa Bruzual,2,9,5,81,Moderate
United States of America,Virginia Beach,1,46,2,26,Good
Brazil,Vitoria Do Mearim,1,4,1,39,Good
Czechia,Vlasim,1,22,4,57,Moderate
Russian Federation,Vostochnyy,1,27,12,51,Moderate
United States of America,Wantagh,1,27,12,58,Moderate
Nigeria,Warri,16,1,8,202,Very Unhealthy
France,We,0,27,0,11,Good
Spain,Tortosa,0,42,0,23,Good
Japan,Toyoshina,1,42,0,15,Good
Italy,Travagliato,1,36,3,62,Moderate
Bosnia and Herzegovina,Travnik,1,28,1,73,Moderate
Italy,Trentola Ducenta,1,50,1,34,Good
Brazil,Trindade,0,15,0,23,Good
Czechia,Trutnov,1,23,2,45,Good
Turkey,Turgutlu,1,42,1,32,Good
Brazil,Tutoia,1,17,0,52,Moderate
Nigeria,Uga,8,19,6,154,Unhealthy
Portugal,Unhos,1,38,2,45,Good
Russian Federation,Ustyuzhna,1,25,0,17,Good
France,Vanves,1,27,3,35,Good
Russian Federation,Verkhnyaya Salda,1,37,0,26,Good
Nigeria,Onitsha,11,8,11,213,Very Unhealthy
Romania,Otopeni,1,42,4,63,Moderate
Hungary,Ozd,1,36,1,56,Moderate
Brazil,Pacaembu,1,11,0,29,Good
United Kingdom of Great Britain and Northern Ireland,Paisley,1,25,4,22,Good
Guatemala,Palin,4,5,13,92,Moderate
Greece,Pallini,2,32,13,59,Moderate
United States of America,Palm Harbor,1,37,7,45,Good
Thailand,Prachuap Khiri Khan,0,17,0,28,Good
Brazil,Presidente Medici,1,6,1,30,Good
Philippines,Puerto Princesa,1,23,0,25,Good
Colombia,Puerto Wilches,2,6,2,55,Moderate
Indonesia,Purwodadi,1,49,0,69,Moderate
Italy,Qualiano,1,51,1,35,Moderate
India,Raisen,1,36,0,153,Unhealthy
Finland,Raisio,1,29,3,9,Good
Estonia,Rakvere,1,28,1,12,Good
Poland,Rawa Mazowiecka,1,32,1,32,Good
India,Rayachoti,0,26,0,75,Moderate
Italy,Reggello,1,40,1,23,Good
Germany,Renningen,1,27,2,33,Good
United States of America,Richton Park,2,18,15,68,Moderate
United States of America,Rockville,1,30,5,54,Moderate
United Kingdom of Great Britain and Northern Ireland,Royal Tunbridge Wells,1,23,6,28,Good
Albania,Rreshen,1,45,1,71,Moderate
Japan,Ryuo,1,44,0,18,Good
Russian Federation,Rzhev,0,32,0,10,Good
France,Salon De Provence,1,29,2,51,Moderate
Italy,Saluzzo,1,20,3,60,Moderate
Guatemala,San Pedro Carcha,3,2,6,73,Moderate
Japan,Sanjo,1,41,0,32,Good
Brazil,Santana Do Ipanema,0,12,1,33,Good
Brazil,Sao Joao De Pirabas,0,16,0,24,Good
United States of America,Westbrook,1,49,2,26,Good
Uganda,Wobulenzi,3,19,1,85,Moderate
Germany,Wolfhagen,0,28,1,32,Good
United States of America,Wooster,1,41,2,55,Moderate
China,Yangcun,4,87,12,152,Unhealthy
Nigeria,Yenagoa,8,16,6,164,Unhealthy
China,Yibin,5,88,7,151,Unhealthy
Mali,Yorosso,1,12,0,27,Good
Russian Federation,Yuzhnouralsk,1,39,0,14,Good
Russian Federation,Zheleznodorozhnyy,1,29,0,27,Good
Brazil,Paracambi,7,0,20,163,Unhealthy
Benin,Parakou,2,18,0,60,Moderate
Brazil,Paratinga,0,12,1,19,Good
Brazil,Passo Fundo,0,19,0,13,Good
Indonesia,Pati,2,67,1,79,Moderate
France,Pau,1,33,1,24,Good
United States of America,Pecan Grove,0,17,7,36,Good
Italy,Piazzola Sul Brenta,1,28,6,62,Moderate
Italy,Pietrasanta,1,41,2,16,Good
Philippines,Pililla,1,26,1,50,Good
United States of America,Plantation,1,10,15,58,Moderate
Spain,Plasencia,0,38,1,39,Good
Germany,Plochingen,1,24,3,47,Good
Italy,Scordia,1,37,1,57,Moderate
United States of America,Seminole,1,40,6,42,Good
Russian Federation,Sergiyev Posad,1,32,2,21,Good
Pakistan,Shujaabad,1,94,1,196,Unhealthy
Germany,Sinzig,0,25,3,34,Good
Armenia,Artashat,1,38,0,56,Moderate
Iran (Islamic Republic of),Ashtian,3,190,2,157,Unhealthy
Kyrgyzstan,At Bashi,0,38,0,66,Moderate
United States of America,Avon,1,30,8,44,Good
Romania,Baicoi,1,41,0,41,Good
Ukraine,Balta,1,43,0,65,Moderate
India,Baragaon,1,51,1,264,Hazardous
India,Barpali,1,67,0,164,Unhealthy
United States of America,Barstow,1,45,3,62,Moderate
United States of America,Bay City,1,21,5,41,Good
France,Bernissart,1,24,3,37,Good
Madagascar,Betioky,0,22,0,10,Good
Germany,Birkenfeld,0,31,1,27,Good
Democratic Republic of the Congo,Bondo,2,10,0,74,Moderate
Central African Republic,Bouar,2,17,0,35,Good
Belgium,Brugge,1,25,3,37,Good
Uganda,Bugiri,5,23,1,157,Unhealthy
Netherlands,Bunnik,1,26,5,40,Good
Brazil,Buri,0,24,0,21,Good
Turkmenistan,Buzmeyin,1,40,0,110,Unhealthy for Sensitive Groups
Ecuador,Calceta,1,17,2,41,Good
Italy,Campobasso,1,40,2,29,Good
Brazil,Campos Novos,0,13,1,18,Good
Brazil,Capinopolis,1,7,0,27,Good
Turkey,Carsamba,1,35,0,29,Good
Brazil,Castelo,1,11,1,33,Good
Spain,Castrillon,0,30,2,27,Good
Lao People's Democratic Republic,Champasak,0,22,0,47,Good
Thailand,Chon Buri,0,21,0,51,Moderate
United States of America,South Sioux City,1,14,12,55,Moderate
Canada,Spruce Grove,1,10,13,41,Good
India,Srivardhan,0,21,0,101,Unhealthy for Sensitive Groups
Germany,Stuttgart,1,23,3,38,Good
Japan,Suita,1,46,0,22,Good
United States of America,Sumter,2,14,11,55,Moderate
India,Achalpur,1,38,0,150,Unhealthy
Mexico,Agua Prieta,2,15,7,70,Moderate
Pakistan,Ahmadpur Sial,1,58,1,263,Very Unhealthy
Japan,Ako,1,36,3,27,Good
Spain,Albal,0,34,0,19,Good
India,Ambajogai,1,35,0,147,Unhealthy for Sensitive Groups
Madagascar,Arivonimamo,0,21,0,17,Good
United States of America,Vadnais Heights,1,32,5,52,Moderate
Finland,Vammala,1,34,0,17,Good
Finland,Varkaus,1,32,0,14,Good
Sweden,Vasterhaninge,1,29,0,9,Good
Madagascar,Vavatenina,1,16,0,35,Good
Germany,Velen,1,16,10,56,Moderate
Spain,Velez Malaga,2,16,8,51,Moderate
Russian Federation,Velikie Luki,1,33,0,44,Good
Russian Federation,Velsk,1,25,0,25,Good
Germany,Verl,2,35,6,70,Moderate
Poland,Debno,0,32,1,38,Good
Germany,Ditzingen,1,26,3,62,Moderate
Canada,Duncan,1,29,3,18,Good
United States of America,East Bridgewater,1,23,9,38,Good
Brazil,Itabaiana,1,14,4,51,Moderate
Brazil,Ituverava,1,10,1,36,Good
South Africa,Jan Kempdorp,3,13,8,97,Moderate
Serbia,Gnjilane,2,27,4,63,Moderate
India,Gola Bazar,4,169,2,242,Very Unhealthy
Mexico,Gomez Palacio,1,26,0,89,Moderate
Portugal,Grijo,1,23,4,34,Good
United States of America,Gulf Gate Estates,1,30,8,42,Good
India,Masila,3,94,4,198,Unhealthy
Senegal,Matam,1,15,2,113,Unhealthy for Sensitive Groups
United Republic of Tanzania,Matamba,1,13,0,24,Good
Brazil,Matozinhos,6,0,6,155,Unhealthy
United Republic of Tanzania,Matui,0,17,0,21,Good
India,Mauganj,1,43,0,216,Very Unhealthy
Russian Federation,Mayma,1,34,0,21,Good
Russian Federation,Mayskiy,1,39,1,38,Good
United States of America,Melbourne,1,22,6,39,Good
Malaysia,Mersing,1,36,0,63,Moderate
Poland,Miastko,1,32,0,29,Good
United States of America,Missoula,1,13,6,34,Good
Pakistan,Mithi,1,37,0,196,Unhealthy
Myanmar,Mogok,0,22,0,16,Good
France,Mont De Marsan,1,36,1,43,Good
Switzerland,Montreux,1,27,2,54,Moderate
United Kingdom,Montrose,0,32,1,20,Good
Spain,Monzon,1,24,2,26,Good
United States of America,Lake Ronkonkoma,1,26,13,52,Moderate
France,Le Pradet,1,30,6,60,Moderate
India,Leh,0,30,0,17,Good
United States of America,Leisure City,1,16,9,58,Moderate
Poland,Leszno,1,26,2,31,Good
United States of America,Louisville,1,37,4,84,Moderate
Czechia,Louny,1,23,6,51,Moderate
India,Mahalingpur,0,25,0,88,Moderate
Nepal,Mahendranagar,2,109,0,108,Unhealthy for Sensitive Groups
India,Majalgaon,1,35,0,125,Unhealthy for Sensitive Groups
India,Malaut,1,43,2,487,Hazardous
United States of America,Malibu,2,42,6,28,Good
India,Mamallapuram,1,34,1,84,Moderate
Turkey,Manavgat,2,29,3,51,Moderate
Brazil,Maraial,0,16,2,36,Good
India,Kannad,1,34,0,132,Unhealthy for Sensitive Groups
India,Katangi,1,38,0,153,Unhealthy
United States of America,Kennett,2,18,8,79,Moderate
France,Illkirch Graffenstaden,1,26,2,33,Good
Turkey,Imamoglu,1,31,3,69,Moderate
United States of America,Irondequoit,1,34,5,45,Good
Japan,Isawa,1,44,0,22,Good
United States of America,Issaquah,2,16,14,64,Moderate
Brazil,Itaberaba,0,11,0,16,Good
Japan,Iwatsuki,1,52,3,28,Moderate
India,Jammalamadugu,0,26,0,54,Moderate
Poland,Jaroslaw,1,21,3,51,Moderate
Cuba,Jatibonico,1,21,2,51,Moderate
United States of America,Jenks,1,31,2,52,Moderate
India,Jhusi,1,42,1,210,Very Unhealthy
Romania,Jimbolia,1,40,0,67,Moderate
Jordan,Judayta,1,47,3,91,Moderate
Argentina,Jujuy,0,9,5,29,Good
Philippines,Kabacan,1,28,0,63,Moderate
Afghanistan,Kabul,0,41,0,64,Moderate
Japan,Hadano,1,67,1,43,Moderate
United States of America,Hanford,2,12,15,58,Moderate
Germany,Harsum,0,28,2,40,Good
Belgium,Herstal,1,21,5,40,Good
Côte d'Ivoire,Hire,2,12,0,71,Moderate
India,Igatpuri,1,23,1,133,Unhealthy for Sensitive Groups
India,Kopaganj,3,138,2,224,Very Unhealthy
Russian Federation,Kovdor,1,27,0,15,Good
Serbia,Kovin,1,41,3,87,Moderate
Russian Federation,Kronshtadt,1,26,5,40,Good
Russian Federation,Kurgan,1,33,0,35,Good
United States of America,La Canada Flintridge,4,5,36,122,Unhealthy for Sensitive Groups
United States of America,La Riviera,2,30,12,68,Moderate
France,La Roche Sur Yon,1,27,2,42,Good
Pakistan,Topi,3,163,1,169,Unhealthy
Azerbaijan,Tovuz,1,36,0,41,Good
Japan,Toyooka,1,40,0,27,Good
Australia,Traralgon,0,15,7,16,Good
Brazil,Tres Coroas,1,17,2,28,Good
Togo,Tsevie,2,15,2,90,Moderate
Japan,Tsubame,3,42,5,67,Moderate
United States of America,Tuskegee,2,26,6,59,Moderate
Philippines,Tuyom,1,17,0,40,Good
Netherlands,Tynaarlo,1,32,3,34,Good
Costa Rica,Esparta,1,17,6,60,Moderate
Ukraine,Feodosiya,1,42,0,20,Good
Italy,Fermo,2,36,8,53,Moderate
Italy,Ficarazzi,1,40,2,30,Good
Comoros,Fomboni,0,26,0,23,Good
Russian Federation,Gzhatsk,1,30,0,10,Good
Bangladesh,Habiganj,3,35,2,61,Moderate
India,Akhnur,2,115,0,97,Unhealthy for Sensitive Groups
Cuba,Alquizar,1,26,3,60,Moderate
United States of America,Amarillo,1,23,3,64,Moderate
Germany,Amberg,1,35,2,42,Good
United States of America,Anaheim,3,11,31,92,Moderate
France,Annecy Le Vieux,1,29,1,65,Moderate
Chile,Antofagasta,1,14,2,56,Moderate
Belgium,Antwerp,1,30,3,39,Good
Indonesia,Astanajapura,1,36,0,61,Moderate
Italy,Avigliana,1,36,1,66,Moderate
Turkey,Babaeski,1,42,0,14,Good
Russian Federation,Bachatskiy,1,37,1,34,Good
India,Baduria,6,91,7,178,Unhealthy
France,Baie Mahault,0,25,0,150,Unhealthy
China,Baiyin,1,91,0,72,Moderate
Russian Federation,Balashov,1,37,0,26,Good
Russian Federation,Balezino,1,29,0,25,Good
Brazil,Balsas,1,10,0,50,Good
Venezuela (Bolivarian Republic of),Barcelona,4,8,8,163,Unhealthy
India,Barwaha,1,35,0,153,Unhealthy
Uruguay,Canelones,1,18,2,36,Good
Italy,Cassano Delle Murge,1,45,2,30,Good
Italy,Castel San Giorgio,2,42,6,48,Good
Myanmar,Chauk,0,23,0,18,Good
Sri Lanka,Chavakachcheri,0,26,0,55,Moderate
Zimbabwe,Chegutu,1,17,0,42,Good
Italy,Chieti,2,36,10,55,Moderate
Zambia,Chililabombwe,1,20,0,57,Moderate
Guatemala,Chimaltenango,3,9,11,109,Unhealthy for Sensitive Groups
Indonesia,Cikarang,3,132,1,127,Unhealthy for Sensitive Groups
Canada,Collingwood,1,30,5,41,Good
United States of America,Columbine,1,9,13,73,Moderate
France,Comines,1,30,3,46,Good
Brazil,Conceicao Da Feira,1,13,2,35,Good
Italy,Cormano,1,35,5,100,Unhealthy for Sensitive Groups
Italy,Cortona,1,36,2,22,Good
Brazil,Cruzilia,1,9,3,43,Good
Ghana,Akwatia,4,8,3,150,Unhealthy
United States of America,Alameda,1,22,18,67,Moderate
Pakistan,Alipur Chatha,3,163,2,160,Unhealthy
Italy,Alzano Lombardo,1,24,5,66,Moderate
Ecuador,Ambato,1,2,2,38,Good
Afghanistan,Anar Darreh,1,42,0,126,Unhealthy for Sensitive Groups
Brazil,Angra Dos Reis,4,6,11,105,Unhealthy for Sensitive Groups
Belgium,Ans,1,22,4,37,Good
Brazil,Armacao Dos Buzios,2,7,8,57,Moderate
Belgium,Aywaille,1,24,3,31,Good
Philippines,Baculongan,0,21,1,26,Good
Germany,Bad Oldesloe,0,29,1,37,Good
Switzerland,Bad Sackingen,1,21,3,40,Good
Thailand,Ban Tak,0,20,0,42,Good
China,Baoding,4,164,4,149,Unhealthy
Italy,Baronissi,1,56,1,38,Moderate
Indonesia,Batu,1,35,1,78,Moderate
United States of America,Beacon,1,33,6,53,Moderate
Belgium,Vilvoorde,1,27,4,44,Good
Netherlands,Voerendaal,1,25,4,43,Good
Croatia,Vukovar,1,39,1,69,Moderate
Pakistan,Warburton,3,152,1,159,Unhealthy
Germany,Weingarten,1,33,3,84,Moderate
Germany,Wertheim,1,33,2,52,Moderate
United States of America,West Freehold,1,22,13,46,Good
United States of America,Whitman,1,23,9,38,Good
China,Wuda,1,87,0,87,Moderate
China,Xifeng,3,91,1,72,Moderate
China,Yantai,3,75,4,97,Moderate
Russian Federation,Yaroslavskiy,1,38,0,55,Moderate
United States of America,Yorba Linda,3,10,30,99,Moderate
Azerbaijan,Zabrat,1,36,0,95,Moderate
Poland,Zyrardow,1,35,2,57,Moderate
Switzerland,Thalwil,1,27,3,113,Unhealthy for Sensitive Groups
Myanmar,Tharrawaddy,0,21,0,54,Moderate
France,Thionville,1,28,3,50,Good
Mexico,Tianguistenco,4,7,15,160,Unhealthy
Greece,Tirnavos,1,41,1,42,Good
Japan,Tobe,1,53,1,29,Moderate
Japan,Tomiya,1,33,1,18,Good
Iran (Islamic Republic of),Tonekabon,1,36,0,12,Good
Spain,Torre Del Campo,1,17,3,29,Good
Russian Federation,Totma,1,27,1,54,Moderate
Italy,Treviglio,2,30,7,110,Unhealthy for Sensitive Groups
China,Tucheng,3,167,1,123,Unhealthy
Latvia,Tukums,1,32,0,27,Good
Kyrgyzstan,Tyup,0,34,0,61,Moderate
Netherlands,Uitgeest,0,37,1,44,Good
India,Unnao,2,121,1,188,Unhealthy
Russian Federation,Ust Ilimsk,1,37,0,63,Moderate
Pakistan,Utmanzai,1,55,0,77,Moderate
India,Vadakku Valliyur,0,25,0,57,Moderate
Mexico,Valle De Santiago,1,6,7,57,Moderate
Denmark,Varde,0,34,0,41,Good
Ukraine,Vasylivka,1,38,0,13,Good
Malaysia,Bedong,1,49,0,70,Moderate
Russian Federation,Beloyarskiy,1,34,0,45,Good
India,Belsand,3,103,1,132,Unhealthy for Sensitive Groups
Turkey,Bergama,1,42,0,26,Good
United Republic of Tanzania,Biharamulo,1,17,0,27,Good
India,Bijnor,3,168,1,151,Unhealthy
United Kingdom,Bognor Regis,1,24,8,51,Moderate
Italy,Bologna,1,32,4,45,Good
Turkey,Bozova,1,38,1,68,Moderate
United States of America,Brewster,1,29,2,14,Good
United States of America,Broadview Heights,1,45,3,33,Good
Germany,Buchen,1,33,3,53,Moderate
Ukraine,Burshtyn,1,38,1,88,Moderate
Chile,Calera,6,0,20,158,Unhealthy
Italy,Caltanissetta,1,35,3,56,Moderate
Philippines,Calumpit,1,23,1,63,Moderate
Romania,Giurgiu,1,48,0,52,Moderate
Pakistan,Gojra,5,71,8,175,Unhealthy
India,Gokak,2,27,4,98,Moderate
Canada,Grosse Ile,1,34,3,66,Moderate
Brazil,Guaruja,1,27,2,56,Moderate
United States of America,Guthrie,1,47,1,54,Moderate
United States of America,Hamden,1,39,7,57,Moderate
Belgium,Hamme,1,38,2,50,Good
India,Hirakud,2,67,2,156,Unhealthy
Netherlands,Hoorn,0,38,0,34,Good
United States of America,Horn Lake,1,60,1,71,Moderate
Nigeria,Igede,2,35,0,74,Moderate
Nigeria,Ikorodu,2,36,1,86,Moderate
Brazil,Indaiatuba,1,32,1,75,Moderate
Poland,Inowroclaw,1,42,0,26,Good
Brazil,Ipanema,0,21,0,29,Good
Brazil,Iracemapolis,2,21,3,88,Moderate
Russian Federation,Ivdel,1,38,0,52,Moderate
Japan,Iwai,1,27,17,78,Moderate
India,Jaggayyapeta,3,41,6,161,Unhealthy
Brazil,Jandaia Do Sul,1,19,0,35,Good
China,Jiuquan,1,36,2,240,Very Unhealthy
Afghanistan,Jurm,0,26,0,128,Unhealthy for Sensitive Groups
India,Kallidaikurichchi,1,23,2,67,Moderate
Japan,Kamiiso,1,39,1,52,Moderate
United Republic of Tanzania,Kasamwa,1,19,0,50,Good
Russian Federation,Kashin,1,33,0,12,Good
Poland,Kedzierzyn Kozle,1,44,0,59,Moderate
Nigeria,Duku,2,19,0,63,Moderate
Philippines,Dulag,1,17,0,54,Moderate
Canada,Elliot Lake,1,30,0,39,Good
Myanmar,Dawei,0,22,0,29,Good
Romania,Dej,1,33,2,58,Moderate
Spain,Denia,1,33,2,36,Good
Ethiopia,Dilla,1,17,0,58,Moderate
Thailand,Photharam,0,22,0,32,Good
Italy,Pioltello,2,43,4,71,Moderate
Bulgaria,Popovo,1,41,0,33,Good
Cambodia,Pousat,0,18,0,26,Good
Croatia,Pozega,1,37,1,60,Moderate
Indonesia,Probolinggo,1,42,1,75,Moderate
Colombia,Puerto Colombia,1,20,2,108,Unhealthy for Sensitive Groups
India,Pullampadi,0,28,0,56,Moderate
Peru,Puno,0,12,1,23,Good
Tunisia,Qabis,1,43,1,106,Unhealthy for Sensitive Groups
India,Rajpipla,0,30,0,162,Unhealthy
France,Rambouillet,2,20,6,75,Moderate
United Kingdom of Great Britain and Northern Ireland,Omagh,1,29,1,12,Good
Burkina Faso,Orodara,1,16,0,50,Good
Kazakhstan,Oskemen,1,35,0,46,Good
Poland,Ostrowiec Swietokrzyski,1,34,2,78,Moderate
Brazil,Otacilio Costa,2,15,1,74,Moderate
Nigeria,Ozubulu,10,19,9,170,Unhealthy
Afghanistan,Pagman,0,39,0,87,Moderate
Philippines,Pamplona,1,14,0,81,Moderate
United States of America,Peoria,1,21,14,49,Good
Malaysia,Permatang Kuching,2,61,0,76,Moderate
Russian Federation,Persianovskiy,1,38,1,33,Good
Brazil,Pesqueira,0,16,0,17,Good
Viet Nam,Phan Rang,1,30,0,62,Moderate
United States of America,Rancho Palos Verdes,2,8,33,81,Moderate
Germany,Ratisbon,1,46,2,52,Moderate
Belgium,Ravels,1,30,3,30,Good
United States of America,Raytown,1,34,4,54,Moderate
Bulgaria,Razlog,1,38,0,48,Good
Brazil,Realeza,1,14,0,37,Good
Germany,Recklinghausen,1,34,2,34,Good
India,Renukut,3,108,1,173,Unhealthy
Italy,Rezzato,2,27,7,64,Moderate
Belgium,Rijkevorsel,1,32,2,29,Good
United States of America,River Falls,1,41,2,48,Good
Brazil,Rolante,1,14,2,55,Moderate
Russian Federation,Roshal,1,32,3,37,Good
Croatia,Rovinj,1,38,2,54,Moderate
China,Rucheng,4,171,4,141,Unhealthy
Guatemala,Sacapulas,2,3,7,73,Moderate
Japan,Sagae,1,37,1,21,Good
Canada,Saint Georges,1,9,2,31,Good
France,Saint Maurice,2,20,6,71,Moderate
France,Saint Nazaire,1,30,3,15,Good
France,Saint Pierre Des Corps,1,24,3,47,Good
India,Sakti,2,121,2,178,Unhealthy
Philippines,Sampaloc,1,23,1,54,Moderate
Tunisia,Qurbah,1,31,3,29,Good
Chile,Temuco,0,22,2,30,Good
Mexico,Tenosique,1,13,1,61,Moderate
Russian Federation,Tikhvin,1,32,0,13,Good
Russian Federation,Lakinsk,1,28,4,29,Good
Kenya,Lamu,0,21,0,16,Good
France,Laval,1,30,2,41,Good
United States of America,Los Alamitos,3,11,34,94,Moderate
Spain,Los Corrales De Buelna,1,43,0,23,Good
Italy,Lugo,1,33,5,53,Moderate
United Kingdom of Great Britain and Northern Ireland,Lurgan,0,30,1,20,Good
Netherlands,Maasbracht,1,28,3,38,Good
United States of America,Madison,1,41,10,45,Good
United States of America,Madisonville,1,28,11,73,Moderate
India,Mahad,0,23,0,95,Moderate
Pakistan,Malakwal,2,128,1,149,Unhealthy for Sensitive Groups
India,Manchar,1,25,0,112,Unhealthy for Sensitive Groups
United States of America,Manitowoc,1,27,7,44,Good
Sudan,Marabba,1,16,0,37,Good
Brazil,Maracaju,1,14,0,13,Good
Brazil,Maracana,0,16,0,50,Good
Niger,Mayahi,2,26,1,56,Moderate
India,Mehnagar,3,171,1,180,Unhealthy
Germany,Meppen,0,34,1,35,Good
Belgium,Middelkerke,1,33,2,38,Good
Germany,Monheim,1,25,4,45,Good
Switzerland,Monthey,1,29,1,63,Moderate
United States of America,Mount Dora,1,12,13,69,Moderate
India,Munak,2,141,1,166,Unhealthy
India,Naenwa,1,43,0,176,Unhealthy
Hungary,Nagykallo,1,37,1,66,Moderate
United States of America,New Brunswick,2,15,19,61,Moderate
India,Nihtaur,3,166,1,140,Unhealthy
China,Ningbo,5,205,4,151,Very Unhealthy
Brazil,Niteroi,5,1,23,160,Unhealthy
India,Kanniyakumari,0,25,0,53,Moderate
Poland,Ketrzyn,0,33,0,36,Good
India,Khem Karan,2,132,1,156,Unhealthy
Serbia,Kikinda,1,40,2,87,Moderate
India,Kiratpur,3,169,1,141,Unhealthy
United Republic of Tanzania,Kitama,0,21,0,28,Good
Russian Federation,Kolchugino,1,22,9,49,Good
Burkina Faso,Kombissiri,2,12,1,38,Good
Norway,Kongsberg,0,35,0,17,Good
Greece,Korinthos,1,41,0,31,Good
Uzbekistan,Kosonsoy,1,54,0,95,Moderate
South Africa,Ladybrand,3,13,2,80,Moderate
Thailand,Laem Sing,1,22,0,43,Good
Sweden,Norrtalje,1,29,0,30,Good
United Kingdom of Great Britain and Northern Ireland,Northwich,1,29,4,42,Good
Ukraine,Nova Kakhovka,1,45,0,6,Good
Russian Federation,Novaya Usman,1,34,1,25,Good
Russian Federation,Novotroitsk,1,39,0,27,Good
Philippines,Obando,1,23,1,64,Moderate
United States of America,Oildale,2,12,15,52,Moderate
China,Jinchang,0,62,0,121,Unhealthy for Sensitive Groups
United States of America,Justice,2,30,13,58,Moderate
Sierra Leone,Kabala,1,16,0,37,Good
Japan,Kainan,1,45,1,22,Good
Japan,Kamiichi,1,42,1,19,Good
Japan,Kaminoyama,1,36,1,12,Good
United Republic of Tanzania,Morogoro,1,14,0,56,Moderate
United Republic of Tanzania,Musoma,1,19,0,46,Good
Democratic Republic of the Congo,Mwene Ditu,2,31,1,85,Moderate
India,Nahan,1,106,1,379,Hazardous
Japan,Nakamura,1,48,0,28,Good
Zambia,Nakonde,0,16,0,19,Good
Belgium,Namur,1,30,3,35,Good
Colombia,Natagaima,1,10,1,45,Good
United States of America,New Brighton,1,32,9,46,Good
United States of America,Newberry,2,26,4,65,Moderate
Belgium,Nijlen,1,29,3,38,Good
India,Nilokheri,1,46,1,500,Hazardous
Germany,Donzdorf,0,29,2,29,Good
United Kingdom of Great Britain and Northern Ireland,Dorchester,0,31,1,35,Good
United States of America,Easthampton,1,44,1,29,Good
Austria,Eisenstadt,1,30,1,44,Good
United States of America,Elk River,1,30,11,43,Good
Central African Republic,Mobaye,2,9,0,79,Moderate
Ghana,Sunyani,1,18,0,54,Moderate
Hungary,Szigetszentmiklos,1,42,1,63,Moderate
Brazil,Tambau,1,3,2,52,Moderate
Pakistan,Tando Ghulam Ali,1,43,0,156,Unhealthy
Brazil,Tapes,0,20,0,9,Good
Germany,Viersen,1,27,6,53,Moderate
Netherlands,Vlaardingen,1,36,5,54,Moderate
Panama,Volcan,2,11,5,55,Moderate
Germany,Waltrop,1,25,9,60,Moderate
Democratic Republic of the Congo,Wamba,1,12,0,33,Good
Somalia,Wanlaweyn,0,25,0,29,Good
Algeria,Warqla,1,51,0,126,Unhealthy for Sensitive Groups
China,Huanren,3,55,0,53,Moderate
Mexico,Huauchinango,4,4,10,183,Unhealthy
United States of America,Huntsville,1,21,5,75,Moderate
Brazil,Ibimirim,0,12,1,21,Good
Nigeria,Ilawe,4,25,3,124,Unhealthy for Sensitive Groups
Russian Federation,Ostrogozhsk,1,33,0,18,Good
Spain,Osuna,1,22,3,30,Good
Brazil,Ouro Branco,2,3,6,63,Moderate
Chile,Ovalle,1,8,6,49,Good
Gabon,Oyem,2,23,0,40,Good
India,Palasa,2,37,2,139,Unhealthy for Sensitive Groups
Mexico,Palenque,2,11,3,77,Moderate
United States of America,Paradise,2,23,8,52,Moderate
Brazil,Paraiba Do Sul,2,9,7,74,Moderate
Brazil,Passos,2,4,3,68,Moderate
Ukraine,Pavlohrad,1,39,0,10,Good
Malaysia,Perai,2,62,0,79,Moderate
France,Pessac,1,38,1,54,Moderate
Italy,Pianoro,1,33,3,20,Good
United States of America,Pine Bluff,1,25,4,68,Moderate
Poland,Piotrkow Trybunalski,1,27,4,78,Moderate
Greece,Pirgos,1,40,0,47,Good
Jamaica,Portmore,1,20,3,64,Moderate
South Africa,Potgietersrus,2,15,3,59,Moderate
Slovakia,Presov,1,35,2,76,Moderate
Uzbekistan,Pskent,1,61,1,101,Unhealthy for Sensitive Groups
China,Puli,2,148,5,100,Unhealthy for Sensitive Groups
India,Pushkar,1,36,0,177,Unhealthy
China,Qinggang,2,90,0,105,Unhealthy for Sensitive Groups
China,Qixingtai,2,131,2,68,Unhealthy for Sensitive Groups
Germany,Reichenbach,1,28,3,51,Moderate
United States of America,Reno,1,25,5,28,Good
Austria,Ried,1,39,1,61,Moderate
Italy,Rivarolo Canavese,1,40,2,86,Moderate
Czechia,Rychnov Nad Kneznou,1,23,3,64,Moderate
France,Saint Remy De Provence,1,31,3,65,Moderate
France,Sainte Suzanne,1,26,0,41,Good
Austria,Salzburg,1,34,1,70,Moderate
Mexico,San Buenaventura,1,19,1,58,Moderate
Mexico,San Salvador El Seco,2,13,6,111,Unhealthy for Sensitive Groups
United States of America,San Sebastian,1,24,0,132,Unhealthy for Sensitive Groups
Italy,Santeramo In Colle,1,37,5,39,Good
Brazil,Sao Francisco,0,12,0,19,Good
Brazil,Sao Jose Dos Pinhais,1,16,1,37,Good
France,Sarrebourg,1,20,4,63,Moderate
India,Satna,1,47,0,193,Unhealthy
Indonesia,Sawangan,5,205,4,171,Very Unhealthy
Germany,Schwabisch Gmund,1,28,4,54,Moderate
Russian Federation,Shalushka,1,41,0,49,Good
India,Shirwal,0,23,0,88,Moderate
United States of America,Sylacauga,1,17,5,76,Moderate
China,Taipei,3,167,1,124,Unhealthy
China,Taiyuan,2,138,2,79,Unhealthy for Sensitive Groups
Spain,Talavera De La Reina,1,18,3,37,Good
Ukraine,Stakhanov,1,37,1,11,Good
United States of America,Statesboro,2,30,3,57,Moderate
China,Suao,2,140,0,106,Unhealthy for Sensitive Groups
Japan,Sukumo,1,49,0,25,Good
United States of America,Westmont,4,4,36,122,Unhealthy for Sensitive Groups
Germany,Wolgast,1,35,2,49,Good
United Kingdom of Great Britain and Northern Ireland,Wolverhampton,1,32,3,22,Good
China,Yangmei,2,128,4,122,Unhealthy for Sensitive Groups
United States of America,Zachary,2,25,11,60,Moderate
Myanmar,Ye,0,22,0,34,Good
China,Yichun,2,28,0,46,Good
Mexico,Zacatecas,1,24,1,44,Good
Mexico,Zacatelco,4,4,14,209,Very Unhealthy
Croatia,Zadar,1,38,1,71,Moderate
Philippines,Zamboanga,1,14,0,54,Moderate
Peru,Zarumilla,1,18,1,51,Moderate
Kazakhstan,Zaysan,1,33,0,26,Good
Ukraine,Zhovkva,1,32,2,67,Moderate
Spain,Zumarraga,1,19,3,61,Moderate
Netherlands,Zeist,1,26,5,31,Good
Russian Federation,Zelenokumsk,1,37,0,54,Moderate
Czechia,Frenstat,1,39,1,62,Moderate
Colombia,Fresno,2,10,3,64,Moderate
Japan,Fukumitsu,1,43,1,29,Good
China,Gaoyou,4,188,5,136,Unhealthy
Mexico,Garza Garcia,2,4,11,87,Moderate
Turkmenistan,Gazojak,1,44,0,55,Moderate
Germany,Georgsmarienhutte,0,34,1,36,Good
Turkey,Gerede,1,39,0,20,Good
Turkey,Goksun,1,28,1,63,Moderate
United States of America,Greeley,1,20,7,63,Moderate
Australia,Goulburn,0,22,0,15,Good
South Africa,Boksburg,49,1,30,500,Hazardous
Sweden,Bollnas,0,28,0,16,Good
Bosnia and Herzegovina,Bosanska Krupa,1,43,0,55,Moderate
Netherlands,Boxtel,0,30,2,26,Good
United States of America,Brent,1,14,11,85,Moderate
Netherlands,Breukelen,0,35,1,26,Good
United States of America,Buffalo,1,38,2,39,Good
India,Bundu,1,53,0,166,Unhealthy
United Kingdom of Great Britain and Northern Ireland,Bury Saint Edmunds,1,20,8,26,Good
Tajikistan,Buston,1,71,0,129,Unhealthy for Sensitive Groups
United Republic of Tanzania,Butiama,1,14,0,26,Good
Colombia,Carepa,1,14,0,18,Good
Italy,Cascina,1,43,1,19,Good
Uganda,Fort Portal,3,15,0,65,Moderate
United States of America,Franklin Square,1,23,15,65,Moderate
Denmark,Fredericia,0,31,0,36,Good
China,Fuxin,2,101,1,100,Unhealthy for Sensitive Groups
Philippines,Gapan,1,26,1,71,Moderate
Belgium,Gerpinnes,1,22,5,39,Good
Italy,Giffoni Valle Piana,1,49,1,51,Moderate
Spain,Gijon,1,32,2,41,Good
Côte d'Ivoire,Daloa,2,6,1,72,Moderate
Germany,Dassel,0,27,2,36,Good
Belgium,De Haan,0,32,1,31,Good
Indonesia,Denpasar,1,24,0,39,Good
Russian Federation,Devyatka,1,33,0,45,Good
India,Dharmanagar,2,41,1,60,Moderate
India,Dhuburi,3,69,1,80,Moderate
India,Dhulagari,3,94,4,197,Unhealthy
Brazil,Dom Pedro,2,1,2,52,Moderate
India,Channagiri,0,22,0,60,Moderate
France,Charenton Le Pont,1,26,3,39,Good
Russian Federation,Chegdomyn,1,30,0,25,Good
Guatemala,Chicacao,4,5,14,108,Unhealthy for Sensitive Groups
Ecuador,Chone,1,21,1,31,Good
United States of America,Citrus,4,9,31,116,Unhealthy for Sensitive Groups
Italy,Civita Castellana,1,43,2,42,Good
Brazil,Colinas,0,14,0,27,Good
Mexico,Comitan,1,13,3,56,Moderate
Guatemala,Comitancillo,3,7,10,82,Moderate
Brazil,Conselheiro Lafaiete,2,0,8,70,Moderate
Côte d'Ivoire,Duekoue,2,5,0,55,Moderate
Belgium,Eghezee,1,21,6,40,Good
United States of America,El Paso,2,19,10,100,Unhealthy for Sensitive Groups
Brazil,Espumoso,0,22,0,11,Good
United States of America,Eufaula,2,11,7,81,Moderate
Portugal,Fanzeres,1,21,5,31,Good
Russian Federation,Berezniki,1,28,1,28,Good
Cameroon,Betare Oya,3,5,0,58,Moderate
United States of America,Bettendorf,1,28,6,57,Moderate
Kazakhstan,Beyneu,1,40,0,57,Moderate
India,Bhusawal,0,34,0,143,Unhealthy for Sensitive Groups
Germany,Schermbeck,1,32,2,32,Good
Germany,Schweinfurt,1,35,3,64,Moderate
Romania,Scornicesti,1,39,0,22,Good
France,Seclin,1,25,5,48,Good
China,Shaping,5,207,4,154,Very Unhealthy
Russian Federation,Shushary,1,38,4,39,Good
India,Singur,5,115,5,169,Unhealthy
Philippines,Sitangkai,1,14,0,36,Good
South Africa,Siyabuswa,10,13,11,166,Unhealthy
Colombia,Soledad,1,17,3,110,Unhealthy for Sensitive Groups
Costa Rica,San Isidro,2,3,12,52,Moderate
Colombia,San Juan Nepomuceno,2,11,6,65,Moderate
Mexico,San Miguel El Alto,1,26,1,50,Good
Mexico,Santa Rosalia,1,24,0,86,Moderate
Russian Federation,Solikamsk,1,32,0,16,Good
Indonesia,Sooko,2,71,1,140,Unhealthy for Sensitive Groups
Greece,Sparti,1,46,0,57,Moderate
South Africa,Standerton,1,13,13,84,Moderate
Poland,Starachowice,1,35,1,82,Moderate
Poland,Strzegom,1,38,1,82,Moderate
Japan,Sueyoshi,1,39,1,31,Good
Indonesia,Jatiwangi,1,37,1,63,Moderate
Ukraine,Kaharlyk,1,43,0,53,Moderate
United Republic of Tanzania,Kaliua,0,14,0,32,Good
Germany,Kalkar,1,33,2,33,Good
India,Kamalganj,1,49,1,301,Hazardous
China,Dalianwan,3,105,3,74,Unhealthy for Sensitive Groups
Netherlands,Deurne,1,28,4,41,Good
India,Dig,1,43,0,231,Very Unhealthy
Cameroon,Djang,3,14,1,76,Moderate
Brazil,Coaraci,1,7,2,36,Good
Brazil,Conceicao Do Mato Dentro,1,2,3,42,Good
Nicaragua,Condega,1,11,1,20,Good
United States of America,Cudahy,4,3,37,141,Unhealthy for Sensitive Groups
Republic of Moldova,Glodeni,1,45,0,67,Moderate
Poland,Glogow,1,27,1,38,Good
Azerbaijan,Goycay,1,37,0,53,Moderate
Colombia,Envigado,4,1,8,117,Unhealthy for Sensitive Groups
India,Falakata,2,66,1,139,Unhealthy for Sensitive Groups
India,Farakka,2,128,1,198,Unhealthy
Germany,Felsberg,1,33,3,33,Good
Paraguay,Fernando De La Mora,1,12,2,59,Moderate
Estonia,Haapsalu,1,36,0,33,Good
China,Hecun,4,166,4,140,Unhealthy
Russian Federation,Uryupinsk,1,39,0,51,Moderate
Spain,Valdemoro,1,27,3,31,Good
Lithuania,Varena,1,34,0,51,Moderate
Brazil,Vassouras,5,12,15,152,Unhealthy
United States of America,Verona,3,4,11,66,Moderate
Brazil,Viamao,1,17,3,49,Good
Italy,Vibo Valentia,1,46,0,39,Good
Germany,Tornesch,1,32,2,26,Good
Uganda,Tororo,5,35,2,80,Moderate
China,Toucheng,1,46,2,62,Moderate
France,Trappes,1,19,4,46,Good
Madagascar,Tsiroanomandidy,0,22,0,29,Good
China,Tuku,4,174,10,154,Unhealthy
Russian Federation,Tulun,1,36,0,37,Good
Russian Federation,Udachnyy,1,33,0,19,Good
United States of America,West Hempstead,2,41,10,75,Moderate
United States of America,Whitehall,1,31,7,45,Good
Austria,Wiener Neustadt,1,28,1,35,Good
United States of America,Williston,1,28,1,46,Good
Namibia,Windhoek,1,22,0,50,Good
United Kingdom of Great Britain and Northern Ireland,Witney,0,29,1,25,Good
Germany,Wittstock,0,38,0,21,Good
United States of America,Wood Dale,2,7,30,82,Moderate
China,Xihe,3,149,1,88,Unhealthy for Sensitive Groups
Philippines,Vinzons,1,23,0,41,Good
Germany,Vlotho,1,37,1,24,Good
Russian Federation,Volchikha,1,37,0,26,Good
South Africa,Warrenton,0,21,1,33,Good
United States of America,Wauwatosa,2,12,17,54,Moderate
Ukraine,Kaniv,1,43,0,51,Moderate
Zambia,Kansanshi,1,21,0,53,Moderate
Japan,Karasuyama,1,43,1,36,Good
United States of America,Kearny,1,42,6,60,Moderate
Chad,Kelo,2,12,0,65,Moderate
India,Pilani,1,39,0,433,Hazardous
United States of America,Pinehurst,1,30,3,61,Moderate
United States of America,Pittsburg,1,27,4,73,Moderate
Spain,Paterna,0,35,0,18,Good
Canada,Kingston,1,36,1,31,Good
Zambia,Kitwe,1,22,0,56,Moderate
Russian Federation,Korenovsk,1,36,2,30,Good
Italy,Rovereto,1,28,1,12,Good
Kenya,Ruiru,2,22,1,92,Moderate
France,Rumilly,1,30,1,34,Good
France,Saint Denis,0,28,0,43,Good
France,Sainte Marie,0,28,0,43,Good
Turkey,Salihli,1,55,0,27,Moderate
Serbia,Presevo,1,39,1,53,Moderate
Iran (Islamic Republic of),Qom,4,214,7,175,Very Unhealthy
Poland,Rogozno,1,32,0,29,Good
Spain,Santa Brigida,0,37,0,16,Good
Colombia,Santa Marta,1,13,0,75,Moderate
Brazil,Santo Amaro,1,5,7,71,Moderate
Brazil,Santo Antonio,0,17,1,34,Good
United States of America,Sartell,1,36,5,31,Good
Italy,Sasso Marconi,1,38,1,55,Moderate
Italy,Scandiano,1,38,1,60,Moderate
Russian Federation,Schlusselburg,1,39,1,18,Good
France,Sens,1,26,2,35,Good
India,Pihani,3,119,1,157,Unhealthy
Philippines,Pio Duran,1,25,0,36,Good
Russian Federation,Platnirovskaya,1,38,0,13,Good
South Africa,Plettenberg Bay,1,19,1,35,Good
Slovakia,Poprad,1,41,0,60,Moderate
United States of America,Port Lavaca,1,20,1,48,Good
India,Patamundai,3,75,1,133,Unhealthy for Sensitive Groups
United States of America,Pell City,4,4,19,108,Unhealthy for Sensitive Groups
United Kingdom of Great Britain and Northern Ireland,Peterlee,1,32,1,13,Good
Germany,Petershagen,2,36,6,71,Moderate
Poland,Skarzysko Kamienna,1,28,1,32,Good
Poland,Slubice,1,36,1,58,Moderate
Indonesia,Soe,0,19,0,21,Good
Germany,Schwabach,1,30,3,63,Moderate
India,Seohara,3,95,1,134,Unhealthy for Sensitive Groups
Turkey,Sereflikochisar,1,35,1,66,Moderate
Uganda,Kisoro,2,22,1,180,Unhealthy
Japan,Kitaibaraki,1,21,8,55,Moderate
India,Kombai,1,14,4,73,Moderate
Russian Federation,Krasnyy Kut,1,44,0,15,Good
Lithuania,Kretinga,1,34,0,24,Good
India,Kumbakonam,2,29,4,92,Moderate
Indonesia,Kupang,1,24,0,64,Moderate
Serbia,Kursumlija,1,44,0,57,Moderate
Spain,La Puebla Del Rio,1,43,0,19,Good
Brazil,Laguna,0,26,0,25,Good
United States of America,Lake Ridge,1,42,2,43,Good
United States of America,Lakewood,3,19,22,98,Moderate
France,Lamentin,0,28,0,49,Good
Belgium,Landen,1,39,1,56,Moderate
Italy,Laterza,1,60,0,50,Moderate
United States of America,Lemay,1,73,2,79,Moderate
Germany,Lennestadt,1,46,0,53,Moderate
Haiti,Les Cayes,1,31,0,102,Unhealthy for Sensitive Groups
France,Les Herbiers,1,40,0,21,Good
United States of America,Lexington,1,47,1,20,Good
Portugal,Lisbon,1,41,1,19,Good
France,Lons Le Saunier,1,43,0,70,Moderate
India,Lormi,3,37,11,158,Unhealthy
Portugal,Loule,1,45,0,22,Good
Russian Federation,Lysva,1,40,0,39,Good
Netherlands,Maasbree,1,38,1,50,Good
China,Maba,4,20,14,99,Moderate
Italy,Sassari,1,47,0,30,Good
Germany,Schmalkalden,1,48,0,56,Moderate
Germany,Schwabmunchen,1,59,0,67,Moderate
Philippines,Seit,1,16,0,8,Good
Germany,Seligenstadt,1,59,0,60,Moderate
South Africa,Senekal,1,24,1,35,Good
Pakistan,Setharja,1,26,3,151,Unhealthy
China,Shalu,4,14,47,155,Unhealthy
China,Shashi,6,32,20,152,Unhealthy
Portugal,Beja,1,37,1,13,Good
Italy,Bernalda,1,38,3,59,Moderate
Germany,Bestwig,1,37,1,43,Good
Bosnia and Herzegovina,Bijeljina,1,35,2,76,Moderate
Belgium,Bilzen,1,30,3,50,Good
Spain,Boadilla Del Monte,1,28,2,14,Good
Panama,Changuinola,1,20,0,34,Good
India,Chapar,2,41,0,51,Moderate
Thailand,Chiang Khong,0,24,0,26,Good
Poland,Chrzanow,1,38,3,84,Moderate
United States of America,Claremont,4,4,29,109,Unhealthy for Sensitive Groups
Mexico,Coatepec,3,7,7,111,Unhealthy for Sensitive Groups
United States of America,Crawfordsville,1,34,7,42,Good
Brazil,Cristalina,1,11,1,31,Good
Mexico,Cuilapam,2,4,7,72,Moderate
Kazakhstan,Balkhash,1,33,0,60,Moderate
Syrian Arab Republic,Baniyas,1,45,1,57,Moderate
India,Bardoli,0,25,0,151,Unhealthy
United States of America,Bardstown,1,46,4,61,Moderate
Brazil,Barreiros,0,22,0,31,Good
Ecuador,Cariamanga,1,4,2,41,Good
United States of America,Cartersville,2,32,11,66,Moderate
United States of America,Carthage,1,32,2,60,Moderate
Brazil,Catende,0,17,1,25,Good
Brazil,Caxias,1,7,1,49,Good
South Africa,Bronkhorstspruit,5,15,15,156,Unhealthy
India,Budhlada,2,125,0,151,Unhealthy
United States of America,Bakersfield,2,22,12,61,Moderate
Thailand,Bamnet Narong,0,24,0,21,Good
India,Banapur,3,87,1,152,Unhealthy
Thailand,Bang Lamung,0,17,1,37,Good
Slovakia,Bardejov,1,42,0,71,Moderate
Philippines,Bislig,1,18,0,31,Good
Indonesia,Blora,2,69,1,81,Moderate
Sweden,Boden,1,32,0,6,Good
Poland,Boleslawiec,1,39,1,71,Moderate
Brazil,Boqueirao,0,13,1,39,Good
Mali,Bougouni,1,16,0,89,Moderate
Germany,Bretzfeld,1,37,3,55,Moderate
Serbia,Becej,1,46,0,57,Moderate
Ukraine,Berezhany,1,29,2,63,Moderate
Germany,Bergneustadt,1,33,4,64,Moderate
Turkey,Besikduzu,1,32,0,14,Good
India,Aurad,1,41,0,152,Unhealthy
Germany,Bad Bramstedt,1,31,4,51,Moderate
Germany,Bad Soden Salmunster,1,38,4,67,Moderate
Togo,Badou,1,18,0,59,Moderate
Italy,Arluno,1,37,3,68,Moderate
Egypt,Asyut,1,65,1,151,Unhealthy
Togo,Bafilo,1,19,0,43,Good
France,Bailleul,1,37,0,37,Good
India,Baripada,2,25,4,109,Unhealthy for Sensitive Groups
Belize,Belmopan,1,24,0,59,Moderate
United States of America,Berkeley Heights,1,46,1,49,Good
United States of America,Billerica,1,36,1,40,Good
Brazil,Boca Do Acre,1,5,0,30,Good
Romania,Bolintinu Din Vale,1,47,0,56,Moderate
Brazil,Brasileia,1,8,0,30,Good
United Kingdom of Great Britain and Northern Ireland,Bridlington,1,38,1,43,Good
Turkey,Bucak,1,42,0,56,Moderate
Colombia,Buga,1,13,0,17,Good
Kenya,Butere,3,17,2,112,Unhealthy for Sensitive Groups
United States of America,Butte,0,27,0,46,Good
Italy,Carovigno,1,69,0,77,Moderate
Spain,Cartama,1,43,0,19,Good
Portugal,Charneca De Caparica,1,39,1,22,Good
France,Chateauroux,1,38,0,58,Moderate
United Kingdom of Great Britain and Northern Ireland,Cheshunt,1,31,1,33,Good
India,Chhatarpur,3,74,3,168,Unhealthy
United States of America,Claremore,1,46,3,56,Moderate
Portugal,Abrantes,1,34,1,16,Good
Brazil,Acarau,0,22,0,44,Good
Eritrea,Addi Ugri,1,26,0,75,Moderate
Benin,Allada,2,18,2,79,Moderate
United States of America,Allouez,1,30,3,28,Good
Spain,Muros,1,36,2,15,Good
Myanmar,Myanaung,0,23,0,42,Good
India,Narayanavanam,0,27,0,72,Moderate
Spain,Naron,1,34,2,20,Good
United States of America,Nashua,2,14,14,68,Moderate
United States of America,Newton,1,37,2,41,Good
United States of America,Norman,1,28,2,78,Moderate
Cameroon,Obala,2,24,0,86,Moderate
Uzbekistan,Ohangaron,1,64,1,109,Unhealthy for Sensitive Groups
China,Linshui,5,200,7,163,Unhealthy
Germany,Lubbenau,1,36,2,65,Moderate
France,Luce,1,21,5,74,Moderate
Russian Federation,Lyubinskiy,1,35,0,38,Good
South Africa,Mabopane,15,14,19,228,Very Unhealthy
India,Mahbubnagar,0,23,1,65,Moderate
Croatia,Makarska,1,35,1,58,Moderate
United States of America,Manassas,1,39,6,47,Good
Italy,Marina,1,37,3,27,Good
Germany,Marl,1,33,2,36,Good
Egypt,Marsa Matruh,1,57,0,59,Moderate
India,Medak,1,27,0,101,Unhealthy for Sensitive Groups
United States of America,Medford,3,21,23,68,Moderate
United States of America,Melrose Park,2,31,10,52,Moderate
United States of America,Mililani Town,0,31,0,30,Good
United States of America,Millville,1,54,2,77,Moderate
Myanmar,Minbu,0,25,0,19,Good
Dominican Republic,Monte Cristi,1,18,5,63,Moderate
France,Montelimar,2,22,4,123,Unhealthy for Sensitive Groups
United States of America,Morgan City,0,26,1,51,Moderate
Brazil,Presidente Olegario,1,6,2,42,Good
Egypt,Qena,1,60,0,148,Unhealthy for Sensitive Groups
Israel,Qiryat Bialik,2,46,6,82,Moderate
Brazil,Quixeramobim,0,11,1,23,Good
Tunisia,Qurunbaliyah,1,52,2,42,Moderate
Republic of North Macedonia,Lipkovo,1,47,0,86,Moderate
United States of America,Little Ferry,2,18,19,74,Moderate
Russian Federation,Lokomotivnyy,1,36,0,19,Good
Brazil,Luz,1,6,2,40,Good
Belgium,Machelen,1,30,6,58,Moderate
Myanmar,Mae Sai,1,23,0,34,Good
Russian Federation,Magdagachi,1,26,0,52,Moderate
Indonesia,Majalaya,2,48,1,84,Moderate
India,Malkangiri,2,47,0,152,Unhealthy
Turkey,Manisa,1,48,1,86,Moderate
United States of America,Rosedale,1,30,9,42,Good
United States of America,Rutherford,2,19,18,71,Moderate
Japan,Sadowara,0,26,1,21,Good
Mexico,Ramos Arizpe,2,12,5,81,Moderate
Italy,Ravenna,1,49,1,70,Moderate
France,Rennes,1,27,3,51,Moderate
Switzerland,Richterswil,1,30,1,53,Moderate
Brazil,Rio Claro,4,4,10,151,Unhealthy
Colombia,Riohacha,1,22,0,160,Unhealthy
United States of America,Rogers,2,33,4,49,Good
Viet Nam,Son Tay,4,194,2,150,Unhealthy
Belgium,Sprimont,1,35,4,63,Moderate
Bulgaria,Stara Zagora,1,44,0,54,Moderate
Russian Federation,Stavropol,1,28,1,36,Good
United States of America,Lake Mary,1,14,14,59,Moderate
United States of America,Lakeland,2,1,23,67,Moderate
France,Le Kremlin Bicetre,2,27,6,72,Moderate
South Africa,Lebowakgomo,6,24,6,168,Unhealthy
Sweden,Lerum,1,42,2,24,Good
Brazil,Missao Velha,1,9,3,37,Good
Guatemala,Mixco,2,6,7,87,Moderate
United Republic of Tanzania,Mkuranga,0,19,0,35,Good
Central African Republic,Mongoumba,3,19,0,83,Moderate
Russian Federation,Monino,1,18,12,65,Moderate
United States of America,Montclair,2,20,16,69,Moderate
Mali,Markala,1,16,0,74,Moderate
Morocco,Marrakesh,1,25,3,52,Moderate
Jamaica,May Pen,2,16,7,125,Unhealthy for Sensitive Groups
Germany,Merzig,1,33,4,64,Moderate
Uganda,Mukono,3,23,1,94,Moderate
United Republic of Tanzania,Muriti,1,18,0,59,Moderate
United States of America,Muskegon Heights,1,32,4,54,Moderate
Zimbabwe,Mutare,1,21,0,29,Good
Burundi,Muyinga,3,17,1,64,Moderate
United Republic of Tanzania,Namikupa,0,22,0,26,Good
Japan,Naruto,1,27,3,22,Good
Japan,Natori,1,94,2,64,Moderate
India,Navsari,1,26,0,114,Unhealthy for Sensitive Groups
France,Neuilly Sur Marne,2,28,6,71,Moderate
United States of America,New Bern,1,45,3,26,Good
Poland,Nidzica,1,34,0,24,Good
Belgium,Ninove,1,30,6,66,Moderate
Japan,Ome,1,52,1,62,Moderate
Italy,Opera,1,37,3,66,Moderate
Philippines,Orion,1,27,1,43,Good
Russian Federation,Osinniki,1,43,1,29,Good
Sweden,Oskarshamn,1,37,0,18,Good
Portugal,Ourem,1,30,2,21,Good
India,Pakaur,2,47,2,85,Moderate
Italy,Palagonia,1,44,1,56,Moderate
Indonesia,Palimanan,1,48,1,67,Moderate
Ghana,Kpandu,1,17,1,66,Moderate
Norway,Kristiansund,1,29,0,11,Good
Spain,La Baneza,0,19,1,16,Good
France,La Garenne Colombes,2,28,5,71,Moderate
United States of America,La Puente,4,2,34,140,Unhealthy for Sensitive Groups
Indonesia,Labuhan Deli,2,63,1,103,Unhealthy for Sensitive Groups
Germany,Norden,1,30,4,43,Good
United States of America,North Branch,1,28,4,50,Good
United States of America,North Creek,2,24,11,80,Moderate
United States of America,North Las Vegas,2,12,17,57,Moderate
Philippines,Noveleta,1,27,1,48,Good
Ukraine,Novyy Buh,1,35,1,18,Good
United States of America,Odenton,1,29,10,49,Good
United States of America,San Fernando,3,6,28,109,Unhealthy for Sensitive Groups
Guatemala,San Francisco Zapotitlan,3,7,11,99,Moderate
Guatemala,San Juan Cotzal,1,7,4,52,Moderate
Argentina,San Juan,1,8,4,26,Good
Italy,San Martino Di Lupari,1,39,2,67,Moderate
Portugal,Santarem,1,29,3,24,Good
Brazil,Sao Bernardo,0,11,0,26,Good
Brazil,Sao Jeronimo,1,15,2,19,Good
Brazil,Sao Jose Do Rio Preto,1,4,2,36,Good
Japan,Shimminato,1,39,0,23,Good
Japan,Shiroi,1,39,2,40,Good
United States of America,Shively,2,30,10,56,Moderate
United States of America,Sidney,1,26,8,50,Good
Italy,Siena,1,40,2,27,Good
Sudan,Sinkat,1,24,0,170,Unhealthy
Belgium,Sint Truiden,1,31,3,39,Good
United States of America,Skokie,2,9,31,82,Moderate
Croatia,Slavonski Brod,1,30,1,56,Moderate
Bulgaria,Sliven,1,39,0,24,Good
France,Sotteville Les Rouen,1,21,3,40,Good
France,Sucy En Brie,1,22,5,50,Good
Poland,Swietochlowice,1,27,2,49,Good
China,Tainan,2,33,7,78,Moderate
India,Tajpur,1,67,1,500,Hazardous
Chile,Talcahuano,2,9,9,54,Moderate
Estonia,Tallinn,3,25,5,96,Moderate
Mexico,Tamuin,1,21,2,55,Moderate
Brazil,Taquari,1,13,2,34,Good
Russian Federation,Tbilisskaya,1,40,2,31,Good
Mexico,Tecate,2,19,13,62,Moderate
Belgium,Temse,1,24,5,42,Good
France,Issoudun,1,20,3,44,Good
Brazil,Itajuipe,1,8,3,39,Good
India,Jaitaran,0,36,0,190,Unhealthy
Finland,Jamsa,1,35,1,34,Good
India,Jansath,1,48,1,500,Hazardous
Brazil,Jarinu,2,8,10,90,Moderate
Germany,Nordhorn,1,32,2,27,Good
United States of America,Normal,2,16,12,54,Moderate
United States of America,North Royalton,1,31,8,48,Good
France,Noumea,0,28,0,7,Good
Slovakia,Nova Dubnica,1,28,1,43,Good
Germany,Nuremberg,0,29,1,26,Good
United States of America,Oak Ridge,1,16,11,50,Good
Japan,Ogaki,1,46,4,52,Moderate
Japan,Ogori,1,46,1,41,Good
Italy,Oleggio,1,34,3,30,Good
India,Ondal,1,105,1,171,Unhealthy
India,Palia Kalan,2,152,1,456,Hazardous
Uganda,Pallisa,3,34,1,73,Moderate
Netherlands,Enkhuizen,0,38,0,36,Good
Germany,Eschwege,1,46,0,55,Moderate
Somalia,Eyl,0,19,0,73,Moderate
United States of America,Farragut,1,40,5,33,Good
China,Fengkou,10,2,39,173,Unhealthy
China,Fengrun,4,69,15,110,Unhealthy for Sensitive Groups
Brazil,Florestopolis,1,19,0,34,Good
India,Fort Gloster,8,11,19,194,Unhealthy
United States of America,Foxborough,1,38,2,46,Good
United States of America,Franklin Park,1,30,5,60,Moderate
Italy,Frosinone,1,68,0,45,Moderate
Japan,Fujioka,2,7,15,73,Moderate
United States of America,Gary,1,35,4,61,Moderate
Nigeria,Gbongan,2,43,0,79,Moderate
Belgium,Genappe,1,40,1,54,Moderate
Russian Federation,Sovetskaya Gavan,4,19,8,81,Moderate
United States of America,Starkville,3,40,4,138,Unhealthy for Sensitive Groups
United States of America,Steger,1,38,3,57,Moderate
United Kingdom of Great Britain and Northern Ireland,Stockton On Tees,1,38,0,40,Good
Mexico,Suchiapa,1,29,1,67,Moderate
Georgia,Sukhumi,1,36,0,40,Good
Israel,Tayibe,1,45,4,56,Moderate
Brazil,Terra Nova,0,20,0,26,Good
Mexico,Teziutlan,1,29,1,67,Moderate
Mexico,Tezoyuca,2,39,5,243,Very Unhealthy
Philippines,Tigaon,1,21,1,54,Moderate
Hungary,Tiszafured,1,50,0,60,Moderate
Hungary,Tiszaujvaros,1,51,0,62,Moderate
Mexico,Tlaxiaco,1,26,0,62,Moderate
Colombia,Tocaima,2,12,4,86,Moderate
Japan,Towada,3,37,10,100,Unhealthy for Sensitive Groups
Brazil,Tres Lagoas,1,29,0,51,Moderate
Japan,Tsuchiura,1,27,11,65,Moderate
Libya,Tukrah,1,37,0,119,Unhealthy for Sensitive Groups
United States of America,Ukiah,1,30,1,31,Good
Malaysia,Sungai Udang,2,21,5,92,Moderate
India,Suriapet,2,48,3,158,Unhealthy
China,Taicheng,2,12,17,90,Moderate
Indonesia,Tarakan,1,11,0,21,Good
Spain,Tarifa,1,45,0,28,Good
South Africa,Umkomaas,1,28,3,71,Moderate
Russian Federation,Ust Katav,1,39,0,9,Good
Brazil,Vazante,1,22,0,24,Good
France,Vendome,1,34,1,56,Moderate
Cuba,Venezuela,1,28,0,59,Moderate
Mexico,Veracruz,1,26,1,55,Moderate
Japan,Kani,1,34,3,53,Moderate
United States of America,Kapaa,0,27,0,18,Good
United Kingdom of Great Britain and Northern Ireland,Kendal,1,31,3,16,Good
United States of America,Grand Prairie,1,30,5,55,Moderate
United States of America,Groveton,2,27,10,52,Moderate
Costa Rica,Guacimo,2,7,5,51,Moderate
Mexico,Guerrero Negro,0,35,0,38,Good
Pakistan,Gwadar,1,38,0,153,Unhealthy
Jamaica,Half Way Tree,1,20,3,105,Unhealthy for Sensitive Groups
United Kingdom of Great Britain and Northern Ireland,Hinckley,1,34,3,20,Good
Germany,Hockenheim,1,36,3,72,Moderate
Germany,Holzwickede,1,30,7,62,Moderate
Mexico,Huamantla,3,7,9,168,Unhealthy
United States of America,Huntington Beach,2,20,19,70,Moderate
United States of America,Huron,1,39,1,56,Moderate
Italy,Iesolo,1,42,2,75,Moderate
United Republic of Tanzania,Igurubi,1,14,0,35,Good
Brazil,Ipojuca,0,13,4,39,Good
Brazil,Itatiaia,1,10,3,56,Moderate
Russian Federation,Kamen Na Obi,1,43,0,26,Good
France,Frejus,1,42,1,28,Good
Spain,Galapagar,1,19,5,59,Moderate
United States of America,Galena Park,2,9,12,104,Unhealthy for Sensitive Groups
Sweden,Falkenberg,1,37,1,34,Good
Portugal,Feira,1,32,2,20,Good
India,Lalsot,1,43,0,177,Unhealthy
Germany,Langenfeld,1,26,4,35,Good
United States of America,Lawrence,1,45,2,37,Good
France,Le Creusot,1,25,1,35,Good
United States of America,Leeds,1,29,5,35,Good
Norway,Leirvik,0,31,0,15,Good
Italy,Leonforte,1,42,0,44,Good
United States of America,Lexington Fayette,2,21,15,66,Moderate
China,Luancheng,4,185,5,154,Unhealthy
Japan,Maebaru,2,45,4,52,Moderate
India,Mailani,2,116,1,471,Hazardous
India,Makum,2,24,1,51,Moderate
Cuba,Manati,1,30,0,122,Unhealthy for Sensitive Groups
India,Mandapam,1,33,0,58,Moderate
India,Mandapeta,1,52,0,153,Unhealthy
Tunisia,Manzil Tamim,1,47,1,47,Good
Russian Federation,Yemelyanovo,1,38,0,50,Good
South Sudan,Yirol,1,12,0,63,Moderate
United States of America,Youngstown,1,30,9,51,Moderate
Netherlands,Zaanstad,1,28,5,38,Good
Pakistan,Zahir Pir,1,49,0,219,Very Unhealthy
Pakistan,Zaida,3,198,1,135,Unhealthy
Netherlands,Zuidhorn,1,30,3,27,Good
United States of America,Hillside,1,45,6,64,Moderate
India,Hiriyur,0,25,0,61,Moderate
Mexico,Huixtla,4,9,8,98,Moderate
United States of America,Humacao,1,25,0,97,Moderate
Yemen,Ibb,1,46,0,156,Unhealthy
Brazil,Ibiruba,0,11,2,25,Good
Peru,Ica,0,11,1,23,Good
Nigeria,Ikole,2,24,1,75,Moderate
Sierra Leone,Freetown,1,22,0,27,Good
Russian Federation,Furmanov,1,30,0,14,Good
South Africa,Marquard,3,21,2,73,Moderate
Zambia,Mazabuka,1,20,0,35,Good
United States of America,Memphis,1,29,6,67,Moderate
South Africa,Krugersdorp,13,20,9,99,Moderate
United States of America,La Grande,0,29,1,29,Good
Italy,Adria,1,65,0,87,Moderate
India,Alandur,3,36,5,115,Unhealthy for Sensitive Groups
Brazil,Alta Floresta,1,13,0,21,Good
Brazil,Amarante Do Maranhao,0,13,0,29,Good
Iran (Islamic Republic of),Azar Shahr,1,47,0,72,Moderate
China,Badaojiang,2,48,1,67,Moderate
Bangladesh,Badarganj,3,34,6,97,Moderate
India,Buldana,1,36,0,100,Unhealthy for Sensitive Groups
Germany,Burgkirchen,1,36,2,66,Moderate
Chile,Cabildo,5,1,13,97,Moderate
Brazil,Caico,0,13,0,23,Good
Australia,Cairns,0,28,0,24,Good
United States of America,Caledonia,1,17,14,53,Moderate
Brazil,Cangucu,0,20,0,9,Good
Philippines,Carigara,1,23,0,61,Moderate
United States of America,Chesapeake,1,36,7,24,Good
India,Chittur,1,24,1,69,Moderate
United States of America,Chowchilla,1,35,3,55,Moderate
United States of America,Colonial Park,2,20,17,67,Moderate
Italy,Conegliano,1,39,2,69,Moderate
Poland,Czechowice Dziedzice,1,39,3,77,Moderate
Italy,Corigliano Calabro,1,44,1,89,Moderate
Russian Federation,Dalnerechensk,1,25,0,38,Good
Egypt,Damietta,1,38,1,71,Moderate
India,Dandeli,1,27,1,31,Good
South Africa,De Aar,1,16,1,21,Good
Netherlands,Delft,1,35,5,54,Moderate
Democratic Republic of the Congo,Demba,7,54,2,175,Unhealthy
India,Digapahandi,3,85,1,153,Unhealthy
Côte d'Ivoire,Dimbokro,1,14,0,52,Moderate
Germany,Donauworth,1,35,3,63,Moderate
United Kingdom of Great Britain and Northern Ireland,Dalkeith,0,30,0,59,Moderate
India,Deoli,1,38,0,150,Unhealthy
India,Dharampuri,0,36,0,153,Unhealthy
Greece,Diavata,1,47,1,64,Moderate
Belgium,Dinant,1,23,5,43,Good
Mali,Dire,1,18,0,33,Good
Ukraine,Dzhankoy,1,45,0,42,Good
Bulgaria,Elhovo,1,37,1,24,Good
Russian Federation,Novomoskovsk,0,31,0,45,Good
Russian Federation,Novopodrezkovo,1,28,6,53,Moderate
Pakistan,Nowshera,3,202,2,104,Very Unhealthy
Russian Federation,Noyabrsk,1,28,0,41,Good
Uzbekistan,Nurota,1,40,0,142,Unhealthy for Sensitive Groups
Germany,Oberkirch,1,28,2,31,Good
Serbia,Nova Pazova,1,33,2,71,Moderate
Japan,Yuki,1,17,16,73,Moderate
Venezuela (Bolivarian Republic of),Zaraza,1,21,0,38,Good
Russian Federation,Zarechnyy,1,41,0,28,Good
United States of America,Yeehaw Junction,1,45,1,18,Good
Ukraine,Berdychiv,1,36,1,19,Good
India,Bodhan,1,29,0,112,Unhealthy for Sensitive Groups
France,Chateaudun,1,19,4,69,Moderate
United States of America,Chattanooga,2,31,7,71,Moderate
Russian Federation,Chernyakhovsk,1,25,1,52,Moderate
United Kingdom of Great Britain and Northern Ireland,Chesham,1,22,5,26,Good
India,Chettipalaiyam,1,23,0,55,Moderate
China,Chupei,1,46,1,57,Moderate
Cuba,Ciego De Avila,0,20,1,39,Good
Mexico,Compostela,1,11,3,56,Moderate
China,Baijiantan,1,42,0,103,Unhealthy for Sensitive Groups
India,Baloda,2,103,3,178,Unhealthy
Philippines,Bayugan,1,18,0,44,Good
Portugal,Arrentela,1,36,4,18,Good
India,Asansol,3,124,1,122,Unhealthy for Sensitive Groups
Russian Federation,Astrakhan,1,43,0,14,Good
Portugal,Aveiro,1,32,2,29,Good
Mauritania,Bababe,1,24,0,224,Very Unhealthy
Cameroon,Bafut,3,12,1,100,Unhealthy for Sensitive Groups
United States of America,Carol Stream,2,32,9,52,Moderate
France,Carquefou,1,29,3,15,Good
Italy,Cerea,2,29,10,67,Moderate
Italy,Cerro Maggiore,1,33,6,75,Moderate
United Republic of Tanzania,Chalinze,0,16,0,22,Good
United States of America,Brownsburg,1,33,9,54,Moderate
Netherlands,Bunschoten,1,30,2,16,Good
Viet Nam,Buon Me Thuot,1,26,0,46,Good
Poland,Busko Zdroj,1,35,2,80,Moderate
Brazil,Cabrobo,0,15,0,13,Good
Brazil,Cafelandia,1,11,1,48,Good
United States of America,Richmond Heights,1,36,3,57,Moderate
United States of America,Rio Linda,1,26,7,50,Good
Russian Federation,Plavsk,0,40,0,20,Good
United States of America,Poplar Bluff,1,51,1,94,Moderate
Croatia,Porec,1,54,0,79,Moderate
Italy,Pozzuoli,1,70,0,53,Moderate
Switzerland,Prilly,1,42,0,52,Moderate
India,Pudukkottai,2,28,5,102,Unhealthy for Sensitive Groups
Italy,Pulsano,1,58,0,50,Moderate
Belgium,Putte,1,37,1,51,Moderate
Nicaragua,Quilali,1,19,0,30,Good
Germany,Raesfeld,1,39,1,47,Good
Ukraine,Rakhiv,1,39,0,54,Moderate
Nigeria,Otukpo,2,36,0,64,Moderate
United States of America,Pacifica,1,34,2,52,Moderate
Philippines,Parang,1,18,2,50,Good
Germany,Peine,1,45,0,32,Good
Ukraine,Shchors,1,40,0,14,Good
Russian Federation,Shilka,8,47,1,135,Unhealthy for Sensitive Groups
Japan,Shobu,1,22,18,75,Moderate
Lao People's Democratic Republic,Si Chiang Mai,2,9,4,75,Moderate
Brazil,Sidrolandia,1,14,0,41,Good
India,Sikar,2,32,6,242,Very Unhealthy
India,Sindhnur,1,32,3,83,Moderate
Switzerland,Aesch,2,21,4,59,Moderate
Azerbaijan,Agsu,1,35,0,51,Moderate
India,Ajra,0,22,0,70,Moderate
Nigeria,Akure,2,24,1,76,Moderate
Iran (Islamic Republic of),Alashtar,1,51,0,60,Moderate
United Kingdom of Great Britain and Northern Ireland,Grays,0,33,0,26,Good
United States of America,Greensburg,1,46,1,47,Good
Russian Federation,Gremyachinsk,1,40,0,42,Good
Germany,Grimma,1,47,0,54,Moderate
Venezuela (Bolivarian Republic of),Guigue,1,26,0,56,Moderate
India,Haflong,3,3,6,85,Moderate
Hungary,Hajduszoboszlo,1,49,0,58,Moderate
Denmark,Hjorring,1,45,0,12,Good
Germany,Horstel,1,40,0,36,Good
Germany,Hovelhof,1,43,0,51,Moderate
China,Huicheng,2,13,13,88,Moderate
Finland,Hyvinkaa,1,36,1,6,Good
United Republic of Tanzania,Iguguno,0,19,0,13,Good
Nigeria,Ijero,2,37,0,78,Moderate
Brazil,Ijui,0,19,0,17,Good
United States of America,Iowa City,1,35,2,60,Moderate
India,Irinjalakuda,1,22,3,74,Moderate
Egypt,Ismailia,1,139,1,67,Unhealthy for Sensitive Groups
Zambia,Isoka,0,24,0,23,Good
Brazil,Itatinga,1,21,1,67,Moderate
Brazil,Itirucu,0,22,0,19,Good
Brazil,Jaragua Do Sul,1,13,3,62,Moderate
Djibouti,Jibuti,1,38,0,106,Unhealthy for Sensitive Groups
Saudi Arabia,Jizan,3,120,4,172,Unhealthy
India,Kadiri,1,26,4,69,Moderate
Netherlands,Kapelle,1,37,1,28,Good
India,Karjat,5,18,10,166,Unhealthy
Uganda,Kasese,1,18,0,70,Moderate
Germany,Kaufungen,1,46,0,54,Moderate
India,Kanodar,1,34,0,182,Unhealthy
Japan,Kariya,2,50,3,56,Moderate
Japan,Kashiwara,1,43,3,52,Moderate
Ghana,Keta,1,24,1,55,Moderate
Benin,Ketou,3,12,2,70,Moderate
Sweden,Oxelosund,1,29,0,9,Good
Bangladesh,Pabna,1,40,1,71,Moderate
Italy,Paese,1,41,2,72,Moderate
Cuba,Palma Soriano,2,9,11,82,Moderate
United States of America,Pampa,1,32,1,50,Good
United States of America,Orland Park,2,19,16,69,Moderate
United States of America,Park Ridge,2,12,20,64,Moderate
Russian Federation,Petrovskaya,1,41,0,11,Good
United States of America,Schenectady,1,37,0,43,Good
Switzerland,Schlieren,1,52,0,58,Moderate
Italy,Segrate,1,66,0,87,Moderate
Malaysia,Sekudai,3,4,24,161,Unhealthy
Japan,Sendai,1,51,0,38,Moderate
India,Naregal,1,26,2,45,Good
Uzbekistan,Navoi,1,36,2,75,Moderate
Russian Federation,Nikolsko Arkhangelskiy,1,29,10,48,Good
India,Noamundi,2,40,2,129,Unhealthy for Sensitive Groups
United States of America,North Andover,1,38,1,40,Good
Italy,Noto,1,47,1,67,Moderate
Togo,Notse,1,30,0,51,Moderate
Brazil,Novo Oriente,0,20,0,18,Good
Ukraine,Novoukrayinka,1,48,0,34,Good
Tajikistan,Obigarm,1,26,0,136,Unhealthy for Sensitive Groups
United States of America,Ocala,1,66,1,23,Moderate
United States of America,Okmulgee,1,47,1,56,Moderate
Germany,Wernigerode,1,44,0,43,Good
Germany,Westerkappeln,1,42,0,36,Good
United States of America,White Plains,1,39,4,53,Moderate
Thailand,Wiang Sa,2,4,3,82,Moderate
United States of America,Windham,1,47,3,55,Moderate
Germany,Wurzen,1,47,0,52,Moderate
China,Xinan,6,61,16,153,Unhealthy
Germany,Viernheim,1,60,0,64,Moderate
United States of America,Villa Rica,1,45,4,32,Good
Dominican Republic,Villa Vazquez,1,59,0,102,Unhealthy for Sensitive Groups
Russian Federation,Vrangel,2,44,1,78,Moderate
France,Sarreguemines,1,32,3,44,Good
Germany,Schiffdorf,0,34,0,14,Good
India,Shantipur,5,144,3,165,Unhealthy
Japan,Shinichi,1,29,4,28,Good
United States of America,Shorewood,1,29,9,48,Good
United Republic of Tanzania,Singida,0,19,0,8,Good
India,Sirur,0,26,0,97,Moderate
India,Sitamau,1,35,0,185,Unhealthy
Russian Federation,Siverskiy,1,39,1,28,Good
United States of America,Slidell,1,25,4,86,Moderate
Brazil,Santo Anastacio,1,14,1,42,Good
Colombia,Santuario,3,4,7,88,Moderate
Brazil,Sao Jose De Mipibu,0,20,1,24,Good
United Kingdom of Great Britain and Northern Ireland,Rotherham,1,13,10,53,Moderate
Iran (Islamic Republic of),Rudbar,1,41,0,74,Moderate
Russian Federation,Salsk,1,38,0,11,Good
United States of America,Secaucus,3,11,30,115,Unhealthy for Sensitive Groups
United States of America,Olivehurst,1,33,6,48,Good
Iran (Islamic Republic of),Orumiyeh,1,39,0,77,Moderate
Brazil,Ourinhos,1,9,1,54,Moderate
United States of America,Pahrump,1,43,2,42,Good
Slovenia,Maribor,1,57,0,64,Moderate
Brazil,Matao,1,23,1,64,Moderate
Cuba,Mayari,1,51,1,101,Unhealthy for Sensitive Groups
Australia,Melton,1,2,18,57,Moderate
China,Mentougou,4,32,23,156,Unhealthy
United Kingdom of Great Britain and Northern Ireland,Merthyr Tydfil,1,30,1,39,Good
Cameroon,Mfou,1,20,0,42,Good
Spain,Mijas,1,42,0,27,Good
China,Mingyue,2,31,2,93,Moderate
Japan,Mishima,1,35,5,71,Moderate
Japan,Mitake,2,9,14,94,Moderate
South Africa,Mmabatho,2,34,1,72,Moderate
India,Mohanur,1,24,3,78,Moderate
India,Mokama,4,50,5,152,Unhealthy
India,Mul,2,106,1,167,Unhealthy
Tunisia,Nabul,1,77,1,43,Moderate
India,Nagamangala,1,16,4,62,Moderate
Germany,Nagold,1,54,0,63,Moderate
Kenya,Nairobi,2,15,2,107,Unhealthy for Sensitive Groups
China,Nanlong,16,4,47,257,Very Unhealthy
India,Narsipatnam,3,38,3,92,Moderate
Brazil,Navegantes,1,20,1,46,Good
Russian Federation,Navoloki,1,36,0,13,Good
Belgium,Nazareth,1,37,1,46,Good
Turkey,Nigde,0,41,0,30,Good
United States of America,North Olmsted,1,37,2,52,Moderate
United Kingdom of Great Britain and Northern Ireland,Northampton,1,29,1,34,Good
Russian Federation,Ob,1,9,15,66,Moderate
Japan,Ofunato,1,24,3,48,Good
United Republic of Tanzania,Old Shinyanga,0,19,0,24,Good
Spain,Reus,1,40,0,47,Good
Cameroon,Rey Bouba,1,20,0,63,Moderate
Italy,Riccione,1,66,0,75,Moderate
Serbia,Ripanj,1,64,0,64,Moderate
Poland,Piastow,1,40,0,30,Good
China,Pingdingshan,5,54,21,157,Unhealthy
Brazil,Pitangui,1,25,0,41,Good
United States of America,Point Pleasant,1,47,1,48,Good
Slovakia,Puchov,1,47,0,74,Moderate
China,Pumiao,4,29,11,120,Unhealthy for Sensitive Groups
China,Qingan,3,53,2,114,Unhealthy for Sensitive Groups
India,Rabkavi,2,29,5,123,Unhealthy for Sensitive Groups
Spain,Onda,1,39,0,21,Good
Canada,Orillia,1,23,0,35,Good
India,Panchgani,2,23,4,116,Unhealthy for Sensitive Groups
Mexico,Papantla,2,16,4,96,Moderate
Indonesia,Pasarkemis,11,10,49,249,Very Unhealthy
Romania,Pascani,1,46,0,58,Moderate
Philippines,Pasil,1,16,4,42,Good
Russian Federation,Pervomayskiy,1,40,0,22,Good
Russian Federation,Pervouralsk,1,40,0,12,Good
Albania,Peshkopi,1,39,0,115,Unhealthy for Sensitive Groups
Honduras,Puerto Cortes,1,18,0,58,Moderate
Chile,Puerto Montt,1,20,2,25,Good
Brazil,Quarai,0,17,0,5,Good
India,Rath,1,48,0,227,Very Unhealthy
Pakistan,Rawalpindi,2,129,1,92,Unhealthy for Sensitive Groups
France,Rive De Gier,1,21,4,39,Good
United States of America,River Grove,2,28,16,61,Moderate
Russian Federation,Rostov Na Donu,1,38,2,15,Good
Spain,Rute,1,21,3,28,Good
Russian Federation,Rybinsk,1,29,1,34,Good
Portugal,Sacavem,0,33,3,33,Good
India,Safipur,2,136,1,183,Unhealthy
United Kingdom of Great Britain and Northern Ireland,Saint Austell,1,32,1,30,Good
Germany,Salzhemmendorf,0,33,1,39,Good
Germany,Schoneiche,0,32,1,39,Good
Italy,Sciacca,1,48,1,24,Good
India,Shahganj,3,155,1,181,Unhealthy
Cameroon,Mutengene,4,9,2,107,Unhealthy for Sensitive Groups
Japan,Namioka,1,38,0,18,Good
Nicaragua,Nandaime,1,16,2,53,Moderate
Germany,Nauen,0,29,1,31,Good
Colombia,Necocli,1,19,0,18,Good
South Africa,Nelspruit,13,3,7,237,Very Unhealthy
United States of America,New Berlin,3,14,18,69,Moderate
Thailand,Non Sang,0,25,0,50,Good
United States of America,North Babylon,1,25,14,56,Moderate
United States of America,North Branford,1,28,9,53,Moderate
Ukraine,Nosivka,1,32,0,52,Moderate
Russian Federation,Novosibirsk,1,42,1,36,Good
Mexico,Nuevo Mexico,2,3,9,74,Moderate
Germany,Numbrecht,0,24,3,35,Good
United Republic of Tanzania,Nyanguge,0,14,0,21,Good
India,Lakhisarai,2,112,1,187,Unhealthy
Spain,Laviana,0,31,2,29,Good
Germany,Lich,0,29,1,30,Good
Denmark,Lillerod,0,33,1,32,Good
Ukraine,Lokhvytsya,1,33,0,39,Good
Bulgaria,Lom,2,20,5,71,Moderate
China,Longyan,2,45,3,69,Moderate
Cameroon,Loum,5,13,1,124,Unhealthy for Sensitive Groups
Democratic Republic of the Congo,Lusambo,11,16,7,200,Unhealthy
India,Madanpur,4,99,4,217,Very Unhealthy
India,Madhyamgram,4,96,4,205,Very Unhealthy
Colombia,Madrid,3,7,11,96,Moderate
Madagascar,Mananjary,0,24,0,11,Good
India,Mandsaur,1,39,0,166,Unhealthy
Madagascar,Manjakandriana,0,22,0,18,Good
Brazil,Marau,0,20,0,13,Good
United States of America,Sweetwater,1,8,17,70,Moderate
Hungary,Szekszard,1,30,2,75,Moderate
Hungary,Szolnok,1,34,1,65,Moderate
Côte d'Ivoire,Tabou,0,23,0,40,Good
Russian Federation,Taksimo,1,38,0,28,Good
India,Talbahat,1,42,0,164,Unhealthy
Japan,Tanuma,1,50,0,18,Good
India,Tarakeswar,3,96,3,199,Unhealthy
Australia,Taree,0,22,0,32,Good
Pakistan,Taunsa,3,187,3,190,Unhealthy
Italy,Terracina,1,47,1,33,Good
South Africa,Thabazimbi,5,10,4,84,Moderate
Nepal,Tikapur,3,148,0,154,Unhealthy
Algeria,Timizart,3,28,18,91,Moderate
Sweden,Timra,1,30,0,7,Good
India,Tirukkattuppalli,1,31,0,64,Moderate
India,Tiruvottiyur,2,25,3,107,Unhealthy for Sensitive Groups
Spain,Tomino,1,29,1,38,Good
South Sudan,Maridi,1,6,0,48,Good
Italy,Massa,1,43,1,16,Good
United States of America,Mastic,1,31,8,41,Good
Germany,Memmingen,1,26,3,51,Moderate
Hungary,Mezobereny,1,24,2,74,Moderate
United States of America,Miami Shores,1,13,12,56,Moderate
United Republic of Tanzania,Misasi,1,13,0,35,Good
United Republic of Tanzania,Mlalo,0,21,0,34,Good
Colombia,Mocoa,1,6,1,19,Good
Italy,Mondragone,1,48,1,41,Good
Germany,Morbach,0,29,1,25,Good
India,Khatauli,2,140,3,442,Hazardous
India,Kheri,4,205,3,255,Very Unhealthy
India,Kiraoli,1,38,1,264,Very Unhealthy
Iraq,Kirkuk,1,69,1,137,Unhealthy for Sensitive Groups
Japan,Komagane,1,47,0,10,Good
Russian Federation,Kosaya Gora,1,36,1,39,Good
Russian Federation,Kotlas,1,28,0,18,Good
Malaysia,Kuah,2,58,0,104,Unhealthy for Sensitive Groups
Austria,Kufstein,1,31,1,15,Good
India,Kutiyana,0,30,0,149,Unhealthy for Sensitive Groups
United States of America,Lafayette,1,20,8,81,Moderate
Italy,San Miniato,1,39,2,35,Good
Italy,Santa Margherita Ligure,1,37,2,51,Moderate
Brazil,Santa Maria Da Boa Vista,0,12,0,20,Good
Guatemala,Santiago Atitlan,4,4,14,106,Unhealthy for Sensitive Groups
Brazil,Sao Jose Da Laje,1,12,3,48,Good
China,Shaoxing,2,109,3,93,Unhealthy for Sensitive Groups
Ukraine,Shcholkine,1,46,0,30,Good
Spain,Sabadell,1,32,5,50,Good
France,Saint Leu La Foret,1,20,5,50,Good
France,Saint Pierre,1,28,0,51,Moderate
Uzbekistan,Salar,1,81,3,150,Unhealthy
Turkey,Sungurlu,1,42,0,32,Good
Brazil,Tabatinga,1,2,0,21,Good
China,Taixing,3,138,7,140,Unhealthy for Sensitive Groups
Japan,Takayama,1,45,0,24,Good
India,Shirdi,1,32,0,143,Unhealthy for Sensitive Groups
India,Shorapur,0,26,0,94,Moderate
India,Shrirangapattana,1,24,0,53,Moderate
India,Siddipet,1,35,0,129,Unhealthy for Sensitive Groups
Canada,Simcoe,1,35,4,33,Good
China,Sishui,2,126,2,100,Unhealthy for Sensitive Groups
Ukraine,Snyatyn,1,40,1,68,Moderate
Indonesia,Sorong,0,15,0,12,Good
Russian Federation,Staroshcherbinovskaya,1,41,2,18,Good
Austria,Steyr,1,28,1,30,Good
Brazil,Sumare,2,5,9,84,Moderate
Japan,Hamakita,1,45,0,15,Good
India,Hassan,0,21,0,30,Good
Sweden,Hassleholm,0,38,0,29,Good
United States of America,Hastings,1,30,2,54,Moderate
China,Hebi,6,184,13,163,Unhealthy
India,Dehri,1,54,0,268,Hazardous
Burkina Faso,Diebougou,1,16,0,59,Moderate
Bangladesh,Dinajpur,2,107,1,222,Very Unhealthy
Thailand,Doembang Nangbuat,0,20,0,44,Good
France,Douchy Les Mines,1,24,2,37,Good
United States of America,Drexel Heights,1,11,11,55,Moderate
Lithuania,Druskininkai,1,36,0,52,Moderate
Kazakhstan,Dzhusaly,1,39,0,72,Moderate
Venezuela (Bolivarian Republic of),Ejido,1,10,2,39,Good
Mexico,Escarcega,2,15,2,101,Unhealthy for Sensitive Groups
Brazil,Estancia Velha,1,13,4,55,Moderate
Italy,Falconara Marittima,1,45,0,32,Good
United States of America,Fernley,1,34,3,26,Good
United States of America,Florida Ridge,1,16,8,48,Good
South Africa,Fort Beaufort,1,26,0,46,Good
United States of America,Pine Hills,1,17,11,51,Moderate
Colombia,Planeta Rica,1,13,3,55,Moderate
Russian Federation,Polyarnyy,1,29,0,8,Good
Poland,Pruszkow,1,35,1,31,Good
Bolivia (Plurinational State of),Puerto Suarez,0,16,0,23,Good
Spain,Fuengirola,1,26,5,36,Good
United States of America,Gainesville,1,22,4,68,Moderate
Bangladesh,Gazipur,3,43,3,69,Moderate
Germany,Gerstetten,1,31,2,61,Moderate
China,Yuxia,3,141,5,136,Unhealthy for Sensitive Groups
Japan,Yuzawa,1,35,0,15,Good
France,Yzeure,1,28,1,39,Good
China,Zalantun,1,34,0,22,Good
Russian Federation,Zernograd,1,37,0,29,Good
Ethiopia,Ziway,1,21,0,77,Moderate
United States of America,Wellesley,1,46,3,54,Moderate
United Kingdom,Weymouth,0,29,1,36,Good
Poland,Wieliczka,1,28,1,52,Moderate
United States of America,Winfield,1,28,2,62,Moderate
United Kingdom of Great Britain and Northern Ireland,Witham,0,28,3,24,Good
United States of America,Woodburn,1,15,10,37,Good
Germany,Wulfrath,1,33,2,29,Good
China,Yangzhou,3,133,9,150,Unhealthy
Morocco,Agadir,1,23,2,41,Good
Mexico,Ahualulco,2,1,6,66,Moderate
Spain,Aller,0,33,2,11,Good
Brazil,Amambai,1,12,0,14,Good
Spain,Amposta,1,35,1,27,Good
India,Anantapur,0,26,0,72,Moderate
Brazil,Araras,1,9,4,63,Moderate
Mexico,Arcelia,1,11,3,52,Moderate
Brazil,Areia,0,14,3,43,Good
United Republic of Tanzania,Arusha,1,10,0,41,Good
Philippines,Asia,1,13,0,120,Unhealthy for Sensitive Groups
Morocco,Asilah,1,28,8,52,Moderate
Iran (Islamic Republic of),Baft,0,44,0,88,Moderate
Japan,Hokota,1,38,1,21,Good
Austria,Hollabrunn,1,40,1,66,Moderate
Germany,Holzkirchen,1,36,2,68,Moderate
Ukraine,Horodok,1,39,1,103,Unhealthy for Sensitive Groups
Spain,Huelva,1,35,1,21,Good
Ukraine,Hulyaypole,1,39,0,8,Good
Brazil,Ibirataia,1,9,1,30,Good
United States of America,Idylwood,1,26,11,50,Good
Madagascar,Ihosy,0,21,0,7,Good
Brazil,Canoas,2,8,6,69,Moderate
France,Castres,1,35,1,31,Good
Honduras,Catacamas,1,13,1,29,Good
Argentina,Catamarca,0,22,0,4,Good
Colombia,Caucasia,1,9,1,40,Good
Italy,Cesena,1,34,4,35,Good
United States of America,Clayton,2,10,20,88,Moderate
Mexico,Cuautla,4,0,14,154,Unhealthy
India,Cuddapah,0,26,0,85,Moderate
Peru,Cusco,1,2,2,29,Good
United States of America,Vincennes,1,43,5,43,Good
Russian Federation,Vladivostok,1,35,2,56,Moderate
Russian Federation,Volosovo,1,44,1,62,Moderate
Russian Federation,Vychegodskiy,1,26,0,35,Good
Netherlands,Wageningen,0,33,1,36,Good
Bolivia (Plurinational State of),Warnes,1,5,0,14,Good
South Sudan,Waw,2,7,0,24,Good
Germany,Wehr,1,25,3,94,Moderate
Canada,Williams Lake,1,34,0,5,Good
Germany,Wittenberge,0,33,1,34,Good
United States of America,Wolcott,1,21,12,44,Good
United Kingdom,Worthing,0,36,2,54,Moderate
China,Xinyang,3,150,2,96,Unhealthy
China,Xucheng,1,31,1,47,Good
Russian Federation,Yandyrka,1,37,1,39,Good
Russian Federation,Yessentukskaya,1,39,1,45,Good
China,Yuci,2,136,2,81,Unhealthy for Sensitive Groups
China,Zhangdian,5,207,6,156,Very Unhealthy
China,Zhengjiatun,2,120,1,81,Unhealthy for Sensitive Groups
Colombia,Zipaquira,2,2,7,84,Moderate
France,Taverny,1,21,5,59,Moderate
India,Teghra,4,127,1,159,Unhealthy
Ghana,Teshie,2,20,1,69,Moderate
Nicaragua,Tipitapa,1,15,3,31,Good
Hungary,Tiszavasvari,1,35,2,68,Moderate
Germany,Titisee Neustadt,1,27,3,79,Moderate
Sweden,Tranas,0,31,0,30,Good
Germany,Traunreut,1,37,1,69,Moderate
Canada,Truro,1,15,3,41,Good
Bosnia and Herzegovina,Tuzla,1,34,0,62,Moderate
Germany,Uetze,0,33,1,36,Good
Germany,Uhingen,1,29,2,63,Moderate
Cuba,Union De Reyes,1,22,2,52,Moderate
India,Uran,1,25,1,139,Unhealthy for Sensitive Groups
Spain,Utrera,1,23,4,31,Good
United States of America,Vancouver,1,20,10,49,Good
South Africa,Vanderbijlpark,15,8,20,275,Very Unhealthy
Netherlands,Vianen,0,34,1,34,Good
Philippines,Victorias,1,19,0,60,Moderate
South Africa,Sasolburg,7,8,19,181,Unhealthy
Switzerland,Schaffhausen,2,21,6,47,Good
Russian Federation,Shagonar,1,42,0,28,Good
India,Shahabad,0,24,0,73,Moderate
Ukraine,Shepetivka,1,36,1,28,Good
Afghanistan,Shibarghan,1,43,0,95,Moderate
Poland,Siemianowice Slaskie,1,42,2,80,Moderate
Dominican Republic,Sanchez,3,5,15,95,Moderate
Brazil,Sao Miguel Do Guama,1,11,0,39,Good
United States of America,Somersworth,2,20,8,57,Moderate
Italy,Sommacampagna,2,28,8,66,Moderate
Germany,Starnberg,1,36,4,52,Moderate
Czechia,Strakonice,1,43,2,55,Moderate
Indonesia,Sumedang,1,37,0,67,Moderate
United States of America,Chanhassen,1,32,5,54,Moderate
China,Chaohu,4,98,6,153,Unhealthy
United States of America,Charleston,3,10,22,78,Moderate
Belgium,Chaumont Gistoux,1,28,6,64,Moderate
Russian Federation,Chulym,1,43,0,23,Good
France,Clichy Sous Bois,2,28,5,70,Moderate
Italy,Comiso,1,40,1,54,Moderate
Cuba,Corralillo,1,25,0,106,Unhealthy for Sensitive Groups
India,Abu Road,1,31,0,164,Unhealthy
Spain,Alcala De Guadaira,0,29,1,15,Good
Portugal,Aldeia De Paio Pires,1,32,4,28,Good
United States of America,Aliquippa,2,19,23,86,Moderate
Kazakhstan,Almaty,1,46,1,83,Moderate
Australia,Darwin,2,58,1,102,Unhealthy for Sensitive Groups
Pakistan,Darya Khan,3,149,0,173,Unhealthy
United Kingdom of Great Britain and Northern Ireland,Dewsbury,1,33,3,16,Good
India,Diphu,2,29,0,48,Good
Ethiopia,Dodola,1,18,0,46,Good
United Kingdom of Great Britain and Northern Ireland,Prescot,1,34,4,21,Good
Mexico,Puente De Ixtla,3,13,18,165,Unhealthy
Israel,Qiryat Motzkin,2,46,6,82,Moderate
France,Pirae,0,22,0,6,Good
Brazil,Porto Ferreira,1,4,2,50,Good
Italy,Portomaggiore,1,47,1,65,Moderate
Sweden,Ronneby,1,34,1,26,Good
Brazil,Rubiataba,1,7,1,42,Good
United States of America,Saint Peters,2,21,13,59,Moderate
France,Saint Maur Des Fosses,2,27,6,71,Moderate
Colombia,Sampues,1,16,2,60,Moderate
Italy,San Nicola,1,44,1,63,Moderate
Italy,San Vito Dei Normanni,1,48,1,33,Good
Brazil,Sao Goncalo Dos Campos,1,4,6,68,Moderate
India,Razole,2,47,1,93,Moderate
United States of America,Ridgefield,2,18,19,74,Moderate
Denmark,Ronne,1,28,1,30,Good
Germany,Olsberg,1,44,0,53,Moderate
Brazil,Osasco,2,31,6,132,Unhealthy for Sensitive Groups
Finland,Oulu,1,34,0,3,Good
Brazil,Palmeiras De Goias,1,27,0,33,Good
United States of America,Paterson,1,45,2,52,Moderate
United States of America,Pennsauken,1,48,1,40,Good
India,Shrirampur,10,9,23,225,Very Unhealthy
China,Shuangyashan,3,30,10,135,Unhealthy for Sensitive Groups
Sweden,Skoghall,1,39,0,11,Good
Russian Federation,Narva,1,35,0,6,Good
India,Narwana,4,57,9,165,Unhealthy
Bahamas,Nassau,0,32,0,7,Good
Russian Federation,Nevinnomyssk,1,48,1,33,Good
Russian Federation,Nikolskoye,1,29,0,10,Good
United States of America,North Richland Hills,2,33,5,69,Moderate
Russian Federation,Novosergiyevka,1,37,0,29,Good
United States of America,Oakley,1,32,5,50,Good
Germany,Oberhaching,1,64,0,67,Moderate
Argentina,Olavarria,0,21,0,23,Good
India,Kanor,1,35,0,163,Unhealthy
India,Kanpur,4,161,1,173,Unhealthy
Pakistan,Kashmor,1,50,1,175,Unhealthy
Poland,Katowice,1,36,4,80,Moderate
Spain,Dos Hermanas,0,28,1,14,Good
United Kingdom of Great Britain and Northern Ireland,Droitwich,1,31,4,24,Good
Russian Federation,Dugulubgey,1,44,1,46,Good
United States of America,Dunmore,2,30,6,64,Moderate
United States of America,Elmhurst,2,14,19,67,Moderate
United States of America,Emmaus,2,23,13,57,Moderate
United States of America,Fort Stewart,3,20,12,132,Unhealthy for Sensitive Groups
United States of America,Gallatin,2,18,18,72,Moderate
China,Gannan,2,49,0,32,Good
India,Gannavaram,2,56,1,94,Moderate
Germany,Garching,1,38,3,68,Moderate
Germany,Gescher,1,15,10,55,Moderate
United States of America,Englewood,2,3,12,72,Moderate
United States of America,Erie,3,4,17,80,Moderate
Turkey,Erzincan,0,34,0,55,Moderate
India,Etawah,4,171,1,170,Unhealthy
Portugal,Figueira Da Foz,1,36,1,22,Good
Australia,Flinders,0,15,0,10,Good
Italy,Fondi,1,39,2,64,Moderate
Brazil,Goianapolis,2,3,6,75,Moderate
Turkey,Gonen,1,37,0,52,Moderate
Cuba,Guisa,2,15,5,79,Moderate
China,Hailar,1,39,0,30,Good
India,Hanumangarh,3,163,0,158,Unhealthy
Germany,Heide,1,29,4,50,Good
Germany,Hof,1,31,3,60,Moderate
Slovakia,Holic,1,39,1,73,Moderate
Nigeria,Ibadan,2,21,2,79,Moderate
Spain,Igualada,1,33,2,45,Good
Japan,Ikoma,1,31,3,25,Good
Madagascar,Ikongo,1,21,0,25,Good
Brazil,Jatai,1,4,0,25,Good
Uganda,Kabale,3,20,1,82,Moderate
Sierra Leone,Kambia,2,18,1,77,Moderate
United States of America,Dania Beach,1,35,1,30,Good
United States of America,Drexel Hill,1,42,2,45,Good
Croatia,Dubrovnik,1,45,0,66,Moderate
Pakistan,Dullewala,3,107,3,181,Unhealthy
United Kingdom of Great Britain and Northern Ireland,Dunstable,1,30,1,32,Good
United States of America,East Millcreek,1,38,3,48,Good
United States of America,East Norriton,1,48,1,41,Good
United States of America,East Palo Alto,1,32,3,50,Good
United States of America,East Wenatchee Bench,1,28,1,28,Good
Turkey,Elmadag,1,44,0,32,Good
Mexico,Taxco,1,35,1,96,Moderate
Mexico,Tepeji,1,33,2,157,Unhealthy
India,Tiruvalla,2,18,4,86,Moderate
Japan,Tonosho,1,29,6,62,Moderate
Canada,Toronto,1,25,3,38,Good
Italy,Trani,1,57,0,49,Moderate
United Kingdom,Troon,1,37,0,38,Good
United States of America,Troutdale,2,19,8,55,Moderate
United States of America,Tupelo,1,42,2,63,Moderate
Poland,Turek,1,42,0,35,Good
India,Uklana Mandi,4,76,8,165,Unhealthy
Turkey,Unye,1,34,0,33,Good
Chile,Vallenar,0,17,1,14,Good
India,Vedasandur,2,14,7,100,Unhealthy for Sensitive Groups
Republic of North Macedonia,Veles,1,45,0,72,Moderate
Germany,Soltau,1,43,0,26,Good
United States of America,South Hadley,1,42,1,48,Good
Netherlands,Staphorst,0,37,0,28,Good
Kazakhstan,Stepnogorsk,1,27,0,24,Good
United States of America,Streator,1,40,1,57,Moderate
Germany,Sulzbach,1,55,0,64,Moderate
India,Sundargarh,3,63,2,156,Unhealthy
Russian Federation,Sunzha,1,39,1,40,Good
Serbia,Surcin,1,65,0,66,Moderate
Thailand,Suwannaphum,2,15,5,99,Moderate
Russian Federation,Svetlyy,1,35,0,21,Good
Poland,Szydlowiec,1,44,0,40,Good
Russian Federation,Taganrog,1,42,1,17,Good
Venezuela (Bolivarian Republic of),Tariba,1,19,0,53,Moderate
Germany,Taufkirchen,1,64,0,68,Moderate
United States of America,University Park,1,74,2,24,Moderate
Mexico,Valle Hermoso,1,30,0,35,Good
Switzerland,Vevey,1,41,0,54,Moderate
Côte d'Ivoire,Ndouci,1,17,0,40,Good
Bangladesh,Netrakona,1,42,0,60,Moderate
India,Murliganj,2,46,1,66,Moderate
United Republic of Tanzania,Nachingwea,0,20,0,41,Good
China,Nanpiao,2,71,1,65,Moderate
Poland,Nowa Ruda,1,39,1,74,Moderate
Mexico,Mineral Del Monte,1,15,4,119,Unhealthy for Sensitive Groups
Italy,Misterbianco,1,45,1,56,Moderate
Brazil,Monte Siao,1,7,2,41,Good
United States of America,Montgomery,3,11,12,65,Moderate
Indonesia,Metro,1,39,0,63,Moderate
Poland,Gliwice,1,44,1,61,Moderate
Denmark,Grenaa,1,47,0,12,Good
Italy,Grottaglie,1,65,0,64,Moderate
Russian Federation,Gulkevichi,1,48,0,23,Good
Russian Federation,Gvardeysk,1,35,0,21,Good
United States of America,Hartselle,1,52,1,49,Moderate
Japan,Hashimoto,1,27,6,63,Moderate
Netherlands,Hengelo,1,38,0,32,Good
Netherlands,Hilvarenbeek,1,39,1,44,Good
Tajikistan,Hisor,1,26,1,144,Unhealthy for Sensitive Groups
Germany,Hosbach,1,57,0,61,Moderate
China,Hulan Ergi,4,33,9,113,Unhealthy for Sensitive Groups
Israel,Iksal,1,46,3,51,Moderate
Italy,Ispica,1,47,1,52,Moderate
Brazil,Itauna,1,24,0,38,Good
Ukraine,Izmayil,1,43,0,51,Moderate
Brazil,Jau,1,26,0,58,Moderate
France,Joinville Le Pont,1,45,1,71,Moderate
Guatemala,Joyabaj,1,24,0,46,Good
Malaysia,Juru,3,27,9,150,Unhealthy
United States of America,Keene,1,36,0,33,Good
Indonesia,Kertosono,5,10,15,169,Unhealthy
Turkey,Keskin,1,45,0,31,Good
France,Lingolsheim,2,29,4,52,Moderate
Germany,Linnich,1,31,3,50,Good
Greece,Loutrakion,1,44,0,62,Moderate
United States of America,Lunenburg,2,13,14,68,Moderate
Thailand,Mae Chan,0,25,0,32,Good
Sri Lanka,Maharagama,0,22,0,67,Moderate
United Kingdom of Great Britain and Northern Ireland,Maidenhead,1,23,5,27,Good
United Republic of Tanzania,Makuyuni,0,16,0,23,Good
Lithuania,Marijampole,1,26,1,26,Good
Germany,Marktheidenfeld,1,36,3,62,Moderate
Democratic Republic of the Congo,Mbuji Mayi,15,43,9,270,Very Unhealthy
Italy,Melfi,1,43,2,50,Good
United States of America,Melvindale,1,33,5,34,Good
Switzerland,Langenthal,1,21,3,52,Moderate
China,Lanxi,3,145,1,103,Unhealthy for Sensitive Groups
Italy,Lavello,1,44,2,52,Moderate
Spain,Lena,1,37,2,23,Good
Nigeria,Lere,2,20,1,63,Moderate
France,Les Abymes,1,25,0,119,Unhealthy for Sensitive Groups
United States of America,Liberty,1,33,5,55,Moderate
South Africa,Kirkwood,2,13,3,83,Moderate
Poland,Kolobrzeg,1,35,0,34,Good
India,Kondagaon,1,29,0,76,Moderate
Serbia,Kragujevac,1,38,0,57,Moderate
Germany,Kreuzau,1,31,3,55,Moderate
India,Krishnanagar,4,147,2,161,Unhealthy
Czechia,Krupka,1,37,2,74,Moderate
India,Kudchi,0,22,0,58,Moderate
India,Kushalgarh,1,38,0,171,Unhealthy
Italy,La Maddalena,1,30,3,39,Good
Brazil,Lagoa Da Prata,1,4,4,50,Good
United States of America,North Platte,1,28,2,58,Moderate
Myanmar,Nyaunglebin,0,22,0,46,Good
Turkmenistan,Murgab,1,45,0,103,Unhealthy for Sensitive Groups
United Republic of Tanzania,Namalenga,2,18,1,68,Moderate
India,Nandgaon,0,27,0,123,Unhealthy for Sensitive Groups
India,Navapur,0,26,0,157,Unhealthy
United States of America,Newburyport,2,22,10,56,Moderate
United Kingdom of Great Britain and Northern Ireland,Newry,1,30,1,15,Good
United States of America,Niagara Falls,1,28,5,42,Good
United Republic of Tanzania,Mhango,1,17,0,19,Good
Mali,Mopti,1,17,1,96,Moderate
Germany,Saarwellingen,1,54,0,65,Moderate
France,Saint Laurent Du Var,1,58,1,44,Moderate
India,Machhiwara,6,20,23,171,Unhealthy
Italy,Maddaloni,1,69,0,56,Moderate
Peru,Mala,1,19,1,44,Good
Equatorial Guinea,Malabo,1,22,0,32,Good
India,Malpe,1,20,1,61,Moderate
India,Mankachar,3,26,5,84,Moderate
Brazil,Conchal,1,24,1,62,Moderate
United States of America,Corona,3,20,19,93,Moderate
United States of America,Corpus Christi,0,27,0,40,Good
Australia,Cranbourne,1,7,17,50,Good
Brazil,Cunha,1,23,0,38,Good
Brazil,Currais Novos,0,24,0,19,Good
France,Ploufragan,1,37,2,48,Good
Indonesia,Porong,3,11,9,166,Unhealthy
United States of America,Prattville,2,50,4,47,Good
Russian Federation,Primorsko Akhtarsk,1,43,0,9,Good
Afghanistan,Qarqin,1,49,0,65,Moderate
Argentina,Rafaela,0,24,0,9,Good
Italy,San Severino Marche,1,50,0,71,Moderate
Argentina,Santiago Del Estero,0,15,0,20,Good
Portugal,Santo Antonio Da Charneca,1,40,1,21,Good
Peru,Saposoa,1,6,0,39,Good
Russian Federation,Chelyabinsk,1,33,1,22,Good
Bangladesh,Chhagalnaiya,3,37,1,58,Moderate
United States of America,Christiansburg,2,33,5,59,Moderate
Chile,Copiapo,0,14,1,42,Good
United Kingdom of Great Britain and Northern Ireland,Cramlington,1,22,8,49,Good
Mexico,Cunduacan,8,7,11,179,Unhealthy
India,Curti,0,22,0,83,Moderate
Somalia,Afmadu,0,23,0,25,Good
Azerbaijan,Agdam,1,26,0,82,Moderate
India,Agra,6,40,13,183,Unhealthy
Cuba,Aguada De Pasajeros,1,35,0,29,Good
India,Ahmadpur,2,39,2,172,Unhealthy
United States of America,Algonquin,1,32,3,52,Moderate
Argentina,Alta Gracia,1,34,1,28,Good
Japan,Anjo,2,24,12,95,Moderate
Turkey,Ankara,1,44,0,36,Good
India,Ankola,1,19,1,45,Good
Brazil,Aracruz,0,28,0,50,Good
Brazil,Areado,1,22,0,44,Good
Pakistan,Badin,1,25,1,96,Moderate
India,Badlapur,6,19,12,170,Unhealthy
Germany,Eschweiler,1,36,2,52,Moderate
Germany,Ettlingen,1,34,4,45,Good
United States of America,Eunice,1,19,3,70,Moderate
China,Ezhou,4,187,3,147,Unhealthy
Germany,Damme,0,34,1,16,Good
Ghana,Foso,2,15,1,55,Moderate
India,Gadag,0,23,0,58,Moderate
India,Gangarampur,2,82,1,61,Moderate
United Kingdom of Great Britain and Northern Ireland,Gateshead,1,17,11,54,Moderate
Switzerland,Geneva,1,28,2,128,Unhealthy for Sensitive Groups
France,Ducos,1,26,0,139,Unhealthy for Sensitive Groups
India,Duliagaon,1,28,0,30,Good
South Africa,East London,2,18,3,54,Moderate
Cameroon,Ebolowa,2,28,0,70,Moderate
United States of America,Elfers,1,27,7,62,Moderate
Germany,Emden,0,33,0,15,Good
South Africa,Bethal,1,16,10,63,Moderate
Pakistan,Bhakkar,2,122,0,183,Unhealthy
Malaysia,Bintulu,1,12,0,51,Moderate
Austria,Bludenz,1,29,1,35,Good
United States of America,Blue Island,2,35,7,38,Good
Belgium,Bornem,1,28,4,40,Good
United States of America,Bourne,1,33,5,38,Good
India,Brahmapuri,1,33,2,163,Unhealthy
Germany,Braunfels,1,33,3,65,Moderate
Spain,Aspe,1,28,1,25,Good
France,Aubagne,1,25,13,145,Unhealthy for Sensitive Groups
Niger,Ayorou,1,20,1,87,Moderate
Germany,Bad Berleburg,1,34,2,53,Moderate
Pakistan,Badah,1,76,2,185,Unhealthy
India,Badgam,1,53,0,114,Unhealthy for Sensitive Groups
Gambia,Bakau,1,20,1,155,Unhealthy
Thailand,Bang Khla,1,24,1,57,Moderate
Brazil,Barreirinha,0,6,0,25,Good
Hungary,Budapest,1,37,2,81,Moderate
India,Budhgaon,0,23,0,63,Moderate
Serbia,Bujanovac,1,34,0,44,Good
Cuba,Cabaiguan,1,16,3,53,Moderate
Brazil,Cacapava,3,4,9,106,Unhealthy for Sensitive Groups
Republic of Moldova,Cahul,1,36,0,21,Good
Cuba,Calimete,1,18,2,50,Good
Brazil,Camboriu,3,10,6,96,Moderate
India,Chandannagar,5,117,6,173,Unhealthy
Central African Republic,Kembe,2,9,0,52,Moderate
Greece,Khania,1,48,0,60,Moderate
United States of America,Ensley,2,47,4,51,Moderate
Madagascar,Farafangana,1,19,0,42,Good
Iran (Islamic Republic of),Fereydunshahr,0,35,0,110,Unhealthy for Sensitive Groups
Germany,Feucht,1,51,0,64,Moderate
Italy,Fidenza,1,63,0,70,Moderate
India,Firozpur,3,111,4,165,Unhealthy
Spain,Fraga,1,38,0,37,Good
Germany,Frankenberg,1,47,0,55,Moderate
Mali,Gao,1,45,0,162,Unhealthy
Pakistan,Garh Maharaja,5,46,9,174,Unhealthy
Australia,Gawler,0,11,11,24,Good
Colombia,Marsella,2,16,3,95,Moderate
United States of America,Mason,1,46,1,41,Good
Ireland,Maynooth,1,41,0,38,Good
Italy,Melito Di Porto Salvo,1,43,0,94,Moderate
India,Merta,1,34,1,182,Unhealthy
United States of America,Mesquite,2,31,5,66,Moderate
Poland,Miedzyrzec Podlaski,1,41,0,24,Good
United States of America,Moss Point,1,44,2,48,Good
India,Mulbagal,2,21,5,83,Moderate
Mozambique,Nacala,0,29,0,46,Good
Russian Federation,Nakhodka,2,44,2,80,Moderate
India,Nandikotkur,2,45,3,109,Unhealthy for Sensitive Groups
United States of America,West Chicago,1,34,3,51,Moderate
United States of America,West Memphis,1,60,2,74,Moderate
Belgium,Willebroek,1,38,2,50,Good
Germany,Wolnzach,1,58,0,66,Moderate
China,Wufeng,8,1,22,167,Unhealthy
Germany,Wurzburg,1,53,0,62,Moderate
Poland,Wyszkow,1,40,0,21,Good
Spain,Villacarrillo,1,40,0,14,Good
Austria,Villach,1,39,0,64,Moderate
Russian Federation,Vorotynsk,1,39,0,20,Good
Slovakia,Vranov,1,51,0,66,Moderate
United States of America,Waco,1,27,2,35,Good
Germany,Warburg,1,44,0,53,Moderate
India,Haldaur,1,63,1,500,Hazardous
Turkey,Hendek,1,35,0,28,Good
Switzerland,Gland,1,28,1,33,Good
Russian Federation,Golitsyno,1,27,9,61,Moderate
France,Hoenheim,1,33,1,28,Good
India,Hole Narsipur,0,24,0,37,Good
Viet Nam,Hong Gai,4,41,3,156,Unhealthy
China,Huaiyin,5,193,5,155,Unhealthy
Mexico,Huilango,4,3,18,168,Unhealthy
United States of America,Huntersville,2,25,11,62,Moderate
India,Iglas,1,46,1,268,Very Unhealthy
Pakistan,Yazman,1,43,0,428,Hazardous
Finland,Ylivieska,1,39,0,15,Good
Uganda,Yumbe,1,17,0,45,Good
Belgium,Zele,1,27,3,36,Good
Germany,Zerbst,1,38,0,27,Good
Russian Federation,Zlatoust,1,33,0,33,Good
Indonesia,Ungaran,1,42,1,76,Moderate
Germany,Usingen,1,33,3,33,Good
Brazil,Varzea Paulista,2,13,9,76,Moderate
Peru,Vice,0,23,0,33,Good
South Africa,Whittlesea,1,23,0,53,Moderate
United Kingdom of Great Britain and Northern Ireland,Wickford,0,29,3,23,Good
United States of America,Wildwood,1,30,10,49,Good
United States of America,Willingboro,1,45,4,62,Moderate
Brazil,Xaxim,1,11,1,26,Good
Netherlands,Vlagtwedde,1,30,3,28,Good
Russian Federation,Vorgashor,1,29,1,55,Moderate
Uganda,Wakiso,4,16,2,95,Moderate
United States of America,Waynesboro,2,22,6,65,Moderate
Italy,Frascati,1,48,2,29,Good
Georgia,Gali,1,34,0,20,Good
India,Ganganagar,1,42,0,424,Hazardous
Germany,Geeste,1,32,3,27,Good
France,Le Vesinet,1,19,4,48,Good
Portugal,Linda A Velha,0,30,2,45,Good
United States of America,Livermore,1,18,13,54,Moderate
Brazil,Loanda,0,17,1,16,Good
Thailand,Loei,0,22,0,44,Good
Pakistan,Khewra,2,154,1,204,Very Unhealthy
Russian Federation,Khilok,1,30,0,33,Good
South Africa,Komatipoort,3,14,2,89,Moderate
India,Kondapalle,1,42,0,147,Unhealthy for Sensitive Groups
Indonesia,Jetis,1,30,1,63,Moderate
United States of America,Joplin,1,26,4,71,Moderate
Cuba,Jovellanos,1,19,1,82,Moderate
Germany,Julich,1,32,2,33,Good
Thailand,Kabin Buri,0,31,0,58,Moderate
India,Kaimur,1,40,0,155,Unhealthy
Philippines,Damilag,1,23,1,52,Moderate
United States of America,Darien,2,8,29,81,Moderate
India,Dhekiajuli,2,44,1,89,Moderate
China,Dingzhou,5,197,6,159,Unhealthy
Republic of North Macedonia,Dolna Banjica,1,42,0,45,Good
United States of America,Dolton,2,10,29,81,Moderate
Czechia,Domazlice,0,29,1,23,Good
Canada,Kanata,1,34,0,15,Good
Sweden,Karlskrona,0,35,0,23,Good
Namibia,Keetmanshoop,0,18,0,123,Unhealthy for Sensitive Groups
United States of America,Kennebunk,1,41,3,45,Good
India,Khamgaon,1,40,0,149,Unhealthy for Sensitive Groups
China,Dongkan,6,209,3,175,Very Unhealthy
Netherlands,Doorn,1,29,4,38,Good
Switzerland,Dubendorf,1,29,1,32,Good
Bulgaria,Dupnica,1,42,1,58,Moderate
France,Eaubonne,1,20,5,51,Moderate
Republic of Moldova,Edinet,1,44,0,68,Moderate
Egypt,El Faiyum,2,84,4,91,Moderate
Germany,Ennigerloh,1,35,2,25,Good
Turkey,Eskil,1,43,0,52,Moderate
Guatemala,Esquipulas,3,3,6,68,Moderate
United States of America,Farmington Hills,1,29,6,49,Good
Senegal,Koungheul,1,19,1,140,Unhealthy for Sensitive Groups
India,Kovvur,1,48,0,152,Unhealthy
Togo,Kpalime,1,20,0,78,Moderate
Russian Federation,Krasnouralsk,1,25,0,20,Good
Germany,Kyritz,0,39,0,21,Good
Panama,La Chorrera,1,20,4,65,Moderate
Italy,La Spezia,1,41,1,59,Moderate
Cuba,Mariel,1,24,2,60,Moderate
United States of America,Markham,2,14,25,75,Moderate
Russian Federation,Maryanskaya,1,45,2,19,Good
Kazakhstan,Merke,1,32,0,90,Moderate
United States of America,Prospect Heights,3,6,30,83,Moderate
Japan,Sanda,1,39,3,31,Good
Brazil,Santa Barbara,3,2,6,91,Moderate
Spain,Santa Cruz De Tenerife,0,36,0,12,Good
Guatemala,Santa Lucia Cotzumalguapa,4,3,15,113,Unhealthy for Sensitive Groups
Brazil,Santana De Parnaiba,2,12,9,79,Moderate
Brazil,Santo Antonio Do Sudoeste,0,17,0,18,Good
Brazil,Sao Jose Do Rio Pardo,2,3,4,64,Moderate
Germany,Seelze,1,37,1,23,Good
Brazil,Miguel Pereira,5,10,18,154,Unhealthy
Japan,Miki,1,35,3,45,Good
Spain,Montilla,1,28,3,34,Good
India,Moradabad,1,69,1,500,Hazardous
Madagascar,Moramanga,0,21,0,10,Good
India,Shillong,2,42,0,101,Unhealthy for Sensitive Groups
Estonia,Sillamae,1,36,1,35,Good
Colombia,Soata,1,7,1,26,Good
United States of America,Southbridge,1,48,2,54,Moderate
South Africa,Soweto,36,10,22,185,Unhealthy
Switzerland,Spiez,0,32,0,20,Good
Russian Federation,Sredneuralsk,1,32,1,29,Good
Germany,Straubing,0,29,1,24,Good
Poland,Sulechow,1,30,1,32,Good
Kyrgyzstan,Suluktu,1,37,0,125,Unhealthy for Sensitive Groups
Germany,Rostock,0,37,0,20,Good
Finland,Salo,0,34,1,20,Good
Australia,Nerang,1,17,7,36,Good
Indonesia,Ngawi,1,40,0,73,Moderate
Ghana,Nkawkaw,1,19,0,79,Moderate
Brazil,Morro Da Fumaca,0,23,1,30,Good
India,Mundra,0,26,0,153,Unhealthy
Viet Nam,My Tho,1,37,1,69,Moderate
Japan,Nanae,1,36,0,7,Good
Rwanda,Nyanza,5,21,2,63,Moderate
United States of America,Oakland,1,24,9,52,Moderate
Japan,Otake,1,44,4,47,Good
India,Ratangarh,0,37,0,471,Hazardous
Germany,Rellingen,1,33,2,25,Good
Netherlands,Renkum,1,31,3,36,Good
Pakistan,Rojhan,1,55,0,188,Unhealthy
Germany,Telgte,1,35,2,25,Good
Mexico,Temixco,3,1,15,119,Unhealthy for Sensitive Groups
Italy,Termoli,1,51,0,34,Moderate
Russian Federation,Syktyvkar,1,30,0,10,Good
China,Tachia,2,77,8,81,Moderate
India,Taki,3,96,2,170,Unhealthy
Japan,Toyota,1,52,2,57,Moderate
United States of America,Tullahoma,1,19,6,39,Good
United States of America,Tustin Foothills,3,11,22,89,Moderate
Sweden,Uddevalla,0,37,1,18,Good
Hungary,Tiszafoldvar,1,32,1,37,Good
Madagascar,Toamasina,0,24,0,10,Good
Germany,Erlangen,1,35,2,44,Good
Mexico,Escuinapa,1,18,1,51,Moderate
Philippines,Estancia,1,23,0,51,Moderate
United States of America,Evanston,2,26,18,61,Moderate
Spain,Felanitx,1,66,1,28,Moderate
France,Forbach,1,27,3,52,Moderate
Romania,Focsani,1,36,1,50,Good
United Kingdom,Folkestone,0,36,1,50,Good
Germany,Hirschaid,1,34,2,46,Good
United States of America,Holiday,1,22,8,58,Moderate
Mongolia,Hovd,0,34,0,100,Unhealthy for Sensitive Groups
Germany,Hoxter,0,32,1,42,Good
Brazil,Igarassu,0,23,1,27,Good
Turkey,Igdir,1,38,0,59,Moderate
India,Adilabad,1,32,0,155,Unhealthy
France,Albert,1,22,4,51,Moderate
India,Allahabad,1,83,0,189,Unhealthy
Russian Federation,Angarsk,1,49,1,23,Good
Portugal,Angra,1,27,2,15,Good
Turkey,Antakya,1,42,0,49,Good
Mexico,Apatzingan,0,13,1,20,Good
Brazil,Araguatins,1,8,0,37,Good
Italy,Ariano Irpino,1,41,3,36,Good
Australia,Armidale,0,26,0,3,Good
Russian Federation,Atkarsk,1,36,0,35,Good
Mexico,Atlautla,5,1,20,243,Very Unhealthy
France,Aubenas,1,26,2,37,Good
Peru,Azangaro,1,2,3,28,Good
Brazil,Baependi,1,11,2,43,Good
Iran (Islamic Republic of),Bafq,1,45,0,155,Unhealthy
India,Bagru,1,39,0,185,Unhealthy
India,Balotra,0,31,0,398,Hazardous
Bangladesh,Bandarban,1,36,0,50,Good
Cameroon,Bangangte,5,12,1,77,Moderate
India,Barakpur,6,107,7,178,Unhealthy
Russian Federation,Baranchinskiy,1,30,0,57,Moderate
Italy,Barrafranca,2,33,4,57,Moderate
Dominican Republic,Bayaguana,4,2,17,129,Unhealthy for Sensitive Groups
Spain,Benavente,1,28,2,16,Good
Brazil,Bezerros,1,13,3,45,Good
Poland,Bielsk Podlaski,0,37,0,32,Good
Nepal,Biratnagar,2,46,0,67,Moderate
Belgium,Boom,1,28,4,41,Good
Netherlands,Boxmeer,0,31,2,38,Good
United States of America,Boynton Beach,1,14,9,52,Moderate
United States of America,Broomall,2,16,18,60,Moderate
United Republic of Tanzania,Bukoba,1,18,0,37,Good
Poland,Bukowno,2,28,6,99,Moderate
Poland,Bytow,0,34,0,28,Good
Italy,Carmiano,1,56,1,16,Moderate
United Kingdom of Great Britain and Northern Ireland,Castleford,0,29,3,25,Good
United States of America,Central Islip,2,14,23,60,Moderate
France,Chamalieres,1,32,1,21,Good
Spain,Villaviciosa De Odon,1,17,5,50,Good
France,Villeneuve Les Avignon,1,30,3,66,Moderate
Russian Federation,Volgorechensk,1,22,8,58,Moderate
United States of America,Welby,2,5,16,77,Moderate
United States of America,West Chester,2,18,17,55,Moderate
Germany,Witzenhausen,1,27,3,46,Good
India,Yavatmal,1,31,0,153,Unhealthy
Japan,Yonezawa,1,38,1,11,Good
Uruguay,Young,0,11,1,11,Good
Iran (Islamic Republic of),Zabol,1,49,0,164,Unhealthy
Poland,Zabrze,2,22,12,113,Unhealthy for Sensitive Groups
Romania,Zalau,1,37,1,66,Moderate
Mexico,Zimapan,1,22,7,69,Moderate
Bangladesh,Teknaf,1,38,0,61,Moderate
Thailand,Tha Bo,0,25,0,46,Good
Brazil,Timon,2,4,4,67,Moderate
Japan,Tokoname,1,44,1,19,Good
Colombia,Toro,3,2,7,87,Moderate
Spain,Torre Pacheco,1,30,2,19,Good
Ecuador,Tosagua,1,20,1,28,Good
Japan,Toyonaka,1,43,1,17,Good
China,Tunxi,2,119,0,69,Unhealthy for Sensitive Groups
United States of America,Twin Falls,1,27,2,16,Good
Germany,Uetersen,0,33,1,30,Good
Montenegro,Ulcinj,1,43,0,52,Moderate
United States of America,University City,2,10,20,89,Moderate
Argentina,Ushuaia,0,13,0,0,Good
India,Uttamapalaiyam,0,22,0,52,Moderate
United States of America,Vestavia Hills,1,13,10,71,Moderate
Mexico,Vicente Guerrero,1,36,0,13,Good
United States of America,Vidalia,1,32,2,46,Good
India,Adur,1,27,0,63,Moderate
Brazil,Agua Preta,0,18,2,35,Good
India,Akodia,1,38,0,154,Unhealthy
Italy,Altavilla Vicentina,1,30,5,63,Moderate
United States of America,Alvin,0,22,4,30,Good
Greece,Amarousion,2,22,17,60,Moderate
United Kingdom of Great Britain and Northern Ireland,Amersham,1,12,9,34,Good
Madagascar,Amparafaravola,0,22,0,10,Good
Mexico,Anenecuilco,2,8,10,91,Moderate
China,Anlu,4,178,2,142,Unhealthy
Germany,Apolda,0,28,2,32,Good
Portugal,Arcozelo,1,24,4,36,Good
India,Arkalgud,0,22,0,36,Good
Israel,Ashqelon,1,46,3,65,Moderate
Spain,Ayamonte,0,31,1,14,Good
India,Chhibramau,3,141,2,194,Unhealthy
Colombia,Chivolo,2,9,6,68,Moderate
Nicaragua,Ciudad Dario,1,9,4,35,Good
Italy,Crema,1,34,6,97,Moderate
United Republic of Tanzania,Tabora,0,16,0,17,Good
China,Talin,3,202,6,143,Very Unhealthy
United States of America,Talladega,3,10,15,111,Unhealthy for Sensitive Groups
Mexico,Tangancicuaro,2,13,5,79,Moderate
China,Taonan,2,65,0,29,Moderate
Germany,Friedland,1,28,2,46,Good
Turkey,Hakkari,0,37,0,87,Moderate
Iran (Islamic Republic of),Hamadan,1,55,0,78,Moderate
Uzbekistan,Muborak,1,45,0,70,Moderate
India,Mungeli,1,44,0,160,Unhealthy
United States of America,Murrieta,2,4,20,70,Moderate
Oman,Muscat,2,155,5,139,Unhealthy
Japan,Nagareyama,1,68,3,31,Moderate
Germany,Neuenrade,0,27,1,29,Good
United Republic of Tanzania,Ngudu,0,13,0,29,Good
Ukraine,Nizhyn,1,27,1,60,Moderate
Central African Republic,Nola,3,8,0,78,Moderate
United States of America,North Lauderdale,1,12,13,54,Moderate
United States of America,North Little Rock,1,26,4,56,Moderate
United States of America,Northborough,1,34,4,49,Good
Switzerland,Oftringen,1,21,3,42,Good
Indonesia,Langsa,1,38,0,72,Moderate
Brazil,Lapao,0,14,0,17,Good
Russian Federation,Lgov,1,34,0,54,Moderate
Austria,Lienz,1,28,1,50,Good
China,Linhai,3,161,1,116,Unhealthy
Germany,Ludwigsburg,1,27,2,31,Good
Paraguay,Luque,1,19,1,36,Good
India,Madukkarai,0,24,1,60,Moderate
Venezuela (Bolivarian Republic of),Tacarigua,2,7,13,112,Unhealthy for Sensitive Groups
Uruguay,Tacuarembo,0,25,0,4,Good
India,Talwandi Bhai,2,160,1,198,Unhealthy
Brazil,Tapejara,0,18,0,14,Good
Syrian Arab Republic,Tartus,1,47,1,64,Moderate
Guatemala,Tecpan Guatemala,2,12,8,95,Moderate
Mexico,Tequixquiac,2,12,10,156,Unhealthy
Botswana,Thamaga,1,16,0,59,Moderate
Myanmar,Thaton,0,22,0,54,Moderate
United Republic of Tanzania,Tinde,0,15,0,19,Good
India,Tiruvidaimarudur,1,34,0,62,Moderate
Peru,Tocache,1,1,0,34,Good
Madagascar,Toliary,0,19,0,18,Good
Japan,Tonami,1,45,0,27,Good
Kenya,Mariakani,1,22,0,46,Good
Sweden,Mariestad,1,25,1,29,Good
India,Maudaha,1,46,0,198,Unhealthy
Zambia,Mbala,0,15,0,22,Good
Russian Federation,Mednogorsk,1,35,0,22,Good
Russian Federation,Medvedovskaya,1,30,4,52,Moderate
Greece,Melissia,2,35,11,59,Moderate
United States of America,Mendota Heights,1,39,4,53,Moderate
Italy,Milazzo,1,48,0,63,Moderate
France,Montbeliard,1,25,2,44,Good
Italy,Montescaglioso,1,39,2,54,Moderate
Democratic Republic of the Congo,Tshikapa,23,37,18,392,Hazardous
Italy,Turi,1,48,1,43,Good
United States of America,Tuscaloosa,1,21,2,66,Moderate
United States of America,Twentynine Palms,1,27,4,36,Good
Germany,Uberherrn,1,25,2,24,Good
India,Ullal,0,24,0,78,Moderate
Russian Federation,Uray,1,33,0,22,Good
France,Vauvert,1,32,1,42,Good
Belgium,Veurne,0,31,1,30,Good
Russian Federation,Chaykovskiy,1,26,0,13,Good
Ukraine,Chernyakhiv,1,37,1,56,Moderate
India,Chidambaram,1,41,1,82,Moderate
Guatemala,Chiquimulilla,4,2,11,90,Moderate
Peru,Chocope,1,15,2,32,Good
United States of America,Clearwater,1,46,4,56,Moderate
Mexico,Puruandiro,1,8,4,43,Good
United States of America,Rancho Cucamonga,2,28,17,83,Moderate
Poland,Rawicz,1,18,4,36,Good
China,Ruian,2,117,1,95,Unhealthy for Sensitive Groups
France,Saint Jean De Luz,0,40,0,44,Good
Austria,Sankt Veit,1,33,1,58,Moderate
Spain,Santa Cruz De La Palma,0,38,0,14,Good
Brazil,Sao Paulo,10,0,35,198,Unhealthy
United States of America,Asheboro,2,29,7,60,Moderate
Germany,Bad Lippspringe,1,36,1,27,Good
United States of America,Bellmore,2,39,11,73,Moderate
Brazil,Benevides,1,9,2,55,Moderate
India,Bhadohi,1,49,1,257,Hazardous
Germany,Bissendorf,1,36,2,24,Good
United Kingdom of Great Britain and Northern Ireland,Bletchley,0,28,1,25,Good
United States of America,Brecksville,1,31,8,48,Good
Russian Federation,Bulanash,1,32,3,31,Good
Philippines,Bulaon,1,23,1,70,Moderate
Nigeria,Calabar,3,22,2,69,Moderate
Brazil,Campo Bom,1,15,4,52,Moderate
Brazil,Cariacica,1,10,3,50,Good
France,Castelnau Le Lez,1,37,0,43,Good
Spain,Cehegin,1,31,1,27,Good
Thailand,Soeng Sang,0,28,0,47,Good
Brazil,Aguas Formosas,1,4,1,26,Good
Colombia,Aguazul,1,2,2,44,Good
Germany,Aichach,0,30,1,29,Good
China,Aksu,1,46,0,154,Unhealthy
Turkey,Aliaga,1,49,4,55,Moderate
China,Anda,3,116,1,103,Unhealthy for Sensitive Groups
Mexico,Apan,2,8,9,224,Very Unhealthy
Italy,Saronno,1,36,4,66,Moderate
Ukraine,Sartana,1,37,2,35,Good
Hungary,Satoraljaujhely,1,38,1,58,Moderate
Philippines,Sebu,0,19,0,53,Moderate
Malaysia,Segamat,1,41,0,70,Moderate
India,Sidlaghatta,0,22,1,44,Good
Belgium,Sint Niklaas,0,27,4,37,Good
Indonesia,Solok,1,32,0,61,Moderate
Guatemala,Solola,3,9,10,90,Moderate
Belgium,Spa,0,25,2,30,Good
Slovenia,Trbovlje,1,41,1,67,Moderate
Brazil,Tres Barras,0,12,1,29,Good
Brazil,Tuntum,1,5,1,40,Good
Russian Federation,Ulan Ude,1,42,0,41,Good
Honduras,Tegucigalpa,1,9,3,50,Good
Germany,Templin,1,35,2,53,Moderate
Viet Nam,Thanh Hoa,3,124,1,113,Unhealthy for Sensitive Groups
New Zealand,Timaru,0,10,2,13,Good
Brazil,Timbo,1,12,5,44,Good
Canada,Grande Prairie,0,34,0,27,Good
United States of America,Great Bend,1,18,5,58,Moderate
United States of America,Greenwood,1,20,3,61,Moderate
Philippines,Guihing,1,18,0,48,Good
Cuba,Guines,1,26,2,61,Moderate
Kazakhstan,Glubokoe,1,39,0,24,Good
South Africa,Grahamstown,3,33,1,66,Moderate
Germany,Greiz,0,28,1,31,Good
Italy,Grottaferrata,1,43,4,47,Good
Russian Federation,Gubakha,1,27,0,29,Good
Indonesia,Kemang,2,90,1,95,Moderate
United Republic of Tanzania,Kilindoni,0,24,0,36,Good
Russian Federation,Kinel,1,35,0,18,Good
Canada,Kitimat,1,15,2,9,Good
Ghana,Koforidua,2,14,2,106,Unhealthy for Sensitive Groups
China,Kuanshan,2,93,0,87,Moderate
Albania,Kucove,1,40,2,67,Moderate
Peru,La Brea,0,21,0,34,Good
France,La Trinite,0,25,0,97,Moderate
India,Ladnun,0,32,0,474,Hazardous
India,Hansot,0,27,0,150,Unhealthy
Japan,Ichinoseki,1,40,0,22,Good
India,Ikauna,4,163,1,183,Unhealthy
China,Ilan,2,124,0,97,Unhealthy for Sensitive Groups
United States of America,Indio,1,32,4,61,Moderate
Japan,Ishikari,1,26,3,21,Good
United States of America,Isla Vista,2,33,8,39,Good
Poland,Jelenia Gora,1,24,2,42,Good
Mexico,Jiquilpan,1,7,4,41,Good
Pakistan,Kalabagh,3,101,6,133,Unhealthy for Sensitive Groups
Russian Federation,Kalinino,1,40,4,50,Good
United Republic of Tanzania,Kamachumu,0,15,0,21,Good
Russian Federation,Kamen Rybolov,1,35,0,28,Good
Jordan,Umm Nuwarah,2,83,6,129,Unhealthy for Sensitive Groups
India,Un,3,126,1,160,Unhealthy
Netherlands,Valkenswaard,1,20,8,51,Moderate
India,Vaniyambadi,1,25,0,27,Good
India,Vejalpur,1,41,0,149,Unhealthy for Sensitive Groups
Netherlands,Veldhoven,1,25,7,45,Good
India,Vengurla,1,30,1,56,Moderate
United States of America,Vernon Hills,2,13,19,61,Moderate
Switzerland,Versoix,1,30,1,62,Moderate
China,Yongchang,2,40,6,153,Unhealthy
India,Zahirabad,1,41,0,134,Unhealthy for Sensitive Groups
Italy,Zevio,1,36,3,72,Moderate
Libya,Zlitan,1,49,1,69,Moderate
Czechia,Znojmo,1,37,1,77,Moderate
Spain,Blanes,1,23,5,41,Good
India,Bodinayakkanur,0,23,0,46,Good
Ghana,Bolgatanga,2,11,1,52,Moderate
United States of America,Castle Rock,1,13,10,67,Moderate
United States of America,Central Falls,1,33,5,47,Good
Germany,Furth,1,26,3,45,Good
United States of America,Gaffney,2,26,10,67,Moderate
India,Garulia,4,96,5,216,Very Unhealthy
Germany,Geilenkirchen,1,22,4,35,Good
France,Colmar,1,23,2,43,Good
United States of America,Cornelius,1,24,7,40,Good
United Kingdom of Great Britain and Northern Ireland,Cowdenbeath,1,20,8,36,Good
Brazil,Crato,0,12,1,32,Good
United States of America,Cabot,1,25,4,58,Moderate
United States of America,Calverton,1,32,5,53,Moderate
Spain,Cambados,0,28,1,35,Good
Italy,Eraclea,1,48,1,40,Good
Denmark,Flong,0,32,1,35,Good
United States of America,Beeville,0,21,1,36,Good
India,Begamganj,1,37,0,154,Unhealthy
Russian Federation,Belokurikha,1,35,0,19,Good
Belgium,Berlaar,0,26,4,37,Good
France,Besancon,1,24,2,42,Good
India,Bhatkal,0,23,0,72,Moderate
Hungary,Debrecen,1,31,2,70,Moderate
Mexico,Degollado,1,8,4,42,Good
India,Dehra Dun,2,144,0,93,Unhealthy for Sensitive Groups
Turkey,Denizli,1,40,1,50,Good
China,Dinghai,3,135,1,139,Unhealthy for Sensitive Groups
Russian Federation,Dobryanka,1,25,2,42,Good
Czechia,Olomouc,1,26,2,52,Moderate
Colombia,Orito,1,3,2,38,Good
India,Paithan,1,34,0,120,Unhealthy for Sensitive Groups
Hungary,Papa,1,29,3,73,Moderate
France,Papeete,0,32,0,13,Good
Brazil,Peabiru,1,9,0,13,Good
India,Peddapalli,1,38,0,140,Unhealthy for Sensitive Groups
United States of America,Pendleton,1,22,4,30,Good
Russian Federation,Perm,1,25,2,44,Good
Mexico,Pinotepa Nacional,1,16,3,50,Good
France,Plaisir,1,29,2,31,Good
United States of America,Pompton Lakes,1,30,8,57,Moderate
Colombia,Ponedera,2,11,5,95,Moderate
Italy,Pordenone,1,38,3,62,Moderate
United States of America,Port Washington,1,22,16,68,Moderate
Papua New Guinea,Wewak,0,14,0,9,Good
China,Xunchang,7,44,17,156,Unhealthy
United States of America,Yauco,0,22,0,82,Moderate
Russian Federation,Yefremov,1,30,0,50,Good
Russian Federation,Yeniseysk,1,27,0,17,Good
China,Yingko,3,141,1,114,Unhealthy for Sensitive Groups
Sweden,Ystad,1,37,1,30,Good
Poland,Zlotow,1,30,1,30,Good
Russian Federation,Vladimir,1,30,2,28,Good
Russian Federation,Voronezh,1,28,3,52,Moderate
Russian Federation,Voskresensk,1,35,5,40,Good
Netherlands,Waalre,0,28,2,28,Good
United States of America,Wadsworth,1,41,2,51,Moderate
United States of America,Wakefield,1,36,4,50,Good
Germany,Weil Der Stadt,1,27,2,34,Good
Netherlands,Woensdrecht,0,32,2,28,Good
United Kingdom of Great Britain and Northern Ireland,Kirkintilloch,1,37,1,37,Good
Hungary,Kisvarda,1,55,0,62,Moderate
India,Kolaras,3,79,2,164,Unhealthy
Uganda,Kotido,1,19,0,45,Good
Germany,Kronshagen,1,42,0,26,Good
South Africa,Kroonstad,2,19,4,88,Moderate
Belgium,Kruibeke,1,38,2,47,Good
India,Kunda,4,95,6,179,Unhealthy
United States of America,Lake Station,1,35,4,62,Moderate
India,Lakhnadon,3,45,2,160,Unhealthy
Indonesia,Lembang,9,12,26,194,Unhealthy
Botswana,Letlhakane,0,29,0,22,Good
United States of America,Levittown,0,29,0,118,Unhealthy for Sensitive Groups
Latvia,Livani,1,34,0,22,Good
Philippines,Lucban,2,22,6,74,Moderate
Ecuador,Machachi,1,13,1,22,Good
Japan,Imabari,1,37,4,34,Good
Kenya,Isiolo,1,20,0,52,Moderate
Brazil,Itapage,0,19,1,40,Good
Zambia,Kabwe,1,19,0,27,Good
Egypt,Gizeh,2,66,7,94,Moderate
Japan,Gosen,1,37,2,14,Good
United States of America,Graham,1,41,3,51,Moderate
Mexico,Guamuchil,1,22,2,79,Moderate
Spain,Guimar,0,41,0,14,Good
Canada,Hauterive,1,22,0,26,Good
Russian Federation,Heihe,1,36,0,28,Good
India,Hinjilikatu,2,46,1,102,Unhealthy for Sensitive Groups
Japan,Hirakata,1,48,2,50,Good
Brazil,Paranaiba,1,7,0,14,Good
United States of America,Pearl River,2,17,19,74,Moderate
Portugal,Perafita,1,28,3,20,Good
France,Perpignan,1,33,2,40,Good
Italy,Omegna,1,33,1,49,Good
United States of America,Oshkosh,1,28,4,44,Good
Croatia,Osijek,1,44,1,62,Moderate
Italy,Paceco,1,47,0,68,Moderate
India,Omalur,1,33,1,45,Good
United States of America,Palm Beach Gardens,2,19,9,79,Moderate
South Africa,Burgersdorp,1,8,11,95,Moderate
Brazil,Capao Bonito,1,7,1,17,Good
United States of America,Cape Coral,1,20,6,48,Good
Italy,Castel Volturno,1,48,1,54,Moderate
Mexico,Chalco,5,1,25,270,Very Unhealthy
India,Baldeo,4,171,1,172,Unhealthy
India,Basmat,1,36,0,109,Unhealthy for Sensitive Groups
Cuba,Bayamo,1,15,5,78,Moderate
India,Bharthana,4,169,1,170,Unhealthy
United Kingdom,Birkenhead,1,34,4,22,Good
Dominican Republic,Bonao,3,5,11,159,Unhealthy
Germany,Bretten,1,36,2,70,Moderate
Italy,Altopascio,1,38,4,56,Moderate
Benin,Aplahoue,2,14,2,86,Moderate
France,Auxerre,1,30,2,50,Good
United States of America,Avenel,2,25,13,60,Moderate
India,Ayakudi,0,25,0,29,Good
Germany,Bad Reichenhall,1,33,1,66,Moderate
Russian Federation,Kugesi,1,33,0,60,Moderate
Slovakia,Kysucke Nove Mesto,1,40,0,64,Moderate
Mexico,La Ceiba,4,5,10,108,Unhealthy for Sensitive Groups
Venezuela (Bolivarian Republic of),La Dolorita,1,16,7,130,Unhealthy for Sensitive Groups
France,La Possession,0,28,0,43,Good
Japan,Kobe,1,28,4,24,Good
South Africa,Kokstad,4,9,2,125,Unhealthy for Sensitive Groups
Russian Federation,Konakovo,1,27,1,46,Good
Russian Federation,Kondrovo,1,30,0,36,Good
Japan,Kosugi,1,51,2,60,Moderate
United States of America,Schertz,1,15,4,52,Moderate
Brazil,Serra,1,14,2,53,Moderate
Pakistan,Shahpur Chakar,1,43,0,166,Unhealthy
India,Dhrol,0,29,0,160,Unhealthy
Israel,Dimona,1,57,1,73,Moderate
France,Douai,1,24,4,50,Good
Germany,Duisburg,1,29,3,42,Good
United States of America,Eagle,1,7,11,43,Good
United States of America,East Moline,1,29,5,40,Good
Germany,Eckernforde,0,32,0,31,Good
United States of America,Effingham,1,44,3,44,Good
Australia,Maryborough,0,31,0,10,Good
United Republic of Tanzania,Mazinde,0,16,0,26,Good
Romania,Medias,1,38,1,62,Moderate
Spain,Melilla,1,32,1,26,Good
China,Miyang,1,26,0,21,Good
Cuba,Moa,1,30,1,56,Moderate
Zambia,Mongu,1,19,0,43,Good
Colombia,Montelibano,2,7,3,53,Moderate
Germany,Muhlheim,1,27,3,52,Moderate
Ecuador,Muisne,1,20,0,26,Good
United States of America,Nacogdoches,1,20,2,39,Good
Denmark,Nakskov,0,34,0,33,Good
Germany,Neu Wulmstorf,0,34,1,31,Good
Italy,Nocera Inferiore,2,40,7,50,Good
Papua New Guinea,Lae,0,18,0,11,Good
Cyprus,Lemesos,1,58,0,51,Moderate
Russian Federation,Leninkent,1,38,0,49,Good
Russian Federation,Leninsk Kuznetskiy,1,36,0,28,Good
United Kingdom of Great Britain and Northern Ireland,Letchworth,1,31,3,51,Moderate
France,Lille,1,27,4,48,Good
China,Linkou,1,45,0,55,Moderate
Romania,Lipova,1,39,1,69,Moderate
United States of America,Little Falls,2,14,21,73,Moderate
France,Longwy,1,29,3,51,Moderate
India,Loyabad,4,150,2,179,Unhealthy
China,Macheng,3,171,2,103,Unhealthy
Ireland,Malahide,0,29,1,18,Good
India,Manwath,1,34,0,122,Unhealthy for Sensitive Groups
Tunisia,Manzil Jamil,1,54,1,56,Moderate
Argentina,Mar Del Plata,0,30,0,41,Good
United Republic of Tanzania,Ilongero,0,15,0,19,Good
Brazil,Ipaba,1,7,3,52,Moderate
United States of America,Irving,1,16,6,68,Moderate
Italy,Isola Della Scala,2,32,7,124,Unhealthy for Sensitive Groups
Nepal,Itahari,2,40,0,58,Moderate
Mexico,Jalostotitlan,1,12,2,36,Good
India,Karera,1,44,0,201,Very Unhealthy
India,Kasba,2,71,1,75,Moderate
Malawi,Kasungu,1,18,0,47,Good
Poland,Kobylka,1,38,1,47,Good
United States of America,Jefferson,1,26,11,50,Good
France,Juvisy Sur Orge,1,19,6,58,Moderate
India,Visnagar,1,32,0,159,Unhealthy
Germany,Walldorf,1,37,2,72,Moderate
Germany,Weilburg,2,22,9,75,Moderate
United States of America,Wilbraham,1,23,9,55,Moderate
United States of America,Wilsonville,2,11,16,62,Moderate
Germany,Wittmund,1,25,4,46,Good
Germany,Wolfen,1,36,3,66,Moderate
China,Xingcheng,4,69,3,128,Unhealthy for Sensitive Groups
Russian Federation,Yakhroma,1,24,3,52,Moderate
Ukraine,Yalta,1,46,0,7,Good
Brazil,Rosario Oeste,2,1,2,42,Good
Serbia,Ruma,1,40,3,76,Moderate
Poland,Rybnik,2,26,11,102,Unhealthy for Sensitive Groups
Canada,Saint Jerome,1,16,5,50,Good
Brazil,Santo Antonio De Padua,2,0,5,61,Moderate
Brazil,Sao Miguel Do Iguacu,1,13,0,21,Good
Brazil,Sao Sebastiao,2,7,7,66,Moderate
India,Savanur,0,23,0,50,Good
United States of America,Selden,2,16,20,52,Moderate
India,Shahjahanpur,4,172,2,165,Unhealthy
Poland,Otwock,1,38,2,53,Moderate
United States of America,Pascagoula,0,29,2,52,Moderate
Brazil,Paulo Afonso,0,11,1,23,Good
Canada,Penticton,1,28,2,20,Good
Russian Federation,Penza,1,30,1,36,Good
Bangladesh,Phultala,4,64,4,158,Unhealthy
Colombia,Puerto Lopez,2,0,4,58,Moderate
Poland,Raciborz,2,26,9,97,Moderate
China,Shizilu,5,205,3,152,Very Unhealthy
Colombia,Sogamoso,1,6,2,24,Good
Thailand,Sungai Padi,1,33,0,73,Moderate
Poland,Szczecinek,0,33,0,33,Good
Philippines,Talibon,1,19,0,71,Moderate
India,Tarn Taran,2,143,1,142,Unhealthy for Sensitive Groups
United States of America,Tarrytown,2,14,21,69,Moderate
United States of America,North Chicago,2,16,27,64,Moderate
United Republic of Tanzania,Nyamuswa,1,17,0,40,Good
Italy,Oderzo,1,35,4,92,Moderate
Latvia,Ogre,1,32,1,55,Moderate
Russian Federation,Starodub,1,37,0,15,Good
United States of America,Sugar Land,1,18,5,35,Good
Russian Federation,Yaroslavl,1,34,0,13,Good
Afghanistan,Zaranj,1,46,0,133,Unhealthy for Sensitive Groups
Russian Federation,Zavitinsk,2,43,0,99,Moderate
Ukraine,Zhovti Vody,1,44,0,24,Good
India,Addanki,1,29,0,69,Moderate
Turkey,Afyonkarahisar,1,36,0,75,Moderate
Malawi,Salima,1,19,0,62,Moderate
United States of America,Oneonta,1,21,3,48,Good
United States of America,Paramus,3,6,33,112,Unhealthy for Sensitive Groups
Russian Federation,Pechory,1,36,0,35,Good
Montenegro,Pljevlja,1,21,0,60,Moderate
Brazil,Ponta Pora,1,11,0,19,Good
Brazil,Pontes E Lacerda,1,3,0,29,Good
Canada,Port Alberni,1,34,1,14,Good
Myanmar,Pyu,0,22,0,42,Good
Central African Republic,Rafai,3,10,0,65,Moderate
India,Ranavav,0,24,0,106,Unhealthy for Sensitive Groups
Lithuania,Raseiniai,1,28,1,31,Good
United States of America,Reisterstown,1,45,4,62,Moderate
United States of America,Sammamish,1,32,4,34,Good
United States of America,Seatac,1,27,7,52,Moderate
Sierra Leone,Segbwema,1,18,0,16,Good
Malaysia,Serendah,6,9,23,162,Unhealthy
Russian Federation,Seversk,1,7,8,53,Moderate
Russian Federation,Shchigry,1,40,0,11,Good
Netherlands,Amstelveen,0,32,2,15,Good
Netherlands,Anna Paulowna,0,35,0,13,Good
Philippines,Apalit,1,24,1,60,Moderate
Russian Federation,Losino Petrovskiy,1,18,12,66,Moderate
United States of America,Lowell,1,29,6,52,Moderate
India,Ludhiana,3,166,1,162,Unhealthy
Kenya,Marsabit,0,19,0,27,Good
United Republic of Tanzania,Matongo,1,15,0,43,Good
Senegal,Mbour,1,21,2,169,Unhealthy
Indonesia,Mendahara,2,37,0,76,Moderate
Belarus,Lida,1,34,0,21,Good
India,Madanapalle,0,25,0,21,Good
Philippines,Magallon,1,17,0,45,Good
Mali,Sikasso,1,14,0,53,Moderate
Slovenia,Skofja Loka,1,37,1,67,Moderate
United States of America,Stephenville,1,24,1,40,Good
Indonesia,Subang,2,86,1,88,Moderate
Poland,Sulecin,1,36,1,55,Moderate
Czechia,Podebrady,1,28,2,36,Good
Indonesia,Pangkah,2,46,1,91,Moderate
Guatemala,Pastores,4,2,14,129,Unhealthy for Sensitive Groups
Russian Federation,Peschanokopskoye,1,40,0,25,Good
United Republic of Tanzania,Usagara,1,18,0,51,Moderate
France,Ussel,1,35,0,56,Moderate
Netherlands,Valkenburg,1,28,6,63,Moderate
Latvia,Valmiera,1,32,0,28,Good
India,Vasai,3,28,3,158,Unhealthy
Russian Federation,Vasyurinskaya,1,37,1,22,Good
United States of America,Vermillion,1,34,3,44,Good
Italy,Viareggio,1,44,1,56,Moderate
United States of America,Sunrise Manor,2,13,17,57,Moderate
Indonesia,Surakarta,1,41,1,69,Moderate
Russian Federation,Suzun,1,42,0,33,Good
India,Talgram,4,153,1,167,Unhealthy
Russian Federation,Talovaya,1,36,0,40,Good
United States of America,San Juan Capistrano,1,28,9,55,Moderate
Brazil,Santana Do Acarau,0,8,2,35,Good
Brazil,Sao Joao Batista,0,20,1,25,Good
India,Vikramasingapuram,1,27,0,54,Moderate
France,Villeneuve Loubet,1,38,2,33,Good
India,Virudunagar,1,30,0,33,Good
South Africa,Volksrust,2,14,8,85,Moderate
China,Wanxian,4,153,3,143,Unhealthy
Mexico,San Antonio De La Cal,2,6,7,69,Moderate
Italy,San Severo,1,46,1,35,Good
India,Sangod,1,45,0,156,Unhealthy
Brazil,Santa Cecilia,0,17,0,15,Good
Germany,Schorndorf,1,28,2,26,Good
Turkey,Selcuk,1,49,2,36,Good
Belgium,Seraing,1,32,3,35,Good
Germany,Nordhausen,1,36,1,32,Good
France,Olivet,1,23,2,38,Good
Brazil,Osvaldo Cruz,1,13,1,41,Good
Czechia,Varnsdorf,0,28,2,30,Good
India,Vattalkundu,1,25,0,50,Good
Canada,Trois Rivieres,1,31,1,32,Good
Russian Federation,Tyazhinskiy,1,40,0,51,Moderate
Brazil,Uba,1,4,4,51,Moderate
Brazil,Uberlandia,1,11,1,39,Good
Czechia,Uhersky Brod,1,30,1,46,Good
Germany,Werneck,1,31,1,26,Good
United States of America,Westlake,1,32,8,43,Good
Mexico,Xoxtla,2,3,12,164,Unhealthy
Libya,Yafran,1,69,1,66,Moderate
France,Villemomble,1,21,5,51,Moderate
United States of America,Waipahu,0,25,1,31,Good
Japan,Wako,1,36,4,49,Good
United States of America,Lindenhurst,3,1,28,78,Moderate
United Republic of Tanzania,Liwale,0,17,0,40,Good
United States of America,Lorain,1,29,8,43,Good
Russian Federation,Magadan,0,28,0,15,Good
Madagascar,Mahajanga,0,25,0,18,Good
Japan,Makabe,1,42,1,38,Good
Guinea,Mamou,1,16,0,32,Good
China,Laibin,2,101,2,79,Unhealthy for Sensitive Groups
United States of America,Lake Charles,1,15,10,64,Moderate
Guadeloupe,Le Gosier,0,25,0,99,Moderate
United States of America,Leander,1,21,2,46,Good
Germany,Lengerich,1,35,2,24,Good
Republic of Moldova,Leova,1,41,0,55,Moderate
Kenya,Kilifi,1,25,0,57,Moderate
Kenya,Kitale,2,31,0,55,Moderate
Poland,Krosno Odrzanskie,0,31,1,30,Good
Russian Federation,Kyshtym,1,34,0,38,Good
Brazil,Lagoa Formosa,1,1,4,40,Good
India,Kampli,0,28,0,87,Moderate
Japan,Kannabe,1,38,2,31,Good
Russian Federation,Kavalerovo,0,29,0,23,Good
South Africa,Johannesburg,19,19,13,121,Unhealthy for Sensitive Groups
Central African Republic,Kabo,2,9,0,86,Moderate
Japan,Kameda,1,39,0,18,Good
Pakistan,Ranipur,1,47,1,167,Unhealthy
Thailand,Roi Et,0,30,0,47,Good
Italy,Ronchi Dei Legionari,1,42,2,57,Moderate
Portugal,Sao Joao Da Madeira,0,27,2,22,Good
Nigeria,Shaki,2,21,0,66,Moderate
China,Shangqiu,2,132,2,78,Unhealthy for Sensitive Groups
United States of America,Shawnee,1,23,10,95,Moderate
Thailand,Pak Kret,1,27,1,57,Moderate
Pakistan,Pakpattan,2,107,1,328,Hazardous
Brazil,Parati,2,8,5,62,Moderate
Russian Federation,Pavlovsk,1,36,0,23,Good
United Kingdom of Great Britain and Northern Ireland,Peterhead,0,32,2,22,Good
Indonesia,Ponorogo,1,26,0,42,Good
United States of America,Portage,1,36,4,47,Good
United States of America,Pueblo,1,31,2,91,Moderate
United States of America,Solon,1,45,3,34,Good
United States of America,South San Jose Hills,4,12,34,118,Unhealthy for Sensitive Groups
Romania,Sovata,1,40,0,63,Moderate
Switzerland,Steffisburg,1,33,1,80,Moderate
United States of America,Stillwater,1,39,3,50,Good
Jordan,Suf,1,48,3,78,Moderate
Pakistan,Sukkur,1,49,1,171,Unhealthy
Sweden,Sundsvall,1,28,0,38,Good
Canada,Swift Current,1,32,0,16,Good
Brazil,Tabuleiro Do Norte,0,16,0,23,Good
Peru,Tambopata,1,2,0,20,Good
Indonesia,Tanjung Morawa,2,42,0,72,Moderate
Georgia,Tbilisi,1,35,0,36,Good
United States of America,Temple City,4,15,35,119,Unhealthy for Sensitive Groups
India,Thoubal,1,20,0,23,Good
Netherlands,Tilburg,1,31,2,37,Good
India,Titlagarh,1,33,1,158,Unhealthy
Mexico,Tizayuca,2,18,10,182,Unhealthy
India,Tohana,2,126,1,226,Very Unhealthy
Slovakia,Trebisov,1,37,1,71,Moderate
Democratic Republic of the Congo,Tshela,1,22,0,70,Moderate
Georgia,Tskaltubo,1,32,0,21,Good
Austria,Tulln,1,40,1,63,Moderate
Turkmenistan,Turkmenabat,1,47,0,60,Moderate
Germany,Twistringen,0,35,0,33,Good
Russian Federation,Uglegorsk,1,25,2,23,Good
South Africa,Uitenhage,4,8,7,100,Unhealthy for Sensitive Groups
India,Umred,1,33,1,170,Unhealthy
Pakistan,Usta Muhammad,1,76,2,172,Unhealthy
Poland,Ustron,1,36,3,79,Moderate
United States of America,Uvalde,1,30,1,57,Moderate
India,Vallam,1,30,0,57,Moderate
United States of America,Ventnor City,1,36,1,27,Good
China,Shima,3,155,3,117,Unhealthy
Serbia,Sjenica,1,30,0,54,Moderate
Belgium,Soignies,1,24,5,49,Good
Colombia,Miranda,1,6,3,52,Moderate
Colombia,Mompos,1,18,1,54,Moderate
Germany,Montabaur,1,33,2,29,Good
Italy,Montegranaro,1,46,1,37,Good
France,Montigny Les Metz,1,20,4,34,Good
Spain,Montornes Del Valles,1,33,6,52,Moderate
United States of America,Mount Kisco,1,46,4,56,Moderate
United States of America,Muskegon,2,15,21,53,Moderate
United States of America,Martinez,1,22,10,51,Moderate
Mexico,Matehuala,1,19,0,29,Good
Myanmar,Meiktila,1,27,0,31,Good
India,Melur,1,35,0,63,Moderate
Turkey,Mersin,1,38,0,46,Good
India,Methala,1,26,0,66,Moderate
Germany,Marktoberdorf,1,32,3,76,Moderate
Brazil,Martinopolis,1,13,1,33,Good
Germany,Melsungen,1,26,3,46,Good
Germany,Mering,1,34,1,64,Moderate
Mozambique,Mocuba,0,23,0,19,Good
Brazil,Montenegro,2,7,7,71,Moderate
Germany,Murnau,1,31,3,76,Moderate
Australia,Murray Bridge,0,28,0,31,Good
Ecuador,Naranjal,1,16,3,39,Good
Botswana,Kanye,1,20,1,59,Moderate
India,Keshod,0,25,0,160,Unhealthy
India,Kharar,2,142,1,119,Unhealthy for Sensitive Groups
United States of America,North Plainfield,2,15,20,66,Moderate
United States of America,North Wantagh,2,19,18,60,Moderate
Hungary,Nyirbator,1,38,1,65,Moderate
United States of America,Mercer Island,2,18,15,56,Moderate
Germany,Hilpoltstein,0,28,1,27,Good
Australia,Hobart,0,24,1,48,Good
Germany,Hohenstein Ernstthal,1,33,1,30,Good
United States of America,Holtsville,2,42,10,82,Moderate
United Republic of Tanzania,Ilula,0,18,0,17,Good
India,Indri,1,47,1,500,Hazardous
Australia,Innisfail,0,25,0,26,Good
Central African Republic,Ippy,2,8,0,69,Moderate
United States of America,Irmo,1,23,4,68,Moderate
Spain,Irun,0,37,0,21,Good
Mexico,Jaral Del Progreso,1,13,4,43,Good
Belgium,Grobbendonk,1,30,3,38,Good
United States of America,Grover Beach,1,21,5,41,Good
Russian Federation,Gryazovets,1,34,0,8,Good
France,Guebwiller,1,31,1,32,Good
Germany,Haigerloch,0,30,1,28,Good
Hungary,Hajduboszormeny,1,34,1,55,Moderate
United Kingdom of Great Britain and Northern Ireland,Havant,0,27,3,41,Good
United States of America,Haverhill,1,45,3,52,Moderate
United States of America,Herndon,1,41,5,59,Moderate
United States of America,Hickory,2,18,11,68,Moderate
Ukraine,Ordzhonikidze,1,41,0,68,Moderate
India,Palghar,1,26,1,150,Unhealthy
Uruguay,Pando,0,20,1,34,Good
Mexico,Paraiso,4,22,5,137,Unhealthy for Sensitive Groups
Mexico,Periban,1,6,3,45,Good
Sudan,Sawakin,1,47,0,62,Moderate
Russian Federation,Severskaya,1,42,0,36,Good
India,Chirawa,2,83,0,187,Unhealthy
India,Churachandpur,1,17,0,24,Good
Russian Federation,Chusovoy,1,27,0,37,Good
Bolivia (Plurinational State of),Cochabamba,1,2,2,32,Good
Romania,Comarnic,1,38,0,10,Good
Italy,Corciano,1,45,2,62,Moderate
Mexico,Culiacan,2,9,8,107,Unhealthy for Sensitive Groups
Hungary,Dabas,1,37,3,86,Moderate
United States of America,Bedford Heights,2,36,4,33,Good
United States of America,Bemidji,1,38,1,50,Good
Ukraine,Beryslav,1,38,0,24,Good
India,Betul,1,34,0,176,Unhealthy
Pakistan,Bhopalwala,2,131,1,153,Unhealthy
India,Bhuj,0,28,0,155,Unhealthy
Democratic Republic of the Congo,Boende,3,9,0,72,Moderate
Poland,Boguszow Gorce,1,39,1,77,Moderate
Germany,Braunau,1,35,4,59,Moderate
Brazil,Campos Sales,0,15,0,15,Good
Spain,Cangas,1,30,2,25,Good
France,Castelnaudary,1,31,1,20,Good
Australia,Bairnsdale,0,26,0,8,Good
Indonesia,Baki,1,33,0,60,Moderate
Germany,Bamberg,1,43,2,56,Moderate
India,Banswara,1,40,0,175,Unhealthy
United Kingdom of Great Britain and Northern Ireland,Broxburn,1,20,6,38,Good
Italy,Brusciano,1,65,2,55,Moderate
Angola,Caala,6,27,2,131,Unhealthy for Sensitive Groups
Venezuela (Bolivarian Republic of),Cabimas,1,20,4,87,Moderate
United States of America,Calexico,1,28,6,33,Good
Sweden,Ostersund,0,27,0,7,Good
India,Pahasu,4,160,1,164,Unhealthy
India,Panaji,1,32,0,33,Good
Malaysia,Pantai Remis,1,58,1,61,Moderate
India,Pathalgaon,2,88,0,162,Unhealthy
Poland,Pleszew,1,34,2,48,Good
United Kingdom of Great Britain and Northern Ireland,Pontefract,1,33,4,16,Good
Senegal,Pout,2,18,4,184,Unhealthy
Romania,Pucioasa,1,41,0,45,Good
India,Punahana,4,173,1,176,Unhealthy
Israel,Qiryat Shemona,3,80,5,113,Unhealthy for Sensitive Groups
United States of America,Saint Peter,1,36,3,59,Moderate
France,Saint Jean De La Ruelle,1,22,4,48,Good
Thailand,Rayong,0,15,3,53,Moderate
United States of America,Reedley,1,30,5,56,Moderate
Brazil,Riacho De Santana,1,8,1,26,Good
India,Rishikesh,2,85,0,131,Unhealthy for Sensitive Groups
Uzbekistan,Romitan,1,47,0,167,Unhealthy
Germany,Siegburg,1,35,2,47,Good
Sudan,Sinnar,1,16,0,57,Moderate
Serbia,Smederevo,1,38,2,65,Moderate
Lithuania,Plunge,1,39,0,59,Moderate
Portugal,Pontinha,1,37,4,17,Good
United Kingdom of Great Britain and Northern Ireland,Prestwich,1,15,11,62,Moderate
Brazil,Prudentopolis,1,16,0,55,Moderate
Turkey,Bahce,1,44,0,45,Good
Thailand,Bang Saphan,1,16,0,19,Good
India,Baramula,3,37,3,152,Unhealthy
Somalia,Barawe,0,24,0,32,Good
Poland,Bartoszyce,1,36,0,22,Good
France,Begles,1,41,0,25,Good
United States of America,Bethpage,2,38,9,61,Moderate
India,Bijni,4,27,6,126,Unhealthy for Sensitive Groups
Russian Federation,Borodino,1,28,0,44,Good
United States of America,Bridgeport,1,39,7,54,Moderate
Australia,Caboolture,0,21,8,24,Good
Colombia,Cali,1,14,1,30,Good
United States of America,Campbellsville,2,36,4,41,Good
France,Carcassonne,1,43,0,36,Good
United Kingdom of Great Britain and Northern Ireland,Chapeltown,1,35,1,43,Good
United Republic of Tanzania,Chato,1,22,0,33,Good
Guatemala,Chisec,1,19,0,57,Moderate
Cuba,Cienfuegos,1,31,0,43,Good
New Zealand,Gisborne,0,27,0,7,Good
Russian Federation,Gorodovikovsk,1,47,0,17,Good
Russian Federation,Gramoteino,1,22,6,42,Good
Canada,Grand Centre,1,27,0,41,Good
Brazil,Guararapes,1,24,0,58,Moderate
Russian Federation,Gudermes,1,45,2,60,Moderate
China,Hanting,7,73,16,165,Unhealthy
India,Haridwar,5,25,12,163,Unhealthy
China,Hengshan,3,29,10,137,Unhealthy for Sensitive Groups
United States of America,Hybla Valley,1,50,1,38,Good
Nigeria,Ife,2,41,0,77,Moderate
Nigeria,Ifo,2,38,1,80,Moderate
Pakistan,Isa Khel,3,115,2,178,Unhealthy
Turkey,Islahiye,1,44,0,41,Good
India,Jhabua,1,36,2,135,Unhealthy for Sensitive Groups
India,Jugsalai,3,32,5,148,Unhealthy for Sensitive Groups
Turkmenistan,Kaka,1,40,0,123,Unhealthy for Sensitive Groups
India,Kavali,2,46,1,92,Moderate
United States of America,Keizer,2,21,6,53,Moderate
United States of America,Stuart,1,17,10,60,Moderate
Venezuela (Bolivarian Republic of),San Joaquin,1,14,8,63,Moderate
Italy,Santa Maria Capua Vetere,1,48,3,58,Moderate
Brazil,Santa Vitoria Do Palmar,1,9,1,18,Good
Brazil,Sao Raimundo Nonato,0,13,0,22,Good
Germany,Selb,1,41,1,66,Moderate
France,Vieux Conde,1,33,3,59,Moderate
Portugal,Vila Franca De Xira,1,29,4,27,Good
Brazil,Vilhena,1,1,0,33,Good
Germany,Waltershausen,1,36,4,54,Moderate
United States of America,Washington,2,32,7,66,Moderate
India,Khuldabad,1,33,0,149,Unhealthy for Sensitive Groups
Russian Federation,Kraskovo,1,21,13,57,Moderate
Ukraine,Kremenchuk,1,35,1,33,Good
India,Krishnagiri,0,25,0,55,Moderate
Germany,Kurten,1,25,3,48,Good
Kazakhstan,Kuryk,1,33,0,81,Moderate
Guatemala,La Gomera,3,20,8,76,Moderate
Honduras,La Paz,1,4,4,74,Moderate
Brazil,Lages,0,17,0,12,Good
Germany,Langerwehe,1,24,4,45,Good
India,Lathi,0,28,0,153,Unhealthy
United States of America,Lemont,2,29,12,57,Moderate
Burkina Faso,Leo,1,11,0,26,Good
China,Linping,5,204,6,155,Very Unhealthy
Poland,Lipno,0,36,0,31,Good
France,Lourdes,1,32,1,19,Good
Turkey,Luleburgaz,1,44,0,12,Good
United States of America,Lynden,2,19,13,52,Moderate
United Kingdom of Great Britain and Northern Ireland,Maesteg,1,21,5,48,Good
Canada,Magog,2,9,7,57,Moderate
Brazil,Manaus,1,4,1,40,Good
India,Manvi,0,27,0,67,Moderate
United States of America,Gloversville,1,43,2,35,Good
Hungary,God,1,36,2,61,Moderate
United States of America,Goleta,1,42,6,32,Good
United States of America,Fredericksburg,1,30,4,53,Moderate
Germany,Friedrichsdorf,0,30,1,26,Good
Germany,Dormagen,0,25,2,29,Good
United States of America,Dover,1,35,4,48,Good
United States of America,East Patchogue,1,30,9,43,Good
United States of America,Eastpointe,3,21,18,90,Moderate
Equatorial Guinea,Ebebiyin,1,23,0,44,Good
Spain,El Astillero,0,37,0,42,Good
Mexico,El Quince,1,8,6,62,Moderate
United Kingdom of Great Britain and Northern Ireland,Chelmsford,1,21,8,27,Good
Russian Federation,Chernenko,1,32,0,48,Good
Ukraine,Chernivtsi,1,37,1,75,Moderate
France,Cognac,1,25,2,46,Good
India,Contai,2,66,1,171,Unhealthy
Dominican Republic,Cotui,4,2,15,154,Unhealthy
Mexico,Coyotepec,3,11,14,166,Unhealthy
Ecuador,Cuenca,1,4,2,18,Good
Netherlands,Dalfsen,0,32,1,28,Good
India,Dibrugarh,1,23,1,33,Good
United States of America,Dodge City,1,24,3,54,Moderate
Slovenia,Domzale,1,44,0,54,Moderate
Sri Lanka,Dambulla,0,22,0,51,Moderate
Australia,Deception Bay,0,29,5,27,Good
India,Dhar,1,35,0,154,Unhealthy
India,Dinanagar,2,132,1,101,Unhealthy for Sensitive Groups
Japan,Ise,1,41,1,16,Good
Brazil,Itabira,1,7,3,52,Moderate
United States of America,Hillsboro,1,24,8,38,Good
Iraq,Hit,1,47,0,158,Unhealthy
Colombia,Ibague,2,2,5,78,Moderate
Russian Federation,Orlovskiy,1,39,0,21,Good
India,Panapakkam,0,30,0,78,Moderate
France,Rosny Sous Bois,1,28,2,30,Good
France,Saint Gaudens,1,32,1,21,Good
Paraguay,San Juan Bautista,0,20,0,24,Good
Romania,Santana,1,34,1,73,Moderate
Brazil,Sao Raimundo Das Mangabeiras,1,7,0,34,Good
Brazil,Sao Vicente,16,0,47,252,Very Unhealthy
Brazil,Parelhas,0,18,1,35,Good
United States of America,Parma Heights,1,39,3,42,Good
Indonesia,Pasuruan,1,43,1,99,Moderate
Italy,Paterno,1,40,1,50,Good
India,Pauri,2,79,1,69,Moderate
Brazil,Pedreiras,2,1,2,53,Moderate
United States of America,Pierre,1,12,4,45,Good
United States of America,Plano,1,22,5,62,Moderate
Indonesia,Plered,3,116,1,112,Unhealthy for Sensitive Groups
Albania,Polican,1,39,1,63,Moderate
Italy,Pompei,1,61,2,49,Moderate
India,Sasni,1,46,1,433,Hazardous
Ghana,Sekondi,1,20,0,70,Moderate
India,Shaikhpura,1,91,1,185,Unhealthy
India,Shamli,4,77,9,426,Hazardous
Sweden,Skara,1,31,1,29,Good
Russian Federation,Slyudyanka,1,33,0,28,Good
United States of America,Soddy Daisy,2,48,3,56,Moderate
Russian Federation,Staryy Oskol,1,31,1,45,Good
Denmark,Copenhagen,1,31,3,36,Good
Italy,Corleone,1,46,0,86,Moderate
Paraguay,Coronel Oviedo,3,2,2,83,Moderate
United States of America,Coshocton,2,36,9,75,Moderate
United States of America,Cranford,2,23,14,64,Moderate
Romania,Curtea De Arges,1,40,0,40,Good
India,Daboh,4,159,1,166,Unhealthy
Pakistan,Pindi Gheb,2,179,1,153,Unhealthy
Peru,Piura,0,22,0,43,Good
Colombia,Pivijay,2,10,8,111,Unhealthy for Sensitive Groups
India,Pokaran,0,37,0,500,Hazardous
Canada,Port Huron,1,33,5,37,Good
Italy,Riposto,1,39,1,52,Moderate
United States of America,Rochester,1,21,6,46,Good
Thailand,Trang,1,27,0,56,Moderate
Germany,Traunstein,1,27,1,33,Good
United States of America,Traverse City,1,24,5,30,Good
Sri Lanka,Trincomalee,0,27,0,48,Good
Norway,Tromso,1,32,0,10,Good
United Kingdom of Great Britain and Northern Ireland,Trowbridge,0,30,1,26,Good
United Republic of Tanzania,Tukuyu,0,16,0,19,Good
Sweden,Tumba,0,43,0,22,Good
Brazil,Tupaciguara,1,10,1,33,Good
Myanmar,Twante,0,23,0,58,Moderate
India,Udpura,1,44,0,155,Unhealthy
Hungary,Ullo,1,28,2,44,Good
Malaysia,Ulu Tiram,1,48,3,139,Unhealthy for Sensitive Groups
Thailand,Uthai Thani,0,20,0,43,Good
United States of America,Vernon,1,46,3,50,Good
Spain,Vicar,1,19,8,38,Good
Russian Federation,Vidnoye,1,24,12,66,Moderate
Ecuador,Tena,1,4,1,27,Good
Republic of North Macedonia,Tetovo,1,43,0,48,Good
Brazil,Tibagi,0,18,0,14,Good
France,Vierzon,1,26,2,38,Good
Italy,Vimercate,1,33,3,32,Good
New Zealand,Wanganui,0,25,0,17,Good
Belgium,Waregem,1,24,3,38,Good
United States of America,Waupun,1,16,10,50,Good
India,Deori,2,57,0,172,Unhealthy
India,Dindori,1,45,0,181,Unhealthy
United States of America,Knoxville,1,56,1,19,Moderate
Belgium,Kortrijk,1,38,1,44,Good
France,Lamballe,1,34,2,51,Moderate
Uruguay,Las Piedras,0,25,1,23,Good
Italy,Latina,1,77,0,30,Moderate
Italy,Lerici,1,70,0,38,Moderate
Italy,Lurate Caccivio,1,56,0,97,Moderate
Russian Federation,Lyangasovo,1,31,1,22,Good
Philippines,Mabalacat,2,25,7,153,Unhealthy
Turkey,Ergani,1,39,0,33,Good
Ecuador,Esmeraldas,0,17,0,12,Good
Germany,Essenbach,1,46,2,53,Moderate
Afghanistan,Farah,1,42,0,103,Unhealthy for Sensitive Groups
Romania,Filipestii De Padure,1,40,0,16,Good
China,Dongdu,3,152,3,110,Unhealthy
France,Ecully,2,26,4,110,Unhealthy for Sensitive Groups
Kenya,Embu,2,23,1,63,Moderate
Philippines,Goa,0,25,0,48,Good
India,Golaghat,2,32,0,63,Moderate
Germany,Gottingen,1,37,5,55,Moderate
Brazil,Guara,1,4,2,45,Good
India,Gumia,3,91,2,156,Unhealthy
India,Gummidipundi,2,40,2,86,Moderate
United Kingdom of Great Britain and Northern Ireland,Hawick,1,28,1,14,Good
Germany,Hofheim,2,35,5,72,Moderate
China,Huangzhou,4,101,5,99,Unhealthy for Sensitive Groups
United States of America,Fishers,2,22,17,67,Moderate
Colombia,Florencia,1,3,2,43,Good
United States of America,Fort Pierce,1,23,7,82,Moderate
China,Foshan,4,20,18,149,Unhealthy for Sensitive Groups
Japan,Fujisawa,1,40,2,52,Moderate
France,Gaillard,1,30,2,63,Moderate
Russian Federation,Galich,1,25,1,41,Good
Nepal,Gaur,2,49,1,79,Moderate
Nigeria,Gboko,2,24,0,60,Moderate
Belgium,Ath,1,31,5,64,Moderate
India,Attingal,1,28,0,65,Moderate
Morocco,Azimur,1,21,9,27,Good
Philippines,Baao,0,25,0,48,Good
Sudan,Babanusah,2,15,0,55,Moderate
Italy,Bacoli,1,47,2,40,Good
Philippines,Bacoor,1,27,1,52,Moderate
Brazil,Anapolis,2,4,5,71,Moderate
Italy,Arcore,1,36,4,67,Moderate
Brazil,Acajutiba,1,6,2,29,Good
Italy,Adelfia,1,45,1,20,Good
Azerbaijan,Agdas,1,43,0,60,Moderate
Portugal,Aguas Santas,1,29,3,20,Good
Pakistan,Sillanwali,3,177,1,167,Unhealthy
Armenia,Sisian,1,37,0,45,Good
India,Siyana,3,127,1,160,Unhealthy
Russian Federation,Satka,1,34,0,27,Good
India,Satrikh,3,120,1,157,Unhealthy
Italy,Savigliano,1,37,1,61,Moderate
Portugal,Setubal,0,33,3,27,Good
Russian Federation,Sharya,1,30,0,51,Moderate
India,Shahpur,3,118,1,155,Unhealthy
Germany,Karlsfeld,1,42,2,50,Good
Japan,Kawagoe,1,31,4,21,Good
India,Kemri,4,170,1,161,Unhealthy
India,Khurda,2,51,2,124,Unhealthy for Sensitive Groups
India,Kichha,3,156,0,155,Unhealthy
Nigeria,Kishi,2,21,0,59,Moderate
China,Kuche,1,46,0,157,Unhealthy
Turkey,Kutahya,1,33,0,63,Moderate
France,La Rochelle,1,36,1,16,Good
Spain,Laguna De Duero,1,31,1,13,Good
Germany,Dossenheim,1,38,2,70,Moderate
South Africa,Deneysville,8,10,13,176,Unhealthy
India,Dharur,1,37,1,102,Unhealthy for Sensitive Groups
India,Dindigul,1,29,0,39,Good
China,Dingtao,4,200,3,159,Unhealthy
Russian Federation,Nevelsk,1,28,0,16,Good
United States of America,New Hope,1,31,6,53,Moderate
Indonesia,Ngawen,1,33,0,60,Moderate
India,Nichlaul,2,61,0,85,Moderate
India,Nirmal,1,39,0,135,Unhealthy for Sensitive Groups
Congo,Nkayi,7,23,1,155,Unhealthy
United States of America,Middle River,1,33,7,36,Good
Poland,Miedzychod,1,35,1,51,Moderate
Philippines,Minalin,1,25,2,67,Moderate
Botswana,Moshupa,1,23,0,35,Good
Romania,Motru,1,37,1,49,Good
Hungary,Nagykata,1,42,1,59,Moderate
Brazil,Nova Lima,3,1,8,130,Unhealthy for Sensitive Groups
Nigeria,Ogbomosho,2,22,1,71,Moderate
Italy,Nicosia,1,48,0,52,Moderate
Cameroon,Nkongsamba,1,20,0,54,Moderate
France,Nogent Sur Marne,1,45,1,71,Moderate
Czechia,Nymburk,1,45,0,61,Moderate
Russian Federation,Oboyan,1,40,0,17,Good
United States of America,Fenton,1,30,1,47,Good
United States of America,Ferguson,1,70,2,76,Moderate
Romania,Filiasi,1,63,0,45,Moderate
Russian Federation,Gatchina,1,25,5,19,Good
Germany,Geseke,1,44,0,52,Moderate
Benin,Tchaourou,1,34,0,63,Moderate
India,Thrissur,1,21,4,89,Moderate
India,Tindwari,4,96,5,174,Unhealthy
Poland,Torun,1,42,0,22,Good
France,Tournon Sur Rhone,1,49,0,57,Moderate
Japan,Toyo,1,33,5,50,Good
Brazil,Unai,0,22,0,13,Good
South Africa,Upington,0,29,0,39,Good
Czechia,Veseli Nad Moravou,1,49,0,69,Moderate
Cuba,Pinar Del Rio,0,38,0,17,Good
Australia,Port Lincoln,0,25,0,2,Good
Spain,Premia De Mar,1,56,2,51,Moderate
Poland,Pszow,1,45,0,68,Moderate
Mexico,Puebla,1,34,2,170,Unhealthy
Indonesia,Pundong,5,16,15,160,Unhealthy
Ukraine,Malyn,1,39,0,14,Good
Italy,Mantova,1,64,0,82,Moderate
United States of America,Maple Heights,1,38,2,54,Moderate
Italy,Susegana,1,53,0,81,Moderate
Brazil,Tabira,0,21,0,14,Good
Philippines,Taloc,2,32,2,67,Moderate
Brazil,Sorocaba,1,31,1,73,Moderate
United States of America,Southlake,2,38,4,71,Moderate
Switzerland,Stafa,1,48,0,56,Moderate
Guatemala,Suchiate,1,35,1,77,Moderate
China,Zhifang,10,6,40,179,Unhealthy
Poland,Zory,1,46,1,68,Moderate
Germany,Zweibrucken,1,56,0,63,Moderate
China,Mudu,6,87,17,166,Unhealthy
Greece,Nauplion,1,45,0,57,Moderate
Greece,Nea Ionia,1,46,0,44,Good
Mexico,Nextlalpan,4,8,15,173,Unhealthy
Suriname,Nieuw Nickerie,1,20,0,65,Moderate
Iran (Islamic Republic of),Lahijan,1,44,1,144,Unhealthy for Sensitive Groups
France,Lanester,1,23,3,46,Good
United States of America,Mill Valley,1,38,4,35,Good
Iran (Islamic Republic of),Minudasht,1,43,0,92,Moderate
Zambia,Mkushi,0,20,0,16,Good
Bulgaria,Montana,1,37,0,38,Good
China,Lishu,3,93,1,65,Moderate
United States of America,Logansport,1,27,6,36,Good
Azerbaijan,Lokbatan,1,40,0,51,Moderate
Colombia,Los Palmitos,2,6,7,66,Moderate
Venezuela (Bolivarian Republic of),Los Rastrojos,1,13,3,52,Moderate
Japan,Machida,1,35,3,19,Good
Philippines,Majayjay,0,24,1,51,Moderate
Brazil,Mascote,0,13,0,17,Good
Brazil,Massape,1,13,2,50,Good
United Kingdom of Great Britain and Northern Ireland,Matlock,1,16,8,48,Good
Myanmar,Maubin,0,21,0,52,Moderate
Russian Federation,Mendeleyevsk,1,28,1,46,Good
Brazil,Novo Horizonte,1,12,1,43,Good
Italy,Nuoro,1,31,3,39,Good
Nigeria,Ogaminana,2,27,1,79,Moderate
Brazil,Conceicao Da Barra,0,28,0,27,Good
Hungary,Csongrad,1,51,0,55,Moderate
Mexico,Cuitlahuac,4,24,5,116,Unhealthy for Sensitive Groups
India,Ganjam,2,47,1,116,Unhealthy for Sensitive Groups
Mexico,Garcia,2,8,8,84,Moderate
Belgium,Genk,1,30,3,47,Good
Afghanistan,Geresk,1,39,0,106,Unhealthy for Sensitive Groups
Japan,Iwakuni,2,43,5,48,Good
Japan,Godo,1,59,1,43,Moderate
Brazil,Goianesia,1,10,1,34,Good
Switzerland,Gossau,1,26,5,44,Good
Central African Republic,Grimari,2,10,0,28,Good
Italy,Gualdo Tadino,1,39,3,58,Moderate
India,Haldia,3,73,2,153,Unhealthy
Germany,Heidenau,1,35,2,77,Moderate
Kenya,Kakamega,11,24,6,134,Unhealthy for Sensitive Groups
China,Huangpi,4,179,7,155,Unhealthy
China,Hushitai,4,90,6,127,Unhealthy for Sensitive Groups
Poland,Jaslo,1,32,2,82,Moderate
Poland,Deblin,1,44,0,35,Good
Ukraine,Derazhnya,1,43,0,54,Moderate
Pakistan,Dipalpur,4,95,6,167,Unhealthy
Uruguay,Durazno,0,22,0,18,Good
United States of America,East Grand Rapids,1,29,1,50,Good
United Kingdom of Great Britain and Northern Ireland,Edinburgh,1,35,0,32,Good
India,Ellenabad,3,120,4,171,Unhealthy
United States of America,Wilmington,1,39,1,42,Good
United States of America,Wilton Manors,1,31,2,29,Good
Indonesia,Wonopringgo,6,21,14,163,Unhealthy
China,Xuanwu,8,49,23,164,Unhealthy
Italy,Vignola,1,57,0,56,Moderate
South Africa,Viljoenskroon,3,19,7,133,Unhealthy for Sensitive Groups
Italy,Villaricca,1,71,0,56,Moderate
Germany,Vreden,1,37,1,40,Good
Switzerland,Wallisellen,1,55,0,58,Moderate
India,Wani,2,27,12,162,Unhealthy
Pakistan,Wazirabad,5,34,14,171,Unhealthy
Russian Federation,Kirovo Chepetsk,1,31,0,57,Moderate
Germany,Konigs Wusterhausen,1,29,3,58,Moderate
Japan,Koshigaya,1,45,3,57,Moderate
Sri Lanka,Kotikawatta,1,23,1,71,Moderate
Belgium,La Louviere,1,28,6,73,Moderate
Mexico,La Poza,4,9,6,106,Unhealthy for Sensitive Groups
Albania,Lac,1,41,1,72,Moderate
United States of America,Lynnwood,2,23,11,91,Moderate
Brazil,Madre De Deus,1,9,5,56,Moderate
Hungary,Maglod,1,42,1,63,Moderate
Indonesia,Majenang,1,41,1,62,Moderate
Romania,Maneciu,1,40,0,48,Good
Chad,Mao,1,37,1,151,Unhealthy
Romania,Marasesti,1,41,0,44,Good
Italy,Mascalucia,1,44,1,56,Moderate
China,Mata,2,67,2,71,Moderate
Mexico,Matamoros,1,29,1,74,Moderate
Nicaragua,Mateare,1,17,2,33,Good
Philippines,Mati,0,15,0,23,Good
Japan,Matsudo,1,44,3,56,Moderate
United States of America,Mayaguez,0,22,0,76,Moderate
United States of America,Menomonie,1,30,3,50,Good
Peru,Soritor,1,1,0,40,Good
Venezuela (Bolivarian Republic of),Acarigua,1,19,0,45,Good
El Salvador,Ahuachapan,1,24,1,62,Moderate
India,Aligarh,5,39,19,173,Unhealthy
India,Amanpur,4,28,34,168,Unhealthy
Samoa,Apia,0,17,0,10,Good
Brazil,Aracoiaba Da Serra,2,25,2,78,Moderate
Brazil,Araripina,0,20,0,15,Good
Canada,Baie Comeau,1,25,1,30,Good
United Kingdom of Great Britain and Northern Ireland,Basingstoke,1,28,6,27,Good
Netherlands,Bemmel,1,22,6,43,Good
France,Bollene,1,27,3,56,Moderate
Netherlands,Borsele,1,38,3,53,Moderate
India,Chhapar,1,40,0,325,Hazardous
India,Chikodi,1,30,1,72,Moderate
Peru,Chongoyape,1,5,2,49,Good
Spain,Ciempozuelos,1,23,4,59,Moderate
Indonesia,Cikampek,3,116,1,93,Unhealthy for Sensitive Groups
Italy,Cisternino,1,48,1,29,Good
Romania,Calinesti,1,42,0,50,Good
Italy,Campi Salentina,1,47,0,46,Good
Angola,Caxito,23,31,14,285,Very Unhealthy
Russian Federation,Megion,1,27,0,45,Good
Brazil,Messias,0,24,0,15,Good
United Kingdom of Great Britain and Northern Ireland,Middlesbrough,1,38,0,45,Good
United States of America,Midlothian,2,29,6,66,Moderate
South Africa,Mogwase,3,41,2,129,Unhealthy for Sensitive Groups
Chad,Moussoro,1,44,0,147,Unhealthy for Sensitive Groups
India,Nanjangud,2,15,5,76,Moderate
Brazil,Paulista,0,21,1,33,Good
Germany,Penzberg,1,36,4,53,Moderate
Russian Federation,Salavat,1,34,0,38,Good
Spain,Salou,1,29,2,83,Moderate
Brazil,Orlandia,1,11,1,42,Good
Burkina Faso,Ouagadougou,1,15,1,67,Moderate
Germany,Reiskirchen,1,36,3,66,Moderate
Colombia,Repelon,2,16,7,88,Moderate
United States of America,Ridge,2,25,18,65,Moderate
Russian Federation,Valuyki,1,35,0,42,Good
Greece,Vari,2,36,14,109,Unhealthy for Sensitive Groups
France,Vaureal,2,19,6,76,Moderate
Japan,Yamaga,1,30,1,19,Good
United States of America,Yukon,1,41,2,36,Good
France,Yvetot,1,32,2,65,Moderate
Greece,Zakinthos,1,43,0,82,Moderate
Germany,Troisdorf,1,36,3,59,Moderate
Serbia,Trstenik,1,44,0,69,Moderate
Poland,Trzebiatow,1,31,1,44,Good
China,Tsaotun,3,202,11,154,Very Unhealthy
Spain,Ubeda,1,18,3,42,Good
India,Udayagiri,2,63,0,158,Unhealthy
Finland,Ulvila,1,31,1,16,Good
Brazil,Teofilo Otoni,1,7,1,27,Good
India,Tinnanur,1,39,1,67,Moderate
India,Tiruttani,1,30,1,35,Good
Senegal,Tivaouane,2,18,3,183,Unhealthy
Ukraine,Torez,1,37,1,16,Good
Brazil,Tramandai,0,19,1,20,Good
India,Jhalawar,1,41,0,165,Unhealthy
China,Jingcheng,6,206,8,157,Very Unhealthy
Brazil,Joao Camara,0,19,1,29,Good
India,Kalas,0,25,0,99,Moderate
United States of America,Depew,1,38,2,34,Good
Ireland,Ennis,1,39,0,58,Moderate
Denmark,Farum,0,39,0,19,Good
India,Fatehgarh,1,48,1,307,Hazardous
Italy,Feltre,1,27,2,14,Good
United States of America,Florence,1,31,10,43,Good
Russian Federation,Dzerzhinskiy,1,25,11,62,Moderate
Germany,Eltville,1,35,2,30,Good
Indonesia,Galesong,1,26,0,46,Good
South Africa,George,1,21,0,97,Moderate
Brazil,Belo Jardim,0,15,1,26,Good
Democratic Republic of the Congo,Beni,3,14,0,87,Moderate
United States of America,Benton,1,24,4,74,Moderate
United States of America,Bethany,1,29,2,67,Moderate
Netherlands,Borne,0,33,1,35,Good
Philippines,Cabanatuan,1,30,1,105,Unhealthy for Sensitive Groups
Brazil,Campinas,2,9,7,80,Moderate
Romania,Agnita,1,40,1,63,Moderate
Brazil,Alagoa Grande,0,18,2,43,Good
Poland,Aleksandrow Lodzki,1,27,3,44,Good
India,Almora,1,94,0,87,Moderate
China,Anbu,3,102,6,138,Unhealthy for Sensitive Groups
France,Antony,1,27,3,35,Good
Indonesia,Baturaja,2,38,0,68,Moderate
Spain,Beasain,0,37,0,36,Good
Italy,Acri,1,57,2,52,Moderate
United States of America,Akron,1,44,3,32,Good
Canada,Alliston,2,16,14,66,Moderate
India,Amalner,0,32,0,146,Unhealthy for Sensitive Groups
Guatemala,Amatitlan,3,6,12,126,Unhealthy for Sensitive Groups
India,Avadi,1,28,2,95,Moderate
Greece,Ayios Stefanos,1,42,2,23,Good
India,Babrala,3,161,2,195,Unhealthy
India,Bachhraon,4,173,2,155,Unhealthy
Burkina Faso,Banfora,1,12,0,54,Moderate
Russian Federation,Biysk,1,40,0,25,Good
Indonesia,Blitar,1,25,0,39,Good
Switzerland,Bulle,1,27,1,50,Good
Germany,Bunde,0,29,1,33,Good
United States of America,Callaway,1,20,5,54,Moderate
Italy,Caorle,1,49,1,48,Good
Italy,Castenaso,1,39,2,25,Good
Turkey,Catalca,1,38,1,21,Good
India,Visavadar,0,26,0,157,Unhealthy
Greece,Volos,1,43,0,30,Good
Belgium,Wanze,1,22,5,50,Good
United States of America,West Lake Stevens,2,20,12,52,Moderate
Poland,Wladyslawowo,0,34,0,25,Good
United States of America,Woodbridge,1,29,9,46,Good
Japan,Yanagawa,1,49,0,36,Good
Russian Federation,Yekaterinoslavka,1,33,0,26,Good
India,Yeola,1,31,0,134,Unhealthy for Sensitive Groups
Russian Federation,Yessentuki,1,39,1,45,Good
Russian Federation,Yeysk,1,39,1,22,Good
China,Yongan,3,64,2,83,Moderate
Mexico,Zinapecuaro,1,11,2,46,Good
Portugal,Canico,0,34,0,12,Good
United States of America,Carol City,3,8,17,120,Unhealthy for Sensitive Groups
Brazil,Cha Grande,1,13,4,49,Good
Thailand,Chiang Kham,0,25,0,30,Good
Albania,Corovode,1,40,1,59,Moderate
Indonesia,Bengkulu,2,37,0,75,Moderate
Indonesia,Biak,0,15,0,5,Good
China,Fulitun,1,41,0,50,Good
United States of America,Garfield Heights,1,45,3,33,Good
Brazil,Escada,1,16,4,41,Good
United States of America,Essex,1,32,6,30,Good
Mexico,Lazaro Cardenas,0,18,0,8,Good
France,Le Chambon Feugerolles,1,22,2,32,Good
Italy,Leghorn,1,46,1,22,Good
Finland,Lieksa,1,32,0,27,Good
Slovakia,Lucenec,1,37,0,57,Moderate
France,Luneville,1,23,3,38,Good
United Republic of Tanzania,Lupiro,0,12,0,33,Good
Brazil,Mairipora,9,0,27,180,Unhealthy
India,Mangalam,1,34,0,61,Moderate
Kenya,Maralal,1,14,1,60,Moderate
United States of America,Morton,2,14,13,64,Moderate
Mexico,Motozintla,2,12,7,72,Moderate
Poland,Mragowo,1,39,0,15,Good
Indonesia,Mundu,1,41,0,55,Moderate
Japan,Musashino,1,70,3,46,Moderate
Poland,Mysliborz,1,24,3,35,Good
India,Nalhati,2,99,3,197,Unhealthy
Russian Federation,Neryungri,1,32,0,36,Good
Netherlands,Nuth,1,25,3,31,Good
United States of America,Matthews,2,11,19,67,Moderate
France,Melun,1,26,3,34,Good
France,Mericourt,0,26,2,35,Good
Brazil,Mococa,1,5,5,60,Moderate
France,Montceau Les Mines,1,25,2,42,Good
Brazil,Monte Alegre,1,4,0,33,Good
Italy,Montegrotto Terme,2,24,8,67,Moderate
Belgium,Herve,1,22,5,39,Good
China,Hongjiang,2,65,1,76,Moderate
Italy,Imperia,1,39,2,53,Moderate
Kazakhstan,Inderborskiy,1,36,0,26,Good
Brazil,Jacarei,8,0,18,166,Unhealthy
Nepal,Janakpur,3,114,1,163,Unhealthy
Romania,Jibou,1,24,3,71,Moderate
United States of America,Kingsland,1,21,6,61,Moderate
Russian Federation,Kokhma,1,30,1,24,Good
Thailand,Krathum Baen,1,24,0,54,Moderate
Mexico,La Orilla,0,18,0,8,Good
Malaysia,Labis,1,42,1,88,Moderate
Senegal,Kaolack,1,27,2,129,Unhealthy for Sensitive Groups
Pakistan,Shekhupura,6,40,15,184,Unhealthy
Uzbekistan,Soldatskiy,2,12,15,120,Unhealthy for Sensitive Groups
India,Anupgarh,1,80,0,198,Unhealthy
Germany,Apen,0,34,0,14,Good
Afghanistan,Asadabad,1,43,0,131,Unhealthy for Sensitive Groups
France,Athis Mons,2,20,6,73,Moderate
Nigeria,Azare,3,24,2,78,Moderate
Russian Federation,Arti,1,28,0,36,Good
Spain,San Sebastian De Los Reyes,1,17,6,61,Moderate
Honduras,Santa Rosa De Copan,1,5,3,73,Moderate
Cuba,Santiago De Las Vegas,1,26,2,74,Moderate
United Republic of Tanzania,Songwa,0,15,0,36,Good
Germany,Springe,1,37,1,24,Good
Germany,Stendal,0,39,1,22,Good
Romania,Suceava,1,43,0,67,Moderate
United States of America,Suffern,1,44,3,50,Good
India,Sunam,1,47,0,452,Hazardous
United States of America,Sunbury,1,41,3,41,Good
Japan,Takaishi,1,39,3,43,Good
Japan,Takanosu,1,35,0,11,Good
Poland,Tarnow,1,27,2,61,Moderate
Netherlands,Roosendaal,1,24,6,43,Good
Cuba,Sagua De Tanamo,1,24,2,103,Unhealthy for Sensitive Groups
Venezuela (Bolivarian Republic of),San Antonio Del Tachira,1,12,3,51,Moderate
Venezuela (Bolivarian Republic of),San Carlos Del Zulia,2,15,2,64,Moderate
Italy,San Mauro Torinese,1,32,3,55,Moderate
Brazil,Santa Isabel Do Para,1,11,2,54,Moderate
Brazil,Sao Miguel,0,21,0,35,Good
Brazil,Oliveira,1,23,0,31,Good
India,Ratnagiri,1,23,2,74,Moderate
United States of America,Rolling Meadows,1,28,5,56,Moderate
Nigeria,Owo,2,31,0,63,Moderate
Serbia,Pancevo,1,56,0,59,Moderate
India,Patancheru,5,22,12,189,Unhealthy
Russian Federation,Pavlovskaya,1,45,0,20,Good
Bulgaria,Pazardzik,1,47,0,59,Moderate
Malaysia,Pengkalan Kundang,5,12,23,162,Unhealthy
Viet Nam,Phan Thiet,1,27,1,75,Moderate
Thailand,Phan Thong,3,3,13,129,Unhealthy for Sensitive Groups
Brazil,Jaguarari,0,10,1,13,Good
United States of America,Jennings,2,26,7,56,Moderate
Italy,Jesi,1,39,4,57,Moderate
Thailand,Kaset Sombun,1,22,0,34,Good
Iran (Islamic Republic of),Gorgan,1,47,0,77,Moderate
United Kingdom of Great Britain and Northern Ireland,Gosport,1,24,7,51,Moderate
United States of America,Wentzville,1,27,7,70,Moderate
Australia,Wodonga,0,25,0,11,Good
Germany,Wuppertal,0,26,2,29,Good
China,Xianyang,4,202,5,132,Very Unhealthy
Japan,Yasu,1,45,0,24,Good
Australia,Yeppoon,0,23,3,11,Good
Japan,Yokosuka,1,69,2,45,Moderate
China,Yungho,2,137,1,109,Unhealthy for Sensitive Groups
Russian Federation,Zelenodolsk,1,28,1,19,Good
China,Zhaodong,2,89,2,86,Moderate
Burkina Faso,Tougan,1,11,2,44,Good
Côte d'Ivoire,Toulepleu,3,4,1,82,Moderate
Russian Federation,Tovarkovo,1,33,0,35,Good
Turkey,Trabzon,1,34,0,32,Good
Italy,Troina,1,41,0,39,Good
India,Udagamandalam,0,23,0,55,Moderate
Angola,Uige,5,19,1,132,Unhealthy for Sensitive Groups
Kazakhstan,Ushtobe,1,40,0,57,Moderate
India,Vadgaon,0,24,0,104,Unhealthy for Sensitive Groups
United States of America,Vallejo,1,29,11,56,Moderate
United States of America,Valley Falls,1,33,5,47,Good
Bulgaria,Varna,1,44,1,31,Good
Armenia,Vedi,1,26,1,61,Moderate
Slovenia,Velenje,1,32,3,82,Moderate
Brazil,Videira,1,11,0,16,Good
Germany,Vienenburg,0,30,1,36,Good
Thailand,Taphan Hin,0,21,0,53,Moderate
Peru,Tarma,1,3,1,15,Good
Afghanistan,Taywarah,0,39,0,62,Moderate
Mexico,Tehuacan,1,18,4,62,Moderate
Spain,Tineo,1,29,3,35,Good
Spain,Tomares,1,18,4,24,Good
Ukraine,Volnovakha,1,44,1,22,Good
Peru,Nazca,0,10,1,11,Good
France,Neuilly Sur Seine,1,20,5,51,Moderate
United States of America,Newberg,1,19,8,32,Good
Czechia,Nove Mesto Nad Metuji,0,29,1,28,Good
Germany,Hatten,0,35,1,34,Good
Belgium,Chaudfontaine,1,32,2,34,Good
Thailand,Chiang Klang,0,29,0,29,Good
Romania,Alesd,1,32,1,50,Good
Philippines,Amungan,0,25,0,67,Moderate
United States of America,Andover,1,45,3,42,Good
Sri Lanka,Anuradhapura,0,26,0,47,Good
Russian Federation,Arkhara,1,34,0,31,Good
United States of America,Cloquet,2,21,5,49,Good
United States of America,College,2,22,4,61,Moderate
Portugal,Cova Da Piedade,0,30,2,45,Good
India,Cumbum,0,37,0,106,Unhealthy for Sensitive Groups
Japan,Ayabe,1,41,0,27,Good
Romania,Bacau,1,43,0,64,Moderate
Ethiopia,Bako,1,15,0,58,Moderate
Brazil,Barra Dos Coqueiros,0,18,1,40,Good
Belize,Belize,1,24,0,74,Moderate
Germany,Bensheim,1,34,1,29,Good
United States of America,Blytheville,2,17,10,88,Moderate
China,Boli,1,37,0,36,Good
United States of America,Brockville,1,39,0,29,Good
Guadeloupe,Capesterre Belle Eau,0,25,0,97,Moderate
United States of America,Carlsbad,1,29,0,122,Unhealthy for Sensitive Groups
Italy,Casaluce,1,43,3,20,Good
Brazil,Catole Do Rocha,0,13,1,32,Good
France,Cergy,1,19,4,46,Good
United States of America,Yazoo City,1,19,3,50,Good
China,Yidu,2,117,3,86,Unhealthy for Sensitive Groups
India,Yol,2,99,0,137,Unhealthy for Sensitive Groups
Russian Federation,Zakamensk,1,30,0,66,Moderate
Kazakhstan,Zhanatas,1,34,0,113,Unhealthy for Sensitive Groups
Zimbabwe,Zvishavane,1,18,0,39,Good
United States of America,Westborough,1,46,2,42,Good
China,Wuxue,4,158,3,96,Unhealthy
Azerbaijan,Xacmaz,1,36,0,56,Moderate
Mexico,Xico,2,2,16,157,Unhealthy
Japan,Yamada,1,36,0,21,Good
Afghanistan,Kholm,1,35,0,123,Unhealthy for Sensitive Groups
Russian Federation,Klimovo,1,41,0,14,Good
Germany,Konigswinter,1,49,0,55,Moderate
Russian Federation,Kozlovka,1,33,1,39,Good
China,Laohekou,7,31,22,162,Unhealthy
United States of America,Lewiston,1,24,2,38,Good
France,Lomme,1,38,1,44,Good
Poland,Lubaczow,1,46,0,76,Moderate
Egypt,Luxor,1,75,0,75,Moderate
Finland,Aanekoski,1,33,0,3,Good
Nigeria,Abakaliki,2,38,0,72,Moderate
Portugal,Agueda,0,42,0,18,Good
Australia,Albury,0,11,3,24,Good
Russian Federation,Alekseyevka,1,42,0,29,Good
India,Alipur Duar,5,10,11,152,Unhealthy
Germany,Altdorf,1,67,0,69,Moderate
Mozambique,Angoche,0,33,0,63,Moderate
Belgium,Arlon,1,49,0,61,Moderate
India,Attur,3,17,8,131,Unhealthy for Sensitive Groups
China,Dezhou,5,100,15,157,Unhealthy
Niger,Dogondoutchi,1,39,0,74,Moderate
Netherlands,Eibergen,1,38,0,35,Good
Afghanistan,Eskasem,0,14,0,85,Moderate
Sweden,Eslov,1,43,0,12,Good
France,Evry,1,44,1,74,Moderate
United States of America,Flower Mound,2,32,5,68,Moderate
United States of America,Fort Madison,1,45,1,60,Moderate
Argentina,General Roca,0,12,1,5,Good
France,Cluses,1,40,0,62,Moderate
United States of America,Collierville,1,44,2,73,Moderate
France,Colomiers,1,39,1,41,Good
France,Cran Gevrier,1,43,0,61,Moderate
Brazil,Cravinhos,1,25,0,50,Good
United States of America,Culpeper,1,49,0,33,Good
Pakistan,Mankera,3,116,3,192,Unhealthy
France,Marcq En Baroeul,1,38,1,44,Good
South Africa,Graaff Reinet,0,10,1,18,Good
United States of America,Hagerstown,1,43,4,43,Good
China,Handan,5,200,7,163,Unhealthy
Australia,Hervey Bay,0,36,0,17,Good
India,Jamtara,3,103,1,107,Unhealthy for Sensitive Groups
Indonesia,Jeluko,2,49,1,80,Moderate
Indonesia,Kadipaten,1,37,0,63,Moderate
India,Kalyani,5,119,5,171,Unhealthy
Slovenia,Kamnik,2,27,3,78,Moderate
United States of America,Hillcrest Heights,1,44,5,54,Moderate
Finland,Hollola,1,46,2,38,Good
Democratic Republic of the Congo,Ilebo,6,28,0,95,Moderate
Germany,Schleiden,1,37,2,58,Moderate
Switzerland,Schwyz,1,25,2,37,Good
Germany,Sendenhorst,1,33,2,35,Good
Pakistan,Sanghar,1,44,0,175,Unhealthy
Brazil,Santa Maria,1,13,0,24,Good
Brazil,Santa Rosa De Viterbo,1,12,2,51,Moderate
India,Someshwar,0,22,0,68,Moderate
Netherlands,Son En Breugel,1,30,2,28,Good
France,Stains,1,21,6,69,Moderate
United States of America,Sturgis,1,41,2,34,Good
Poland,Sulejowek,1,28,5,102,Unhealthy for Sensitive Groups
Uganda,Kiboga,2,21,0,72,Moderate
Hungary,Kormend,1,34,2,66,Moderate
Russian Federation,Koryazhma,1,37,0,21,Good
Turkey,Kozan,1,40,0,53,Moderate
Indonesia,Kramat,2,62,1,99,Moderate
Netherlands,Langedijk,0,34,1,13,Good
United States of America,Lathrop,1,30,7,34,Good
Germany,Aalen,1,36,3,61,Moderate
Yemen,Aden,1,41,0,81,Moderate
Ecuador,Alausi,1,3,2,40,Good
United States of America,Amherst,2,15,19,86,Moderate
Netherlands,Apeldoorn,1,23,6,39,Good
Russian Federation,Davlekanovo,1,40,0,30,Good
United States of America,Dearborn,2,22,18,94,Moderate
India,Dharangaon,1,38,0,108,Unhealthy for Sensitive Groups
India,Dondaicha,1,38,0,121,Unhealthy for Sensitive Groups
Netherlands,Epe,1,23,6,37,Good
United States of America,Federal Way,1,28,9,55,Moderate
Democratic Republic of the Congo,Kikwit,16,106,10,267,Very Unhealthy
Sweden,Koping,1,29,0,10,Good
Spain,Lalin,1,15,3,26,Good
France,Les Lilas,2,17,9,83,Moderate
Germany,Lilienthal,1,23,7,65,Moderate
Chile,Loncoche,0,25,1,34,Good
China,Lotung,0,25,1,27,Good
China,Lushunkou,4,107,0,55,Unhealthy for Sensitive Groups
Chile,La Ligua,6,1,15,106,Unhealthy for Sensitive Groups
United Republic of Tanzania,Magugu,0,17,0,18,Good
India,Maham,4,184,1,172,Unhealthy
Brazil,Neropolis,2,3,6,74,Moderate
United States of America,New Bedford,1,32,7,27,Good
United States of America,New Britain,2,19,15,60,Moderate
United States of America,New Castle,2,25,11,65,Moderate
United States of America,North Merrick,2,16,22,71,Moderate
Italy,Novellara,1,44,2,57,Moderate
United Republic of Tanzania,Nshamba,1,17,0,50,Good
Mexico,Ocotlan,3,7,6,78,Moderate
Venezuela (Bolivarian Republic of),Goaigoaza,1,46,0,89,Moderate
Brazil,Goiana,0,25,0,22,Good
Brazil,Guapimirim,1,26,1,56,Moderate
Italy,Guspini,1,62,0,22,Moderate
United Republic of Tanzania,Hedaru,0,20,0,15,Good
China,Hefei,8,16,33,172,Unhealthy
Denmark,Hillerod,1,44,0,13,Good
Brazil,Ibatiba,0,21,0,23,Good
Germany,Ibbenburen,1,41,0,37,Good
Brazil,Igarape,1,24,0,41,Good
Indonesia,Indramayu,2,29,2,98,Moderate
Germany,Itzehoe,1,44,0,22,Good
China,Jingdezhen,5,7,17,151,Unhealthy
India,Kantabanji,2,48,1,157,Unhealthy
Pakistan,Karak,0,34,0,77,Moderate
India,Karnal,4,58,7,161,Unhealthy
Russian Federation,Marks,1,41,0,26,Good
Pakistan,Mehrabpur,2,21,11,149,Unhealthy for Sensitive Groups
United States of America,Morgantown,1,35,4,38,Good
Switzerland,Munsingen,1,41,0,43,Good
Cameroon,Ngaoundere,1,16,0,67,Moderate
United States of America,North Miami,1,31,3,35,Good
United States of America,North New Hyde Park,1,46,5,58,Moderate
United States of America,Northview,1,31,0,46,Good
Pakistan,Okara,4,89,6,171,Unhealthy
Portugal,Oliveira De Azemeis,0,42,0,18,Good
Nigeria,Oyan,2,38,0,75,Moderate
Russian Federation,Polazna,1,41,1,41,Good
Guatemala,Poptun,1,20,0,48,Good
United States of America,Prior Lake,1,33,2,54,Moderate
India,Rajapur,4,105,5,175,Unhealthy
India,Rambha,2,48,1,97,Moderate
India,Yellamanchili,3,38,5,95,Moderate
Russian Federation,Yemanzhelinsk,1,35,2,13,Good
Mexico,Zacualtipan,2,24,3,59,Moderate
United Kingdom of Great Britain and Northern Ireland,Farnborough,1,25,5,27,Good
United States of America,Fayetteville,2,34,5,55,Moderate
Romania,Basarabi,1,43,0,24,Good
South Africa,Colesberg,1,17,1,26,Good
United States of America,Marinette,1,20,3,57,Moderate
Germany,Mayen,1,37,3,59,Moderate
United States of America,Metuchen,2,26,12,58,Moderate
United States of America,Mountain Home,1,41,2,38,Good
United Republic of Tanzania,Mtwango,0,18,0,13,Good
Saudi Arabia,Najran,0,34,0,98,Moderate
Thailand,Nakhon Ratchasima,0,25,0,36,Good
China,Nanchang,4,24,11,120,Unhealthy for Sensitive Groups
India,Milak,3,96,1,151,Unhealthy
Brazil,Mombaca,0,9,1,26,Good
Italy,Monopoli,1,48,1,25,Good
Italy,Montignoso,1,42,2,55,Moderate
Japan,Aioi,1,45,1,30,Good
Brazil,Alagoinhas,1,10,4,48,Good
Venezuela (Bolivarian Republic of),Altagracia De Orituco,1,13,3,153,Unhealthy
Brazil,Altos,1,7,2,50,Good
Romania,Arad,1,37,1,73,Moderate
Brazil,Assis,1,12,0,27,Good
Mexico,Atlixco,2,13,8,118,Unhealthy for Sensitive Groups
France,Auchel,0,29,1,31,Good
Italy,Avezzano,1,43,0,24,Good
Italy,Azzano Decimo,1,47,1,37,Good
China,Bamiantong,1,38,0,50,Good
Brazil,Barbalha,0,12,2,32,Good
Thailand,Bang Mun Nak,0,22,0,22,Good
Philippines,Bantay,0,26,0,34,Good
Brazil,Barrinha,1,8,3,57,Moderate
Benin,Bassila,2,14,0,50,Good
Central African Republic,Batangafo,2,6,0,83,Moderate
Libya,Benghazi,1,49,1,24,Good
Germany,Bergheim,1,24,4,45,Good
India,Bihar,4,156,1,178,Unhealthy
India,Bobbili,2,24,3,130,Unhealthy for Sensitive Groups
Brazil,Brumado,0,10,1,16,Good
Germany,Buchloe,1,35,2,69,Moderate
Italy,Cornaredo,1,38,4,66,Moderate
France,Creteil,1,26,3,34,Good
United States of America,Camden,1,22,3,57,Moderate
United States of America,Castro Valley,2,17,22,71,Moderate
United States of America,Cayey,0,22,0,79,Moderate
India,Chandur Bazar,0,35,0,132,Unhealthy for Sensitive Groups
Germany,Birsfelden,1,24,2,44,Good
Russian Federation,Blagoveshchenka,1,33,0,21,Good
Romania,Botosani,1,44,0,63,Moderate
Bosnia and Herzegovina,Brcko,1,40,1,61,Moderate
India,Chiknayakanhalli,0,22,0,46,Good
Pakistan,Daur,1,38,1,169,Unhealthy
China,Dengzhou,4,113,4,141,Unhealthy for Sensitive Groups
Belgium,Diepenbeek,1,21,5,40,Good
Madagascar,Beloha,0,24,0,17,Good
India,Bhadasar,1,38,0,500,Hazardous
India,Bilkha,0,32,0,151,Unhealthy
United States of America,Overland Park,1,24,9,96,Moderate
Brazil,Pastos Bons,1,13,0,54,Moderate
Russian Federation,Petrovsk Zabaykalskiy,1,31,0,32,Good
Brazil,Piracuruca,1,5,2,39,Good
Australia,Port Pirie,0,20,0,19,Good
Colombia,Puerto Boyaca,3,10,3,66,Moderate
China,Qidong,4,119,3,123,Unhealthy for Sensitive Groups
Bangladesh,Raypur,2,36,2,166,Unhealthy
South Africa,Reitz,4,19,5,138,Unhealthy for Sensitive Groups
United States of America,Roanoke,2,15,7,58,Moderate
Brazil,Rondonopolis,1,9,0,37,Good
United States of America,Rosemount,1,39,4,53,Moderate
Syrian Arab Republic,Salamiyah,1,49,1,63,Moderate
Spain,San Pedro Del Pinatar,1,25,3,49,Good
Germany,Sandhausen,0,29,2,24,Good
Benin,Athieme,1,22,1,83,Moderate
Brazil,Auriflama,1,12,1,55,Moderate
Russian Federation,Bachi Yurt,1,47,1,52,Moderate
Spain,Bailen,1,20,3,38,Good
Bangladesh,Bajitpur,2,45,2,174,Unhealthy
Indonesia,Bandar,1,22,0,51,Moderate
Russian Federation,Belaya Kalitva,1,37,0,17,Good
United States of America,Bessemer,1,28,7,46,Good
Pakistan,Bhag,1,76,0,168,Unhealthy
Brazil,Afogados Da Ingazeira,0,12,0,24,Good
Spain,Almendralejo,1,27,3,37,Good
Italy,Alpignano,1,23,3,40,Good
India,Sayalgudi,1,32,0,59,Moderate
Pakistan,Shahpur City,2,154,1,165,Unhealthy
Japan,Shiroishi,1,45,0,18,Good
Malaysia,Simpang Rengam,1,43,1,94,Moderate
Germany,Sinsheim,0,29,2,25,Good
United States of America,Phillipsburg,1,28,8,54,Moderate
United States of America,Pomona,2,26,22,87,Moderate
Angola,Soyo,0,23,0,77,Moderate
Russian Federation,Starovelichkovskaya,1,40,2,47,Good
United States of America,Sulphur Springs,1,27,2,54,Moderate
Nigeria,Port Harcourt,9,24,8,179,Unhealthy
Serbia,Prijepolje,1,23,0,61,Moderate
Tunisia,Qafsah,1,38,0,64,Moderate
United Republic of Tanzania,Sikonge,0,18,0,17,Good
Denmark,Slagelse,1,44,0,15,Good
Philippines,Solano,1,13,4,56,Moderate
Italy,Scafati,1,71,0,56,Moderate
Indonesia,Serpong,14,10,51,297,Very Unhealthy
Germany,Salzkotten,1,36,1,40,Good
India,Samdari,1,33,0,265,Hazardous
United States of America,Red Bluff,1,26,4,26,Good
United States of America,Rockwall,1,20,3,133,Unhealthy for Sensitive Groups
Italy,Orbassano,4,17,6,151,Unhealthy
Czechia,Pardubice,1,43,1,82,Moderate
United States of America,Kannapolis,2,44,8,61,Moderate
Indonesia,Kedungwaru,1,30,0,51,Moderate
Malaysia,Kelapa Sawit,1,39,3,117,Unhealthy for Sensitive Groups
Azerbaijan,Kesla,1,41,0,52,Moderate
India,Khadki,0,23,0,84,Moderate
China,Yatou,2,47,2,44,Good
Uzbekistan,Yaypan,1,44,3,142,Unhealthy for Sensitive Groups
Peru,Barranca,1,22,0,40,Good
Kuwait,Bayan,3,124,18,161,Unhealthy
Uzbekistan,Bekobod,1,38,2,128,Unhealthy for Sensitive Groups
Spain,Berja,1,38,0,32,Good
India,Bhanjanagar,3,43,2,121,Unhealthy for Sensitive Groups
India,Bharwari,4,96,6,179,Unhealthy
Republic of Moldova,Briceni,1,48,0,54,Moderate
Costa Rica,Calle Blancos,1,26,1,47,Good
Spain,Camargo,1,42,0,15,Good
Brazil,Campanha,1,21,1,45,Good
Italy,Casatenovo,1,56,0,96,Moderate
United States of America,Chambersburg,1,46,1,42,Good
India,Chengannur,2,20,4,86,Moderate
Chile,Chiguayante,3,12,7,155,Unhealthy
Mexico,Chilac,0,26,0,41,Good
India,Chitapur,2,36,3,156,Unhealthy
Colombia,Cajica,1,2,5,58,Moderate
Czechia,Cesky Krumlov,1,38,1,68,Moderate
France,Clichy,2,28,6,71,Moderate
United States of America,Cortland,3,5,10,72,Moderate
Canada,Cranbrook,1,30,1,44,Good
Colombia,Dabeiba,1,10,0,18,Good
Germany,Buren,1,39,4,69,Moderate
Australia,Busselton,0,32,0,8,Good
Philippines,Dasmarinas,1,24,1,54,Moderate
Republic of North Macedonia,Delcevo,1,40,0,67,Moderate
Pakistan,Dokri,1,49,1,170,Unhealthy
United States of America,East Greenwich,1,25,7,33,Good
Mexico,El Arenal,2,1,8,73,Moderate
Germany,Eningen,1,26,3,68,Moderate
Brazil,Espirito Santo Do Pinhal,2,9,4,75,Moderate
Germany,Esslingen,1,27,3,64,Moderate
Brazil,Faxinal,1,13,1,40,Good
Bangladesh,Maulvi Bazar,3,33,2,60,Moderate
India,Mehkar,1,34,0,144,Unhealthy for Sensitive Groups
Belgium,Merchtem,1,28,4,43,Good
Brazil,Milagres,0,11,1,30,Good
Gabon,Mouila,2,13,0,84,Moderate
Germany,Munster,1,29,3,53,Moderate
United States of America,West Plains,2,9,6,81,Moderate
Australia,Whyalla,0,25,0,31,Good
China,Wuhu,4,155,5,100,Unhealthy
China,Yinchuan,1,47,0,137,Unhealthy for Sensitive Groups
Japan,Yomitan,2,99,0,41,Moderate
Brazil,Toritama,0,17,1,36,Good
Russian Federation,Troitsk,1,31,7,44,Good
Philippines,Tuguegarao,1,31,0,39,Good
Brazil,Turiacu,0,15,0,22,Good
Romania,Turnu Magurele,1,38,2,62,Moderate
United States of America,Vandalia,1,40,5,76,Moderate
Croatia,Varazdin,1,42,1,69,Moderate
Ukraine,Vysokyy,1,33,2,52,Moderate
Japan,Waki,1,55,0,17,Moderate
United States of America,Warrenville,2,12,18,81,Moderate
France,Wattignies,0,29,2,32,Good
Rwanda,Gitarama,6,23,2,79,Moderate
United States of America,Goose Creek,1,30,5,72,Moderate
United States of America,Gorham,1,39,2,39,Good
France,Gros Morne,0,25,0,86,Moderate
Peru,Ilo,0,18,3,16,Good
United States of America,Hopkinton,1,46,3,50,Good
India,Hosur,0,27,0,59,Moderate
Peru,Huanuco,0,4,1,21,Good
United States of America,Idaho Falls,1,13,5,50,Good
Japan,Fussa,1,34,4,45,Good
Ethiopia,Gewane,1,27,0,143,Unhealthy for Sensitive Groups
Germany,Havixbeck,1,34,2,25,Good
Japan,Otaru,1,33,0,17,Good
Malaysia,Tawau,1,9,1,26,Good
United States of America,Taylorsville,1,42,2,45,Good
Italy,Tempio Pausania,1,46,0,29,Good
South Africa,Thohoyandou,1,29,0,31,Good
Guinea,Tondon,2,30,1,100,Unhealthy for Sensitive Groups
Madagascar,Tsaratanana,1,19,0,41,Good
Japan,Tsuyama,1,40,5,53,Moderate
Indonesia,Tulangan,3,10,10,164,Unhealthy
Bangladesh,Tungi,4,18,12,152,Unhealthy
Japan,Ueno,2,11,16,99,Moderate
India,Utran,1,17,3,111,Unhealthy for Sensitive Groups
Italy,Vedelago,1,58,0,85,Moderate
Brazil,Santos,1,29,3,66,Moderate
Brazil,Sao Bento,0,22,0,19,Good
Brazil,Sao Joaquim Do Monte,0,23,0,18,Good
Colombia,Malambo,1,28,1,87,Moderate
Russian Federation,Maloyaroslavets,1,39,0,19,Good
United States of America,Westbury,2,38,8,59,Moderate
United States of America,Whittier,4,12,26,154,Unhealthy
Netherlands,Wierden,1,36,0,29,Good
United Kingdom of Great Britain and Northern Ireland,Wilmslow,1,35,1,40,Good
Germany,Wilnsdorf,1,47,0,54,Moderate
China,Xiangxiang,13,5,35,185,Unhealthy
Mexico,Xoxocotlan,1,25,0,54,Moderate
Japan,Yachimata,1,31,8,56,Moderate
Colombia,Saravena,1,8,1,28,Good
United States of America,Sauk Rapids,1,29,5,45,Good
United States of America,Seagoville,1,28,5,57,Moderate
Turkey,Seydisehir,1,33,0,62,Moderate
Serbia,Sid,1,45,1,62,Moderate
India,Sidhpura,4,153,3,165,Unhealthy
United Kingdom of Great Britain and Northern Ireland,Airdrie,1,21,5,34,Good
Costa Rica,Alajuelita,2,3,12,58,Moderate
China,Changping,5,156,9,161,Unhealthy
Cuba,Cifuentes,0,20,2,52,Moderate
Poland,Czeladz,1,39,2,83,Moderate
China,Yuli,1,21,4,46,Good
India,Zaidpur,4,48,8,163,Unhealthy
Germany,Zeven,0,41,0,26,Good
Germany,Zwiesel,1,49,0,69,Moderate
Italy,Castelfiorentino,1,42,3,40,Good
United States of America,Brownsville,2,18,5,151,Unhealthy
Russian Federation,Bryansk,1,34,3,34,Good
Colombia,Calarca,4,0,4,125,Unhealthy for Sensitive Groups
India,Bansi,3,152,1,146,Unhealthy
Slovakia,Banska Stiavnica,1,42,1,81,Moderate
Spain,Olot,1,46,0,30,Good
Japan,Oyabe,3,25,16,97,Moderate
India,Pithapuram,3,38,4,113,Unhealthy for Sensitive Groups
Czechia,Plzen,1,50,0,62,Moderate
Brazil,Pompeu,1,24,0,35,Good
India,Pratapgarh,4,94,6,179,Unhealthy
Finland,Raahe,1,32,0,4,Good
Mexico,Coyuca,1,30,0,57,Moderate
Colombia,Curumani,1,18,0,66,Moderate
Malaysia,Pasir Gudang,2,4,21,141,Unhealthy for Sensitive Groups
Myanmar,Pathein,1,26,0,30,Good
Brazil,Pau Dos Ferros,0,22,0,17,Good
Italy,Pescantina,1,49,0,83,Moderate
United States of America,Romulus,1,35,1,59,Moderate
Germany,Steinheim,1,43,0,50,Good
Zambia,Kaoma,1,23,0,31,Good
China,Taikang,4,34,6,100,Unhealthy for Sensitive Groups
Brazil,Tamandare,0,23,0,15,Good
China,Tancheng,6,76,15,151,Unhealthy
Spain,Tarragona,1,42,0,48,Good
United Kingdom of Great Britain and Northern Ireland,Walsall,1,31,1,34,Good
Australia,Dubbo,0,15,0,13,Good
Pakistan,Dunyapur,3,148,1,168,Unhealthy
Brazil,Duque De Caxias,12,9,37,268,Very Unhealthy
United States of America,Elk Plain,1,25,11,59,Moderate
China,Dongli,2,76,1,68,Moderate
Sweden,Falkoping,1,45,0,19,Good
Turkmenistan,Farap,1,47,0,150,Unhealthy
Mexico,Berriozabal,2,15,6,78,Moderate
Senegal,Bignona,1,22,1,122,Unhealthy for Sensitive Groups
Norway,Bodo,0,26,0,11,Good
India,Along,2,32,0,64,Moderate
India,Ambah,4,161,1,169,Unhealthy
Indonesia,Arjawinangun,2,57,1,68,Moderate
Brazil,Abreu E Lima,0,19,1,28,Good
Mexico,Acaponeta,2,11,3,145,Unhealthy for Sensitive Groups
Israel,Ashdod,2,42,7,97,Moderate
Italy,Asti,1,34,3,59,Moderate
Mexico,Atenco,4,3,18,198,Unhealthy
United States of America,Auburndale,1,5,20,63,Moderate
Germany,Bad Durkheim,1,34,3,73,Moderate
India,Tenkasi,1,26,0,51,Moderate
Brazil,Terra Rica,1,10,2,60,Moderate
United Kingdom of Great Britain and Northern Ireland,Thatcham,1,28,5,26,Good
United States of America,The Crossings,1,18,11,64,Moderate
New Zealand,Tokoroa,0,9,2,18,Good
France,Tourcoing,1,36,2,46,Good
Brazil,Ubatuba,1,12,2,50,Good
United Kingdom of Great Britain and Northern Ireland,Kingsteignton,1,32,1,38,Good
Japan,Koganei,2,24,18,84,Moderate
Russian Federation,Krasnogorskiy,1,35,1,12,Good
Russian Federation,Krasnousolskiy,1,37,0,18,Good
Japan,Kudamatsu,1,51,3,59,Moderate
Malaysia,Labuan,2,25,0,18,Good
United States of America,Lackawanna,1,33,1,41,Good
Brazil,Lagoa Santa,1,22,0,45,Good
China,Lingdong,3,30,11,128,Unhealthy for Sensitive Groups
India,Lonavale,4,31,5,156,Unhealthy
Bulgaria,Lovec,1,47,0,53,Moderate
Japan,Akabira,1,28,4,52,Moderate
Greece,Amalias,1,41,0,105,Unhealthy for Sensitive Groups
Ethiopia,Metehara,1,34,0,77,Moderate
Mexico,Motul,1,27,0,57,Moderate
United States of America,Mustang,1,46,1,57,Moderate
Japan,Nagayo,1,37,6,36,Good
Kenya,Nakuru,2,12,1,84,Moderate
Pakistan,Daultala,5,29,12,170,Unhealthy
India,Diamond Harbour,4,15,11,156,Unhealthy
India,Dighwara,5,47,7,169,Unhealthy
United States of America,Elmont,1,46,4,57,Moderate
Japan,Fukaya,1,43,1,16,Good
Germany,Furstenfeldbruck,1,25,3,38,Good
Pakistan,Garhi Khairo,1,44,3,171,Unhealthy
United States of America,Hinesville,1,29,3,65,Moderate
United States of America,Inkster,4,7,26,154,Unhealthy
Poland,Jedrzejow,1,23,3,49,Good
Greece,Kalamata,1,44,0,51,Moderate
Mexico,Eldorado,2,12,3,88,Moderate
Iran (Islamic Republic of),Esfahan,1,54,1,151,Unhealthy
France,Etaples,0,29,2,28,Good
Côte d'Ivoire,Ferkessedougou,1,12,0,34,Good
United States of America,Kernersville,2,11,16,70,Moderate
United States of America,Kennesaw,2,34,9,65,Moderate
Germany,Unterhaching,0,29,1,33,Good
Kazakhstan,Urdzhar,1,34,0,58,Moderate
Turkey,Uzunkopru,1,44,0,22,Good
Mexico,Valladolid,1,23,0,42,Good
India,Vapi,0,21,0,131,Unhealthy for Sensitive Groups
Germany,Varel,1,32,3,27,Good
United States of America,Vero Beach,1,19,6,43,Good
United States of America,Thomasville,2,30,8,61,Moderate
France,Thonon Les Bains,1,28,1,32,Good
China,Tianmen,4,178,4,129,Unhealthy
France,Troyes,1,25,1,30,Good
Spain,Tudela,0,35,0,19,Good
China,Tunghsiao,2,82,4,67,Moderate
India,Viraganur,1,41,1,78,Moderate
Russian Federation,Vostryakovo,1,27,8,57,Moderate
Russian Federation,Vyazemskiy,1,32,0,29,Good
Japan,Kushikino,1,67,0,30,Moderate
Monaco,La Condamine,1,44,2,50,Good
United States of America,Laguna Woods,2,14,19,64,Moderate
United States of America,Las Cruces,1,12,9,56,Moderate
United States of America,Levelland,1,33,1,63,Moderate
China,Lianzhou,3,40,2,115,Unhealthy for Sensitive Groups
Democratic Republic of the Congo,Likasi,1,22,0,53,Moderate
Uganda,Lira,2,27,0,61,Moderate
Russian Federation,Lokot,1,37,0,10,Good
New Zealand,Lower Hutt,0,27,0,65,Moderate
Poland,Lubsko,1,26,3,43,Good
Brazil,Macaubas,0,6,1,21,Good
United Kingdom of Great Britain and Northern Ireland,Macclesfield,1,30,3,38,Good
Indonesia,Magetan,1,26,0,42,Good
Russian Federation,Makhachkala,1,40,0,48,Good
Japan,Chigasaki,1,37,4,45,Good
Spain,Coria Del Rio,1,30,3,36,Good
Serbia,Cuprija,1,35,0,28,Good
Russian Federation,Bolshevo,1,27,7,53,Moderate
Côte d'Ivoire,Bongouanou,1,15,0,73,Moderate
Ukraine,Boyarka,1,39,2,58,Moderate
United States of America,Branford,1,46,5,70,Moderate
Saudi Arabia,Buraydah,1,53,0,144,Unhealthy for Sensitive Groups
Uganda,Busembatia,6,30,2,102,Unhealthy for Sensitive Groups
Brazil,Cardoso,1,8,1,56,Moderate
United States of America,Centereach,2,40,10,74,Moderate
Costa Rica,Chacarita,1,18,4,46,Good
Philippines,Kiamba,0,16,0,13,Good
Russian Federation,Klintsy,1,32,0,48,Good
India,Kopargaon,1,32,0,145,Unhealthy for Sensitive Groups
India,Koraput,1,44,0,157,Unhealthy
Germany,Korb,0,30,1,27,Good
United Republic of Tanzania,Kandete,0,16,0,23,Good
Mali,Kangaba,1,14,0,42,Good
India,Kankipadu,1,42,0,143,Unhealthy for Sensitive Groups
Thailand,Kantang,1,27,0,56,Moderate
India,Kesabpur,3,94,4,181,Unhealthy
Russian Federation,Krasnozavodsk,1,31,0,30,Good
Czechia,Kadan,1,30,2,29,Good
Japan,Kaminokawa,1,43,1,36,Good
United States of America,Fond Du Lac,1,28,1,51,Moderate
Liberia,Gbarnga,0,17,0,21,Good
United States of America,Encinitas,2,9,22,67,Moderate
United States of America,Euclid,1,40,4,25,Good
France,Firminy,1,34,1,145,Unhealthy for Sensitive Groups
United States of America,Eloy,1,21,6,59,Moderate
United States of America,Gahanna,1,48,3,42,Good
Brazil,Guaraciaba Do Norte,1,7,1,38,Good
United States of America,Haines City,1,8,17,60,Moderate
Norway,Halden,1,46,1,22,Good
Philippines,Hermosa,1,26,1,54,Moderate
United States of America,Hillsdale,2,17,19,75,Moderate
Russian Federation,Ilskiy,1,37,2,34,Good
India,Indi,1,34,0,131,Unhealthy for Sensitive Groups
Spain,Jaca,1,31,0,49,Good
India,Jhajjar,4,180,2,175,Unhealthy
Pakistan,Jhawarian,4,191,1,172,Unhealthy
Sierra Leone,Kailahun,1,17,0,40,Good
Italy,Frattamaggiore,2,48,8,65,Moderate
United Kingdom of Great Britain and Northern Ireland,George Town,1,27,0,78,Moderate
China,Nanding,2,122,4,93,Unhealthy for Sensitive Groups
Guinea,Nzerekore,1,17,0,20,Good
Nigeria,Obosi,7,24,5,145,Unhealthy for Sensitive Groups
Iran (Islamic Republic of),Shirvan,1,40,0,100,Unhealthy for Sensitive Groups
Tunisia,Silyanah,1,47,0,55,Moderate
Indonesia,Singaparna,1,29,0,52,Moderate
Ukraine,Slavutych,1,35,1,70,Moderate
Pakistan,Khangarh,3,186,2,189,Unhealthy
India,Talegaon Dabhade,0,24,0,105,Unhealthy for Sensitive Groups
India,Jhunjhunun,1,38,0,433,Hazardous
China,Jiancheng,5,61,10,148,Unhealthy for Sensitive Groups
China,Jinsha,7,207,9,170,Very Unhealthy
Ukraine,Solonytsivka,1,40,1,9,Good
Poland,Srem,1,26,2,44,Good
Germany,Stollberg,1,29,3,52,Moderate
United States of America,Lawrenceburg,1,19,5,49,Good
China,Lengshuitan,4,92,4,100,Unhealthy for Sensitive Groups
Germany,Lotte,1,29,4,31,Good
Argentina,Lujan,0,14,3,22,Good
Colombia,Maicao,1,22,1,81,Moderate
Philippines,Manaoag,1,26,1,84,Moderate
Brazil,Mandaguacu,1,16,1,24,Good
United Kingdom of Great Britain and Northern Ireland,Mangotsfield,0,32,1,56,Moderate
Sweden,Mjolby,0,36,0,24,Good
United States of America,Mauldin,2,29,8,67,Moderate
China,Meilu,3,142,3,119,Unhealthy for Sensitive Groups
Germany,Meiningen,1,27,3,34,Good
Ukraine,Kreminna,1,37,0,47,Good
United Republic of Tanzania,Kyela,0,18,0,23,Good
Chile,La Serena,3,2,5,74,Moderate
Cuba,Marti,1,24,1,102,Unhealthy for Sensitive Groups
Uganda,Mbale,2,26,0,75,Moderate
Philippines,Montevista,1,16,0,31,Good
Spain,Novelda,1,33,2,28,Good
United States of America,Morro Bay,1,25,5,57,Moderate
Thailand,Na Wa,1,30,0,56,Moderate
Serbia,Pristina,1,47,0,86,Moderate
Malaysia,Pulau Sebang,2,32,0,63,Moderate
India,Purnia,2,44,1,64,Moderate
China,Qianjiang,3,66,4,99,Moderate
Sudan,Rabak,1,20,0,51,Moderate
Italy,Raffadali,1,46,0,56,Moderate
Mauritius,Port Louis,0,30,0,39,Good
Germany,Langelsheim,2,29,6,60,Moderate
United States of America,Lansdowne,1,30,9,53,Moderate
Papua New Guinea,Madang,0,13,0,14,Good
Belgium,Marche En Famenne,1,37,3,63,Moderate
Brazil,Mari,0,15,2,28,Good
China,Liyang,4,46,14,163,Unhealthy
Netherlands,Lopik,1,29,5,35,Good
Netherlands,Losser,1,19,8,52,Moderate
Brazil,Macau,0,19,0,15,Good
Russian Federation,Kizel,1,33,0,35,Good
United States of America,Palmetto Estates,1,19,10,63,Moderate
Germany,Peiting,1,36,2,59,Moderate
Germany,Wernau,1,37,2,60,Moderate
United States of America,West Fargo,1,33,3,46,Good
Germany,Wipperfurth,1,34,4,61,Moderate
Netherlands,Wisch,1,20,7,49,Good
China,Xiaoshi,3,66,3,83,Moderate
China,Yanan,1,41,0,152,Unhealthy
Mali,Nara,1,37,0,164,Unhealthy
Tajikistan,Nau,1,38,1,120,Unhealthy for Sensitive Groups
Russian Federation,Nazarovo,1,26,3,25,Good
India,Nimbahera,1,31,4,159,Unhealthy
India,Nongstoin,2,19,3,74,Moderate
United States of America,North Auburn,1,29,5,51,Moderate
Germany,Nurtingen,1,54,0,64,Moderate
Germany,Ohringen,1,54,0,64,Moderate
Albania,Gjirokaster,1,43,1,58,Moderate
Netherlands,Goes,1,30,3,26,Good
India,Sadabad,6,37,18,182,Unhealthy
United States of America,Saint George,1,32,0,23,Good
France,Saint Amand Les Eaux,1,40,1,53,Moderate
Slovakia,Samorin,1,67,0,61,Moderate
Indonesia,Jati,2,49,1,81,Moderate
Brazil,Juquitiba,5,2,18,157,Unhealthy
India,Kaithal,2,131,0,144,Unhealthy for Sensitive Groups
Germany,Kall,1,37,2,58,Moderate
Sri Lanka,Kalutara,0,22,0,63,Moderate
Russian Federation,Irkutsk,1,35,1,33,Good
South Africa,Glencoe,3,7,10,139,Unhealthy for Sensitive Groups
Gabon,Lambarene,0,29,0,89,Moderate
Germany,Langenzenn,1,37,4,56,Moderate
Austria,Leonding,1,45,1,56,Moderate
Russian Federation,Luza,1,35,0,35,Good
India,Maisuru,0,22,0,27,Good
India,Meghraj,1,37,0,175,Unhealthy
Somalia,Mogadishu,0,19,0,31,Good
Japan,Muramatsu,1,37,2,14,Good
Kenya,Mwingi,1,23,0,23,Good
Colombia,Sahagun,1,16,2,54,Moderate
Thailand,Sai Buri,1,34,0,60,Moderate
Brazil,Raposa,2,3,1,74,Moderate
Brazil,Rio Piracicaba,3,0,7,92,Moderate
Italy,San Michele Al Tagliamento,1,40,2,72,Moderate
Brazil,Santo Antonio Da Platina,1,4,2,28,Good
Thailand,Satun,2,72,0,71,Moderate
Brazil,Seara,1,17,0,39,Good
China,Shanhetun,2,63,1,64,Moderate
Belgium,Sint Gillis Waas,1,32,3,35,Good
Iran (Islamic Republic of),Yazd,1,54,0,155,Unhealthy
Viet Nam,Yen Bai,4,158,1,100,Unhealthy
Finland,Ylojarvi,1,35,1,13,Good
United States of America,Yuba City,1,31,8,57,Moderate
United States of America,Zanesville,2,36,10,75,Moderate
Senegal,Ziguinchor,1,25,1,153,Unhealthy
Ukraine,Zolochiv,1,37,0,50,Good
United States of America,Glenn Dale,1,52,1,39,Moderate
Russian Federation,Goryachiy Klyuch,1,39,2,37,Good
United States of America,Guilford,2,38,9,65,Moderate
Nepal,Gulariya,3,23,6,136,Unhealthy for Sensitive Groups
Australia,Gympie,0,25,3,17,Good
Japan,Hamada,1,47,2,52,Moderate
United States of America,Haverstraw,1,44,1,51,Moderate
Mexico,Hecelchakan,1,24,0,65,Moderate
Germany,Heidenheim,1,53,0,64,Moderate
Russian Federation,Inskoy,1,21,8,43,Good
United States of America,Jasper,1,65,4,56,Moderate
India,Jaunpur,5,63,12,184,Unhealthy
China,Jining,6,105,15,158,Unhealthy
Philippines,Kalamansig,1,25,0,45,Good
India,Kamakhyanagar,3,33,8,132,Unhealthy for Sensitive Groups
Russian Federation,Kandry,1,39,0,8,Good
Finland,Kauhajoki,1,36,0,2,Good
Japan,Kawasaki,1,48,3,44,Good
China,Dawukou,1,42,1,149,Unhealthy for Sensitive Groups
India,Disa,1,30,0,166,Unhealthy
Brazil,Santa Rita Do Sapucai,2,2,6,72,Moderate
Poland,Rzeszow,1,34,1,82,Moderate
Japan,Kisogawa,1,55,2,46,Moderate
Russian Federation,Kopeysk,1,34,1,21,Good
Ukraine,Koryukivka,1,36,0,10,Good
Slovakia,Kosice,1,37,1,85,Moderate
Germany,Kothen,1,38,1,52,Moderate
Colombia,La Calera,3,0,8,99,Moderate
Hungary,Szentes,1,44,0,50,Good
India,Unhel,1,39,0,152,Unhealthy
Nigeria,Uyo,7,22,5,150,Unhealthy
France,Valenton,3,16,10,84,Moderate
Denmark,Viborg,1,34,3,29,Good
Canada,Victoriaville,1,25,2,59,Moderate
France,Villepinte,2,19,7,79,Moderate
South Africa,Villiers,3,20,3,96,Moderate
Bosnia and Herzegovina,Visoko,1,37,0,56,Moderate
United States of America,Waterbury,2,18,17,62,Moderate
United States of America,Webb City,2,30,4,44,Good
United States of America,Summerville,2,34,5,46,Good
India,Ausa,0,27,0,85,Moderate
Japan,Ayase,1,37,2,19,Good
Germany,Bad Gandersheim,1,36,1,47,Good
Germany,Bergkamen,2,22,11,65,Moderate
Indonesia,Bireun,1,31,0,74,Moderate
Ukraine,Balakliya,1,38,0,47,Good
Germany,Blankenburg,1,37,2,55,Moderate
Central African Republic,Bossangoa,2,17,0,74,Moderate
France,Agde,1,47,0,31,Good
Tunisia,Akkudah,1,103,1,53,Unhealthy for Sensitive Groups
Poland,Aleksandrow Kujawski,1,42,0,23,Good
South Africa,Aliwal North,1,0,18,82,Moderate
Malaysia,Alor Gajah,2,18,7,100,Unhealthy for Sensitive Groups
India,Ambikapur,2,46,2,170,Unhealthy
Brazil,Araraquara,1,23,1,63,Moderate
India,Ashoknagar,3,76,2,158,Unhealthy
Germany,Sigmaringen,1,54,0,61,Moderate
India,Terdal,3,21,7,137,Unhealthy for Sensitive Groups
Germany,Tettnang,1,64,0,62,Moderate
Mexico,Ticul,1,24,0,60,Moderate
Peru,Tumbes,1,23,0,47,Good
Lithuania,Ukmerge,1,35,0,23,Good
Mongolia,Ulaanbaatar,1,30,0,44,Good
United States of America,Valdez,1,22,0,22,Good
United States of America,Spring,0,25,1,29,Good
Russian Federation,Staryye Atagi,1,38,2,53,Moderate
Germany,Stelle,1,43,0,24,Good
United Kingdom of Great Britain and Northern Ireland,Stranraer,1,26,1,23,Good
United States of America,Strongsville,1,39,2,53,Moderate
Russian Federation,Surazh,1,40,0,15,Good
Japan,Taketoyo,2,27,14,90,Moderate
Philippines,Tanay,2,28,6,120,Unhealthy for Sensitive Groups
Argentina,Tandil,0,23,0,23,Good
Brazil,Taquarituba,1,20,0,41,Good
India,Saurikh,2,137,1,209,Very Unhealthy
Germany,Schleswig,0,33,0,17,Good
Japan,Shimonoseki,1,37,0,20,Good
Thailand,Si Bun Ruang,0,25,0,31,Good
Pakistan,Sita Road,1,81,1,182,Unhealthy
Togo,Sokode,1,14,0,60,Moderate
Senegal,Sokone,2,17,2,162,Unhealthy
Spain,Sada,1,34,2,22,Good
United Kingdom of Great Britain and Northern Ireland,Southend On Sea,0,33,1,16,Good
Russian Federation,Sukhoy Log,1,30,2,32,Good
Japan,Gose,1,41,1,33,Good
Ecuador,Guano,1,0,3,46,Good
India,Halisahar,5,121,6,173,Unhealthy
Netherlands,Helden,1,31,2,37,Good
United Kingdom of Great Britain and Northern Ireland,Helensburgh,1,26,2,38,Good
Netherlands,Hilversum,0,33,1,15,Good
Ukraine,Hrebinka,1,39,0,13,Good
China,Huangyan,3,178,2,118,Unhealthy
Pakistan,Hunza,0,31,0,70,Moderate
Guinea-Bissau,Gabu,1,23,0,131,Unhealthy for Sensitive Groups
Brazil,Gandu,0,12,1,21,Good
United Kingdom of Great Britain and Northern Ireland,Gibraltar,1,33,2,43,Good
Brazil,Itatiba,3,5,11,127,Unhealthy for Sensitive Groups
Brazil,Janauba,0,15,0,12,Good
Slovenia,Jesenice,1,25,2,70,Moderate
India,Jhalu,3,166,1,152,Unhealthy
Malaysia,Johor Bahru,1,35,3,107,Unhealthy for Sensitive Groups
Philippines,Kalilangan,1,20,0,43,Good
Zambia,Kawambwa,0,19,0,16,Good
United Kingdom of Great Britain and Northern Ireland,Motherwell,1,24,4,32,Good
Australia,Mount Gambier,0,18,0,14,Good
Papua New Guinea,Mount Hagen,0,11,0,6,Good
Uganda,Namasuba,5,22,2,125,Unhealthy for Sensitive Groups
Brazil,Natal,0,23,0,24,Good
India,Nawada,3,140,1,155,Unhealthy
Nepal,Nepalganj,3,152,0,150,Unhealthy
United Kingdom of Great Britain and Northern Ireland,Loughton,0,30,3,16,Good
Philippines,Magarao,1,25,0,55,Moderate
South Sudan,Malakal,1,13,0,59,Moderate
Spain,Manresa,1,25,3,73,Moderate
Guatemala,Mazatenango,4,6,14,104,Unhealthy for Sensitive Groups
France,Meudon,1,23,5,67,Moderate
Hungary,Mezotur,1,33,1,68,Moderate
Tajikistan,Leningradskiy,1,38,0,133,Unhealthy for Sensitive Groups
South Africa,Lichtenburg,3,17,6,107,Unhealthy for Sensitive Groups
Japan,Kumano,1,29,1,18,Good
Uganda,Kyenjojo,2,15,0,61,Moderate
Italy,Pianezza,4,17,6,152,Unhealthy
Iran (Islamic Republic of),Piranshahr,1,45,0,56,Moderate
Russian Federation,Priyutovo,1,30,0,44,Good
Germany,Pulheim,1,36,2,52,Moderate
Bangladesh,Ramgarh,3,33,1,47,Good
Germany,Rheinfelden,1,31,3,52,Moderate
United States of America,Paragould,1,35,3,59,Moderate
Brazil,Penapolis,1,11,1,45,Good
India,Petlad,1,34,0,162,Unhealthy
Italy,Olbia,1,29,5,45,Good
Sri Lanka,Kotte,1,20,3,88,Moderate
Finland,Kuopio,1,33,0,3,Good
France,Le Pecq,1,43,2,71,Moderate
Russian Federation,Lebedyan,1,39,0,14,Good
Philippines,Legaspi,1,22,1,70,Moderate
United Republic of Tanzania,Mabama,0,21,0,16,Good
Spain,Albox,1,41,0,28,Good
United Kingdom of Great Britain and Northern Ireland,Aldershot,1,33,1,36,Good
France,Allonnes,1,32,1,48,Good
Uzbekistan,Asaka,1,20,16,116,Unhealthy for Sensitive Groups
China,Daxian,13,2,31,195,Unhealthy
Ghana,Ejura,1,25,0,38,Good
Spain,Estepona,1,43,0,21,Good
United States of America,Fairbanks,1,17,5,53,Moderate
United Kingdom of Great Britain and Northern Ireland,Fareham,1,24,4,37,Good
Guatemala,Fraijanes,2,17,3,68,Moderate
Belgium,Frameries,1,42,1,55,Moderate
United States of America,Covington,1,79,3,34,Moderate
United States of America,Cromwell,1,39,6,57,Moderate
Mexico,Cuautitlan Izcalli,5,25,11,210,Very Unhealthy
Thailand,Mae Ramat,1,9,1,26,Good
India,Malavalli,1,19,4,71,Moderate
Mozambique,Manjacaze,0,30,0,44,Good
Pakistan,Daska,3,132,1,155,Unhealthy
Japan,Date,1,39,0,36,Good
United States of America,Desert Hot Springs,1,32,4,46,Good
France,Dijon,1,31,2,142,Unhealthy for Sensitive Groups
India,Dwarka,0,26,0,113,Unhealthy for Sensitive Groups
United States of America,Gretna,0,28,1,38,Good
China,Haibowan,1,42,2,298,Hazardous
United Kingdom of Great Britain and Northern Ireland,Herne Bay,0,34,0,27,Good
Ukraine,Horlivka,1,35,5,44,Good
India,Hoskote,2,19,5,84,Moderate
United States of America,Huber Heights,1,44,1,44,Good
United States of America,Hurricane,1,32,1,28,Good
Democratic Republic of the Congo,Inongo,2,22,0,66,Moderate
Honduras,Intibuca,1,17,1,61,Moderate
Pakistan,Jalalpur Jattan,4,47,8,162,Unhealthy
Mexico,Jiutepec,2,36,4,153,Unhealthy
Hungary,Kalocsa,1,62,0,53,Moderate
Belgium,Kampenhout,1,37,2,52,Moderate
Hungary,Mateszalka,1,52,0,58,Moderate
Russian Federation,Menzelinsk,1,42,0,22,Good
Russian Federation,Nadym,1,31,0,56,Moderate
Mexico,Nava,1,19,3,60,Moderate
Greece,Nea Smirni,1,43,5,77,Moderate
France,Noisy Le Sec,1,46,1,70,Moderate
United States of America,North Smithfield,1,44,1,50,Good
Kenya,Nyeri,4,19,3,150,Unhealthy
Japan,Ogawara,1,20,9,66,Moderate
United States of America,Rantoul,1,41,1,56,Moderate
Portugal,Rio De Mouro,1,40,1,19,Good
Germany,Rodgau,1,61,0,58,Moderate
Russian Federation,Oyskhara,1,44,1,61,Moderate
Spain,Palma Del Rio,1,42,0,12,Good
Hungary,Paszto,1,61,0,65,Moderate
Thailand,Pho Thong,2,13,7,106,Unhealthy for Sensitive Groups
Italy,Pisticci,1,52,0,30,Moderate
Germany,Premnitz,1,43,0,26,Good
Mexico,Puerto Penasco,1,30,0,75,Moderate
India,Pulwama,4,22,6,158,Unhealthy
United States of America,Radcliff,2,37,4,38,Good
Italy,Benevento,1,46,2,47,Good
Belgium,Beyne Heusay,1,29,4,57,Moderate
Ukraine,Bolhrad,1,36,0,24,Good
Democratic Republic of the Congo,Boma,1,23,0,34,Good
Madagascar,Ankazoabo,1,21,0,44,Good
India,Baharampur,4,158,2,105,Unhealthy
Sudan,Barbar,2,33,0,182,Unhealthy
Italy,Arzachena,1,28,4,42,Good
Peru,Ascope,1,13,2,40,Good
United States of America,Augusta,1,18,3,34,Good
United States of America,Avon Lake,2,31,6,35,Good
Viet Nam,Bac Lieu,1,32,0,52,Moderate
Germany,Bad Waldsee,1,25,6,49,Good
Cuba,Baguanos,1,15,6,63,Moderate
Brazil,Ribeirao Do Pinhal,1,4,2,28,Good
Japan,Onojo,1,33,2,14,Good
Iran (Islamic Republic of),Oshnaviyeh,1,44,0,49,Good
India,Pathardi,1,36,1,133,Unhealthy for Sensitive Groups
United States of America,Norwalk,4,4,34,133,Unhealthy for Sensitive Groups
Ukraine,Nova Odesa,1,43,0,7,Good
United States of America,Oldsmar,1,20,10,53,Moderate
Spain,Pontevedra,1,22,2,22,Good
Greece,Yiannitsa,1,47,1,91,Moderate
Ecuador,Zamora,1,3,1,23,Good
Russian Federation,Zavolzhye,1,31,2,50,Good
China,Wuchi,2,178,8,119,Unhealthy
China,Yantongshan,2,73,1,62,Moderate
United States of America,West Islip,2,14,25,64,Moderate
Germany,Wetzlar,2,33,6,74,Moderate
United States of America,White Settlement,1,26,4,50,Good
United States of America,Wickliffe,3,6,27,88,Moderate
Germany,Rottweil,1,36,2,60,Moderate
France,Saint Andre,1,27,0,55,Moderate
Benin,Sakete,1,18,1,70,Moderate
Russian Federation,Sorsk,1,39,0,31,Good
Armenia,Yeghvard,1,40,0,89,Moderate
India,Yelbarga,1,28,2,54,Moderate
China,Yichang,8,18,24,167,Unhealthy
Nigeria,Zaria,2,43,0,78,Moderate
Russian Federation,Zavodoukovsk,1,39,0,30,Good
China,Zhangye,1,32,2,200,Unhealthy
China,Zunyi,8,7,24,170,Unhealthy
Russian Federation,Zvenigovo,1,32,1,39,Good
India,Abhayapuri,2,42,0,53,Moderate
Algeria,Aflu,0,36,0,5,Good
United States of America,Shreveport,1,24,2,139,Unhealthy for Sensitive Groups
Romania,Sibiu,1,35,0,39,Good
India,Sira,0,21,0,57,Moderate
Italy,Sorso,1,23,5,45,Good
Brazil,Sao Jose Da Coroa Grande,0,21,0,26,Good
Netherlands,De Lier,0,35,2,31,Good
Germany,Delitzsch,1,30,2,41,Good
Côte d'Ivoire,Divo,1,18,0,52,Moderate
Netherlands,Doesburg,0,32,1,36,Good
India,Tikamgarh,1,42,0,192,Unhealthy
Mexico,Tlaxcala,4,1,15,281,Very Unhealthy
Spain,Tomelloso,1,25,2,31,Good
Russian Federation,Tula,1,31,1,24,Good
India,Umarga,0,26,0,85,Moderate
India,Upleta,0,26,0,158,Unhealthy
Netherlands,Vaals,1,24,4,44,Good
India,Vartej,0,30,0,153,Unhealthy
Ukraine,Vatutine,1,39,0,56,Moderate
Belarus,Vawkavysk,0,36,0,29,Good
Australia,Victoria Point,0,33,5,30,Good
United States of America,Waterford,1,32,6,47,Good
United States of America,Waycross,1,26,2,46,Good
China,Wencheng,3,88,1,81,Moderate
United Kingdom of Great Britain and Northern Ireland,Weston Super Mare,1,23,4,44,Good
Germany,Wolfratshausen,1,36,1,68,Moderate
Poland,Wrzesnia,0,32,1,35,Good
Russian Federation,Zadonsk,1,33,1,21,Good
Iran (Islamic Republic of),Zanjan,1,42,0,58,Moderate
Poland,Zdunska Wola,2,18,9,83,Moderate
India,Bawana,3,119,3,305,Hazardous
United States of America,Bellevue,1,34,5,40,Good
India,Bina Etawa,1,41,0,176,Unhealthy
India,Bodh Gaya,2,119,1,188,Unhealthy
Iran (Islamic Republic of),Bojnurd,1,39,0,96,Moderate
Russian Federation,Botlikh,1,31,0,25,Good
Philippines,Buru Un,1,20,0,53,Moderate
Burundi,Bururi,3,16,1,97,Moderate
Portugal,Amadora,0,33,3,34,Good
Philippines,Angono,1,23,1,63,Moderate
Brazil,Casa Nova,0,13,0,32,Good
United States of America,Conway,1,23,4,78,Moderate
United States of America,Cutler Ridge,1,14,12,64,Moderate
Romania,Nasaud,1,35,0,65,Moderate
Slovakia,Nitra,1,30,1,48,Good
India,Shrigonda,0,28,1,141,Unhealthy for Sensitive Groups
Iraq,Sinjar,1,49,0,112,Unhealthy for Sensitive Groups
Armenia,Spitak,1,36,0,51,Moderate
India,Thasra,1,39,0,157,Unhealthy
Belgium,Tienen,1,30,3,39,Good
Mexico,Tlacolula,2,8,4,55,Moderate
United States of America,Sunnyside,1,34,1,17,Good
Oman,Sur,2,45,8,109,Unhealthy for Sensitive Groups
Russian Federation,Surgut,1,34,0,23,Good
United States of America,Suwanee,2,12,20,83,Moderate
Russian Federation,Svetogorsk,1,39,1,28,Good
Mexico,Tampico,1,24,2,34,Good
United States of America,Terrytown,2,38,9,40,Good
Thailand,Thung Song,0,16,0,53,Moderate
Brazil,Tobias Barreto,0,8,1,25,Good
United States of America,Tracy,1,24,11,52,Moderate
Japan,Ueki,1,28,2,24,Good
Germany,Ulm,1,35,3,59,Moderate
Germany,Dingolfing,0,29,1,26,Good
Russian Federation,Dolgoprudnyy,1,26,7,54,Moderate
Brazil,Maracacume,1,6,0,36,Good
Russian Federation,Khotkovo,1,30,2,36,Good
Germany,Kleinmachnow,1,37,1,26,Good
Thailand,Kanchanaburi,0,19,0,40,Good
Belgium,Kraainem,1,29,3,36,Good
Pakistan,Kunri,0,38,0,167,Unhealthy
Colombia,La Virginia,4,1,7,111,Unhealthy for Sensitive Groups
United States of America,Mattoon,1,34,6,41,Good
United Republic of Tanzania,Mbekenyera,0,20,0,34,Good
United States of America,Menasha,2,16,8,51,Moderate
Hungary,Szigetvar,1,36,1,68,Moderate
Indonesia,Tabanan,1,24,0,39,Good
Peru,Tacna,1,12,2,31,Good
India,Taloda,0,28,0,152,Unhealthy
Indonesia,Tarub,2,49,0,86,Moderate
Mexico,Tecamac,2,13,12,197,Unhealthy
Mexico,Teloloapan,1,10,5,54,Moderate
India,Tiptur,0,21,0,45,Good
Spain,Torello,1,21,2,26,Good
Italy,Trieste,1,47,1,25,Good
Italy,Trinitapoli,1,48,1,53,Moderate
Japan,Tsushima,1,60,0,21,Moderate
Japan,Uji,1,48,0,23,Good
India,Uravakonda,0,26,0,78,Moderate
South Africa,Ventersburg,8,4,13,156,Unhealthy
Russian Federation,Vladikavkaz,1,33,2,51,Moderate
United States of America,Walnut Park,2,18,30,82,Moderate
United States of America,Watsonville,1,30,7,50,Good
Germany,Weeze,0,24,3,31,Good
Brazil,Codo,0,11,0,22,Good
Germany,Bad Neustadt,1,26,3,32,Good
India,Barkhera,2,88,1,494,Hazardous
Netherlands,Bedum,1,30,3,27,Good
Austria,Bischofshofen,0,26,1,17,Good
Germany,Bonen,1,35,1,26,Good
France,Bouguenais,0,30,1,17,Good
Ukraine,Brovary,1,38,1,56,Moderate
United States of America,Brownwood,1,24,1,52,Moderate
Philippines,Calamba,1,24,1,54,Moderate
Viet Nam,Cam Pha,2,36,1,73,Moderate
Italy,Castel San Giovanni,1,34,2,59,Moderate
Mexico,Pueblo Nuevo,1,10,1,16,Good
India,Rajgarh,1,42,0,204,Very Unhealthy
France,Saint Avertin,1,25,2,38,Good
France,Saint Die,1,31,1,30,Good
Japan,Matto,3,16,18,81,Moderate
United States of America,Milford,1,37,0,35,Good
United States of America,Mineola,2,38,8,59,Moderate
Portugal,Moita,1,42,0,19,Good
India,Mughal Sarai,4,77,7,181,Unhealthy
United States of America,East Stroudsburg,2,25,7,68,Moderate
Spain,Ecija,1,19,4,33,Good
India,Daudnagar,3,139,1,150,Unhealthy
Latvia,Daugavpils,1,34,0,26,Good
Republic of North Macedonia,Dolneni,1,41,0,59,Moderate
Mexico,Pochutla,1,17,2,52,Moderate
Iran (Islamic Republic of),Ramshir,1,117,0,140,Unhealthy for Sensitive Groups
United States of America,Elkton,1,27,9,39,Good
United States of America,Merrimack,1,30,3,22,Good
Japan,Muika,1,37,1,19,Good
Guyana,New Amsterdam,0,20,0,61,Moderate
United States of America,Newburgh,2,20,12,55,Moderate
India,Olpad,1,25,0,155,Unhealthy
Indonesia,Pakisaji,0,22,0,23,Good
United States of America,Paris,1,24,3,72,Moderate
Poland,Paslek,0,32,0,36,Good
Cabo Verde,Praia,0,40,0,27,Good
China,Qianguo,2,87,0,95,Moderate
Russian Federation,Shcherbinka,1,25,8,44,Good
Russian Federation,Sokol,1,29,1,46,Good
India,Surajgarh,1,40,0,464,Hazardous
Italy,Syracuse,1,31,3,56,Moderate
Brazil,Taboao Da Serra,3,7,12,110,Unhealthy for Sensitive Groups
Egypt,Tanta,1,52,3,65,Moderate
India,Tasgaon,0,24,0,90,Moderate
Germany,Geesthacht,0,33,1,32,Good
Russian Federation,Golyshmanovo,1,36,0,48,Good
Brazil,Itupiranga,1,5,0,37,Good
India,Jamai,0,33,0,176,Unhealthy
Sierra Leone,Bo,1,11,0,50,Good
United States of America,Brandon,1,24,3,64,Moderate
Romania,Campulung,1,41,0,65,Moderate
Italy,Castel Maggiore,1,37,3,34,Good
Italy,Castelfranco Di Sotto,1,41,2,18,Good
United States of America,Abbeville,1,23,2,41,Good
France,Aix Les Bains,1,24,2,48,Good
Italy,Arzano,1,52,2,38,Moderate
Japan,Ashiya,1,48,0,19,Good
Germany,Bad Urach,1,25,2,39,Good
Germany,Bad Windsheim,1,26,3,41,Good
Ukraine,Bakhchysaray,1,40,4,39,Good
Indonesia,Bantul,1,25,0,46,Good
Burkina Faso,Dano,1,12,0,38,Good
India,Diu,0,29,0,128,Unhealthy for Sensitive Groups
South Africa,Cullinan,16,3,15,262,Very Unhealthy
India,Curchorem,0,21,0,79,Moderate
Italy,Formia,1,47,0,32,Good
Italy,Chiavari,1,42,1,21,Good
Viet Nam,Ha Noi,2,49,2,69,Moderate
Finland,Hameenlinna,0,29,1,5,Good
United Kingdom of Great Britain and Northern Ireland,Harlow,0,36,2,52,Moderate
India,Khowai,3,36,2,63,Moderate
United Republic of Tanzania,Kiomboi,0,16,0,20,Good
India,Kollam,1,24,1,70,Moderate
China,Kunming,1,21,2,49,Good
United States of America,La Grange Park,2,29,14,59,Moderate
Germany,Ladenburg,1,31,3,53,Moderate
Spain,Las Palmas,1,37,0,16,Good
Germany,Lindenberg,1,23,2,110,Unhealthy for Sensitive Groups
Italy,Magione,1,38,2,23,Good
Colombia,Maria La Baja,1,11,5,56,Moderate
Poland,Pulawy,1,30,1,30,Good
Germany,Rietberg,0,28,1,28,Good
Pakistan,Sanjwal,3,203,3,109,Very Unhealthy
Brazil,Sao Joao De Meriti,10,0,34,187,Unhealthy
Turkey,Mustafakemalpasa,1,37,1,26,Good
Japan,Niigata,1,42,0,31,Good
Italy,Nonantola,1,24,10,57,Moderate
Russian Federation,Novovoronezh,1,29,2,52,Moderate
Brazil,Agua Branca,0,14,0,19,Good
United States of America,Allen Park,1,28,8,51,Moderate
India,Amarwara,0,37,0,154,Unhealthy
Brazil,Serro,1,2,3,39,Good
Malaysia,Sibu,3,21,0,61,Moderate
Portugal,Pinhal Novo,1,36,2,42,Good
United Kingdom of Great Britain and Northern Ireland,Solihull,1,5,11,49,Good
United States of America,Spanaway,1,33,8,50,Good
Japan,Suibara,1,41,0,29,Good
Japan,Shijonawate,1,31,3,27,Good
Indonesia,Slawi,2,86,1,92,Moderate
China,Dongtai,3,159,3,121,Unhealthy
Brazil,Erechim,0,11,2,27,Good
Turkey,Gediz,1,46,0,36,Good
United States of America,El Cajon,2,5,27,71,Moderate
United States of America,Alderwood Manor,2,21,10,62,Moderate
Russian Federation,Anadyr,1,18,1,9,Good
United States of America,Appleton,1,31,0,56,Moderate
Russian Federation,Armavir,1,48,1,28,Good
Brazil,Augusto Correa,0,19,0,22,Good
New Zealand,Avarua,0,28,0,12,Good
Italy,Avigliano,1,54,0,40,Moderate
United Kingdom of Great Britain and Northern Ireland,Aylesbury,1,30,1,34,Good
Romania,Constanta,1,38,0,23,Good
Brazil,Correntina,0,11,0,3,Good
United States of America,Cottage Grove,1,42,2,51,Moderate
United States of America,College Station,1,19,2,122,Unhealthy for Sensitive Groups
Indonesia,Curup,1,29,0,69,Moderate
Indonesia,Gondang,7,9,17,177,Unhealthy
Portugal,Gulpilhares,0,41,0,20,Good
China,Hanyang,2,28,7,72,Moderate
Germany,Herzogenaurach,1,53,0,61,Moderate
United States of America,Hibbing,1,28,0,54,Moderate
Germany,Hofgeismar,1,45,0,53,Moderate
United Republic of Tanzania,Ikungi,0,19,0,16,Good
Italy,Impruneta,1,74,0,42,Moderate
Pakistan,Jhelum,5,33,11,168,Unhealthy
Nicaragua,Jinotepe,1,26,0,37,Good
Sri Lanka,Kalmunai,1,24,1,56,Moderate
Russian Federation,Kaspiysk,1,39,0,54,Moderate
Bulgaria,Kazanlak,1,48,0,56,Moderate
Mexico,Delicias,1,33,0,72,Moderate
Germany,Rotenburg,1,48,0,56,Moderate
Mexico,Ruiz,1,19,1,50,Good
United States of America,Safety Harbor,1,88,1,14,Moderate
France,Courcouronnes,1,44,1,74,Moderate
Brazil,Sao Jose Dos Campos,1,21,2,65,Moderate
Ethiopia,Bedele,1,17,0,51,Moderate
Russian Federation,Boksitogorsk,1,29,0,9,Good
France,Bruges,1,42,0,22,Good
Argentina,Campana,1,23,4,54,Moderate
United States of America,Canandaigua,1,33,1,43,Good
Portugal,Canidelo,0,41,1,21,Good
Italy,Caravaggio,1,58,0,86,Moderate
Ireland,Carlow,1,42,0,50,Good
India,Chitradurga,1,13,4,61,Moderate
India,Palladam,0,25,0,50,Good
Brazil,Pedra Branca,0,14,0,30,Good
Guatemala,Morales,1,10,1,53,Moderate
Germany,Langgons,0,29,1,28,Good
Kazakhstan,Makat,1,35,0,34,Good
United States of America,Mandan,1,17,8,47,Good
Romania,Husi,1,44,0,68,Moderate
Belgium,Huy,1,23,4,35,Good
Brazil,Ipua,1,10,2,62,Moderate
Italy,Ischia,1,56,0,38,Moderate
Jordan,Jawa,1,45,2,75,Moderate
China,Jiaohe,2,52,0,66,Moderate
Japan,Joetsu,1,39,0,29,Good
India,Kaliyaganj,3,89,2,153,Unhealthy
Hungary,Karcag,1,31,1,67,Moderate
United States of America,Key West,0,27,0,28,Good
Brazil,Guacui,1,12,2,44,Good
Italy,Gubbio,1,38,3,57,Moderate
China,Haimen,4,193,4,124,Unhealthy
United States of America,Hempstead,4,11,36,121,Unhealthy for Sensitive Groups
Switzerland,Freienbach,1,27,2,41,Good
France,Fresnes,2,20,6,72,Moderate
Afghanistan,Gazni,0,40,0,83,Moderate
Germany,Geretsried,1,37,4,54,Moderate
Viet Nam,Hue,3,33,0,61,Moderate
India,Hukeri,0,22,0,62,Moderate
Czechia,Decin,1,39,2,76,Moderate
Germany,Eilenburg,1,38,3,67,Moderate
Spain,Ferrol,1,27,2,28,Good
Germany,Frechen,1,46,1,55,Moderate
Spain,Gandia,1,38,0,19,Good
Colombia,Neiva,1,5,1,43,Good
Japan,Niihama,1,29,6,51,Moderate
Romania,Odorheiu Secuiesc,1,43,0,53,Moderate
India,Sonepur,2,49,1,155,Unhealthy
United Kingdom of Great Britain and Northern Ireland,South Shields,1,38,0,43,Good
Serbia,Sremska Mitrovica,1,65,0,58,Moderate
Libya,Suluq,1,44,0,136,Unhealthy for Sensitive Groups
Niger,Tera,1,40,0,88,Moderate
Russian Federation,Teykovo,1,38,0,14,Good
Japan,Tsukuba,1,24,15,70,Moderate
United States of America,Turlock,1,28,5,46,Good
Mexico,Tuxtla Gutierrez,1,29,1,69,Moderate
Mexico,Tuxtla,1,20,1,47,Good
Russian Federation,Tynda,21,8,17,475,Hazardous
Brazil,Uniao,0,19,0,34,Good
Russian Federation,Tarki,1,42,0,56,Moderate
Estonia,Tartu,1,35,0,17,Good
India,Vandalur,2,39,3,99,Moderate
Sweden,Vanersborg,1,39,0,11,Good
France,Verrieres Le Buisson,1,44,2,72,Moderate
United States of America,Kankakee,2,27,10,64,Moderate
Albania,Kavaje,1,40,2,76,Moderate
Estonia,Kohtla Jarve,1,35,0,19,Good
Poland,Konstantynow Lodzki,1,31,2,49,Good
United Republic of Tanzania,Kibondo,1,25,0,33,Good
Uzbekistan,Kogon,1,34,4,65,Moderate
United States of America,Kokomo,1,39,1,54,Moderate
India,Kuttanallur,1,28,2,77,Moderate
France,La Teste De Buch,1,41,0,18,Good
China,Langxiang,2,36,1,76,Moderate
France,Le Bourget,1,46,1,68,Moderate
Russian Federation,Likhovskoy,1,44,0,25,Good
Cameroon,Limbe,1,21,0,42,Good
China,Linqu,6,83,17,165,Unhealthy
China,Lujiang,7,9,31,169,Unhealthy
Philippines,Lusacan,2,25,9,90,Moderate
Brazil,Ipira,0,12,1,19,Good
Indonesia,Jakarta,4,197,3,155,Unhealthy
Indonesia,Kencong,1,32,0,54,Moderate
Thailand,Pho Chai,2,24,3,84,Moderate
Uzbekistan,Pop,1,25,8,138,Unhealthy for Sensitive Groups
India,Periyakulam,3,5,8,121,Unhealthy for Sensitive Groups
Greece,Paiania,1,45,6,70,Moderate
Indonesia,Palu,1,7,1,50,Good
India,Faizpur,1,38,0,101,Unhealthy for Sensitive Groups
India,Fatehpur Sikri,4,154,1,171,Unhealthy
Malaysia,Jertih,1,33,0,66,Moderate
Hungary,Hajdusamson,1,42,1,57,Moderate
United States of America,Highview,2,33,9,63,Moderate
Italy,Serravalle Pistoiese,1,71,0,43,Moderate
France,Vigneux Sur Seine,1,44,1,72,Moderate
Italy,Villacidro,1,63,0,21,Moderate
Jordan,Wadi Musa,1,68,0,56,Moderate
India,Warangal,2,47,5,164,Unhealthy
India,Wazirganj,4,32,14,157,Unhealthy
Germany,Weinheim,1,59,0,64,Moderate
United States of America,Westland,1,34,1,57,Moderate
Brazil,Bastos,1,7,1,23,Good
Malaysia,Batu Berendam,2,30,0,65,Moderate
Lebanon,Bayrut,2,44,4,80,Moderate
United States of America,Buford,3,19,18,79,Moderate
Austria,Burghausen,1,25,4,67,Moderate
France,Caluire Et Cuire,1,30,2,55,Moderate
Brazil,Canoinhas,0,12,1,29,Good
Thailand,Ban Chang,0,22,1,52,Moderate
Saint Kitts and Nevis,Basseterre,1,25,0,90,Moderate
Netherlands,Best,1,30,2,28,Good
Haiti,Cap Haitien,2,16,5,77,Moderate
Brazil,Capela Do Alto,2,11,5,72,Moderate
India,Changanacheri,1,24,1,80,Moderate
Brazil,Aruja,6,1,18,166,Unhealthy
France,Aubiere,1,32,2,150,Unhealthy
Brazil,Braganca,1,17,0,42,Good
Paraguay,Caacupe,1,9,0,22,Good
Paraguay,Caaguazu,1,12,0,19,Good
Chile,Cabrero,2,7,9,65,Moderate
Brazil,Campo Verde,1,10,0,30,Good
India,Arumuganeri,0,29,0,50,Good
Italy,Bagheria,1,46,0,81,Moderate
Egypt,Akhmim,1,53,1,153,Unhealthy
Romania,Moldova Noua,1,43,0,55,Moderate
Spain,Monforte De Lemos,1,17,2,13,Good
Belgium,Mouscron,1,36,3,48,Good
India,Mursan,4,175,2,169,Unhealthy
Japan,Nagai,1,50,1,57,Moderate
United States of America,Nampa,1,29,4,63,Moderate
India,Nimaparha,3,68,1,153,Unhealthy
United States of America,Massapequa Park,2,16,23,68,Moderate
Malaysia,Kuang,2,42,2,75,Moderate
Malaysia,Kulim,1,43,0,61,Moderate
Brazil,Lajedo,0,11,1,29,Good
United States of America,Lakeville,1,30,9,37,Good
Poland,Legnica,1,38,1,70,Moderate
Mozambique,Manica,2,16,0,45,Good
United States of America,Lombard,2,17,18,67,Moderate
Italy,Lucca,1,44,2,58,Moderate
Indonesia,Makasar,2,25,1,67,Moderate
United Kingdom of Great Britain and Northern Ireland,Liverpool,1,27,4,46,Good
Portugal,Lousa,1,36,1,20,Good
Germany,Leipzig,1,34,2,62,Moderate
Austria,Koflach,1,35,1,76,Moderate
Russian Federation,Komsomolskiy,1,34,0,26,Good
Belarus,Navahrudak,1,31,0,14,Good
Italy,Negrar,2,30,7,59,Moderate
Slovenia,Murska Sobota,2,32,5,74,Moderate
Romania,Miercurea Ciuc,1,41,0,61,Moderate
United States of America,Moline,3,1,10,77,Moderate
Peru,Monsefu,0,22,0,32,Good
Thailand,Phra Pradaeng,1,24,1,70,Moderate
Sweden,Pitea,1,31,0,26,Good
Albania,Pogradec,1,44,0,39,Good
United States of America,Cottonwood Heights,1,18,10,51,Moderate
Mexico,Cuernavaca,5,6,26,194,Unhealthy
Japan,Chatan,0,32,1,26,Good
France,Chilly Mazarin,2,27,7,71,Moderate
Russian Federation,Chulman,1,32,0,21,Good
Mexico,Cihuatlan,1,19,1,35,Good
Germany,Glinde,1,34,2,25,Good
Philippines,Guiguinto,1,24,1,71,Moderate
Brazil,Itambacuri,1,5,2,29,Good
Germany,Heubach,0,29,2,28,Good
China,Yicheng,3,153,2,90,Unhealthy
Japan,Yugawara,1,42,2,36,Good
Netherlands,Zaltbommel,1,29,4,39,Good
Netherlands,Zwolle,1,30,3,31,Good
Germany,Wiesmoor,1,38,0,33,Good
United States of America,Woodinville,2,22,9,59,Moderate
India,Harpanahalli,1,17,3,50,Good
Netherlands,Hellevoetsluis,1,37,1,30,Good
United States of America,Highland Village,2,31,5,68,Moderate
Brazil,Igaracu Do Tiete,1,21,1,68,Moderate
Brazil,Ilheus,0,27,0,39,Good
India,Karimnagar,3,29,20,179,Unhealthy
Ethiopia,Kemise,1,33,0,108,Unhealthy for Sensitive Groups
United States of America,Kendale Lakes,1,34,1,28,Good
Germany,Kerpen,1,45,1,56,Moderate
Indonesia,Rancaekek,12,3,31,207,Very Unhealthy
Germany,Reutlingen,1,52,0,62,Moderate
Mexico,Poncitlan,1,30,0,52,Moderate
United States of America,Puyallup,1,28,6,54,Moderate
Japan,Ozu,2,23,9,52,Moderate
Colombia,Pacho,1,27,2,65,Moderate
Italy,Palma Campania,1,71,0,56,Moderate
United States of America,Parker,1,39,1,46,Good
United Kingdom,Teignmouth,1,29,1,37,Good
Viet Nam,Thai Binh,8,25,18,173,Unhealthy
Mexico,Tlalmanalco,4,27,10,197,Unhealthy
United Kingdom of Great Britain and Northern Ireland,Tonbridge,0,34,0,26,Good
United Kingdom,Torquay,1,30,1,36,Good
Czechia,Trebic,1,46,0,79,Moderate
Venezuela (Bolivarian Republic of),Turmero,1,39,2,86,Moderate
Philippines,Urbiztondo,2,26,6,119,Unhealthy for Sensitive Groups
Romania,Vulcan,1,46,0,39,Good
Poland,Walcz,1,42,0,19,Good
United Kingdom of Great Britain and Northern Ireland,Sutton Coldfield,1,30,1,33,Good
Japan,Tachikawa,2,21,17,83,Moderate
Brazil,Bariri,1,24,1,66,Moderate
United States of America,Bend,1,25,2,36,Good
India,Bhilai,3,40,5,160,Unhealthy
Spain,Bilbao,1,40,0,18,Good
Brazil,Borda Da Mata,1,18,1,44,Good
Brazil,Carira,0,21,0,13,Good
Philippines,Castillejos,1,25,3,102,Unhealthy for Sensitive Groups
Colombia,Cerete,1,17,0,49,Good
United States of America,Cincinnati,1,46,1,39,Good
United States of America,Clermont,1,95,1,17,Moderate
India,Kurud,2,47,1,154,Unhealthy
United States of America,Kyle,0,24,1,30,Good
India,Latehar,3,51,3,171,Unhealthy
United States of America,Lauderhill,1,35,1,28,Good
United States of America,Miami Springs,1,35,1,31,Good
India,Moirang,2,6,3,67,Moderate
Ecuador,Montecristi,1,23,0,56,Moderate
Zimbabwe,Mount Darwin,0,24,0,26,Good
Canada,Nanaimo,1,38,1,23,Good
China,Nanfeng,5,18,9,88,Moderate
Germany,Neufahrn,1,62,0,67,Moderate
Poland,Nisko,1,46,0,65,Moderate
France,Oignies,1,38,1,49,Good
Qatar,Doha,1,164,2,144,Unhealthy
Ethiopia,Addis Abeba,1,24,0,59,Moderate
Germany,Altena,1,44,0,55,Moderate
Turkmenistan,Annau,1,38,1,110,Unhealthy for Sensitive Groups
United Kingdom of Great Britain and Northern Ireland,Ashington,1,40,0,43,Good
Russian Federation,Asino,1,18,1,31,Good
Iran (Islamic Republic of),Astara,1,45,0,80,Moderate
Burkina Faso,Dedougou,1,27,0,63,Moderate
Kazakhstan,Derzhavinsk,1,31,0,76,Moderate
United States of America,Desoto,2,35,4,64,Moderate
Germany,Detmold,1,43,0,49,Good
United States of America,El Cerrito,1,33,4,46,Good
Mexico,Fortin,1,31,2,58,Moderate
United States of America,Coalinga,1,32,1,18,Good
Senegal,Sedhiou,1,29,0,177,Unhealthy
Portugal,Selho,0,40,0,16,Good
Iran (Islamic Republic of),Semnan,1,43,0,110,Unhealthy for Sensitive Groups
Italy,Senago,1,67,0,91,Moderate
United States of America,Sevierville,1,53,0,12,Moderate
Russian Federation,Shatura,1,40,2,31,Good
Germany,Simmerath,1,46,0,55,Moderate
United States of America,South Jordan,1,44,1,43,Good
Slovakia,Sturovo,1,63,0,57,Moderate
United States of America,Austintown,2,38,4,34,Good
Mexico,Autlan,2,10,2,38,Good
Brazil,Barra Do Bugres,3,7,1,63,Moderate
India,Basavakalyan,0,25,0,72,Moderate
India,Amarpatan,1,53,0,184,Unhealthy
India,Amta,4,102,4,160,Unhealthy
Chile,Arauco,1,15,5,50,Good
China,Yingkou,3,69,4,74,Moderate
Colombia,Yarumal,1,22,0,73,Moderate
United States of America,Charlton,2,18,13,66,Moderate
Russian Federation,Chebarkul,1,33,0,19,Good
China,Chingshui,1,41,9,59,Moderate
India,Biloli,1,31,0,96,Moderate
China,Binzhou,4,182,2,135,Unhealthy
United Kingdom of Great Britain and Northern Ireland,Carnoustie,0,29,1,10,Good
United States of America,Brenham,1,19,2,103,Unhealthy for Sensitive Groups
Mexico,Lerma,3,8,15,126,Unhealthy for Sensitive Groups
Belgium,Lessines,0,28,3,35,Good
India,Mahe,0,25,0,70,Moderate
Italy,Medicina,1,40,2,27,Good
Switzerland,Munchenbuchsee,1,24,1,30,Good
India,Namagiripettai,1,30,2,87,Moderate
India,Narnaul,1,41,0,369,Hazardous
Netherlands,Nieuwkoop,0,34,1,28,Good
Belgium,Nivelles,1,22,5,40,Good
Japan,Takikawa,1,31,0,16,Good
Saudi Arabia,Tabuk,1,86,0,175,Unhealthy
Chile,Talagante,18,0,27,251,Very Unhealthy
Switzerland,Baar,1,30,1,52,Moderate
Germany,Bad Neuenahr Ahrweiler,1,37,3,57,Moderate
Germany,Bad Tolz,1,36,2,66,Moderate
Pakistan,Baffa,3,139,0,165,Unhealthy
India,Bagepalli,1,24,0,22,Good
Russian Federation,Berdsk,1,42,1,37,Good
Czechia,Prague,1,37,2,81,Moderate
Pakistan,Raja Jang,3,163,1,161,Unhealthy
India,Phuntsholing,2,38,0,60,Moderate
Ukraine,Mospyne,1,38,1,18,Good
United States of America,Northlake,2,13,20,66,Moderate
Mexico,Nueva Italia De Ruiz,1,17,1,26,Good
Russian Federation,Yelabuga,1,37,1,53,Moderate
Malta,Zejtun,1,49,1,54,Moderate
Belgium,Zelzate,1,36,4,58,Moderate
United States of America,Groton,1,28,5,30,Good
China,Urumqi,1,68,1,152,Unhealthy
France,Vannes,1,31,2,59,Moderate
Hungary,Varpalota,1,42,1,66,Moderate
India,Velur,1,29,0,37,Good
India,Tosham,3,162,1,171,Unhealthy
Russian Federation,Tyumen,1,32,0,27,Good
Belgium,Virton,1,40,2,58,Moderate
China,Weihe,2,43,0,64,Moderate
China,Xiaoshan,4,37,11,159,Unhealthy
United States of America,Hugo,1,38,5,51,Moderate
Brazil,Chapada Dos Guimaraes,1,2,0,41,Good
United States of America,Cheshire,2,19,17,59,Moderate
United States of America,Draper,1,26,7,38,Good
India,Toda Raisingh,1,39,0,191,Unhealthy
Russian Federation,Toguchin,1,42,0,37,Good
India,Ariyalur,1,31,0,44,Good
United States of America,Fort Washington,1,28,9,51,Moderate
Romania,Mioveni,1,41,0,47,Good
New Zealand,Masterton,0,13,2,11,Good
Japan,Matsubase,1,27,2,25,Good
India,Borsad,1,41,0,150,Unhealthy
France,Bouc Bel Air,1,30,5,30,Good
Germany,Ahaus,1,16,9,54,Moderate
France,Roquebrune Cap Martin,1,39,1,35,Good
Cameroon,Douala,3,25,1,79,Moderate
United States of America,East Hanover,2,14,20,71,Moderate
United States of America,East Meadow,2,17,21,65,Moderate
France,Elbeuf,1,27,3,53,Moderate
Sri Lanka,Eravur,1,36,0,59,Moderate
Indonesia,Katobu,0,18,0,22,Good
Germany,Frankfurt,0,31,1,39,Good
Philippines,Pasacao,1,23,0,53,Moderate
India,Panna,1,45,0,203,Very Unhealthy
United States of America,Savannah,2,31,3,74,Moderate
India,Sendhwa,0,33,0,152,Unhealthy
India,Punjai Puliyampatti,0,25,0,46,Good
United States of America,Key Biscayne,1,17,10,60,Moderate
Bosnia and Herzegovina,Kakanj,1,32,0,50,Good
India,Kalna,5,114,4,162,Unhealthy
India,Khekra,4,151,5,203,Very Unhealthy
Russian Federation,Kirovsk,1,27,0,7,Good
Sweden,Lulea,1,28,0,3,Good
China,Suozhen,4,149,6,156,Unhealthy
Poland,Szczecin,1,26,3,34,Good
Italy,Taviano,1,49,2,68,Moderate
Albania,Tepelene,1,31,2,57,Moderate
France,Thiers,1,24,2,36,Good
Kyrgyzstan,Toktogul,0,41,0,84,Moderate
Poland,Chelmno,1,31,1,26,Good
India,Chichli,1,36,0,152,Unhealthy
France,Boissy Saint Leger,1,28,2,30,Good
Poland,Szczytno,0,34,0,34,Good
Spain,Tacoronte,1,36,0,8,Good
India,Tandur,0,27,0,74,Moderate
Colombia,Abrego,2,13,2,63,Moderate
United States of America,Adelanto,2,31,12,79,Moderate
Spain,Algeciras,1,27,5,40,Good
Belgium,Balen,1,23,5,36,Good
Romania,Barlad,1,42,1,66,Moderate
Brazil,Caarapo,1,15,0,9,Good
India,Ladwa,3,151,1,152,Unhealthy
Democratic Republic of the Congo,Lubao,2,23,1,99,Moderate
India,Mangrul Pir,1,33,0,148,Unhealthy for Sensitive Groups
China,Datong,1,44,1,38,Good
Netherlands,Delfzijl,1,30,3,27,Good
Indonesia,Demak,1,47,1,85,Moderate
Indonesia,Klungkung,1,25,0,33,Good
Malaysia,Kuching,1,16,0,46,Good
India,Miranpur,4,171,5,407,Hazardous
Pakistan,Miro Khan,1,57,1,168,Unhealthy
France,Montrouge,1,28,2,31,Good
United States of America,West Odessa,1,31,1,58,Moderate
United States of America,Wyoming,2,15,17,74,Moderate
Mexico,Yurecuaro,1,6,5,49,Good
Ukraine,Zhmerynka,1,38,1,72,Moderate
Romania,Boldesti Scaeni,1,41,0,39,Good
France,Cahors,1,24,2,40,Good
Germany,Schkeuditz,0,31,1,31,Good
Russian Federation,Seltso,0,33,0,44,Good
Italy,Sesto San Giovanni,1,39,3,62,Moderate
Central African Republic,Berberati,2,14,0,43,Good
Brazil,Sume,0,16,0,28,Good
India,Agartala,1,39,1,125,Unhealthy for Sensitive Groups
Brazil,Almenara,1,3,1,28,Good
Colombia,Apartado,1,9,0,34,Good
India,Bahjoi,1,53,1,447,Hazardous
Philippines,Balagtas,1,24,1,71,Moderate
Czechia,Beroun,1,48,0,59,Moderate
Côte d'Ivoire,Bondoukou,1,21,0,27,Good
Iran (Islamic Republic of),Borazjan,1,45,0,156,Unhealthy
United States of America,Centerville,1,45,1,42,Good
Czechia,Roudnice,1,46,1,57,Moderate
Spain,Santa Comba,1,30,2,28,Good
Paraguay,Villa Elisa,0,16,0,24,Good
Brazil,Vinhedo,1,30,1,72,Moderate
United States of America,Webster,1,38,2,48,Good
Ethiopia,Werota,1,18,0,54,Moderate
Mexico,Xalapa,1,29,0,52,Moderate
Russian Federation,Yartsevo,1,37,0,16,Good
South Africa,Zastron,1,0,20,147,Unhealthy for Sensitive Groups
Russian Federation,Zima,1,8,6,34,Good
United States of America,Cutler,2,10,14,101,Unhealthy for Sensitive Groups
Democratic Republic of the Congo,Bunia,1,16,0,51,Moderate
Philippines,San Narciso,0,25,0,69,Moderate
India,Proddatur,0,31,0,119,Unhealthy for Sensitive Groups
Russian Federation,Novominskaya,1,43,0,14,Good
Romania,Sacueni,1,29,1,51,Moderate
India,Salaya,0,28,0,153,Unhealthy
India,Salur,1,46,0,158,Unhealthy
Indonesia,Tayu,2,100,1,89,Unhealthy for Sensitive Groups
Indonesia,Teluknaga,4,188,3,163,Unhealthy
China,Tongling,3,150,3,102,Unhealthy
Mexico,Tuxtepec,2,20,4,84,Moderate
United Republic of Tanzania,Ushirombo,0,16,0,22,Good
Russian Federation,Verkhnyaya Sinyachikha,1,29,0,52,Moderate
United States of America,Villas,1,25,5,46,Good
South Africa,Virginia,4,12,12,160,Unhealthy
South Africa,Vryheid,2,13,5,92,Moderate
Russian Federation,Vyazma,1,32,0,11,Good
Senegal,Waounde,1,26,1,162,Unhealthy
Germany,Weinsberg,1,28,3,51,Moderate
United States of America,Wekiva Springs,1,15,13,67,Moderate
Italy,Francavilla Fontana,1,44,3,78,Moderate
Botswana,Gaborone,1,9,2,71,Moderate
Japan,Ginowan,2,99,0,40,Moderate
China,Chenzhou,4,60,4,126,Unhealthy for Sensitive Groups
Chile,Laja,1,10,7,57,Moderate
Angola,Luau,1,20,0,54,Moderate
Cameroon,Mbalmayo,2,23,0,49,Good
Germany,Alsdorf,1,24,4,43,Good
Turkey,Bafra,1,48,0,14,Good
Cameroon,Bali,5,10,2,91,Moderate
Thailand,Ban Pong,0,23,0,39,Good
India,Bargi,1,37,0,170,Unhealthy
Switzerland,Binningen,1,25,3,87,Moderate
United States of America,Bluefield,1,36,1,18,Good
Ukraine,Boryslav,1,41,0,80,Moderate
Italy,Martellago,2,32,6,86,Moderate
India,Muri,2,98,1,186,Unhealthy
United Republic of Tanzania,Mwandiga,2,16,0,59,Moderate
Portugal,Samora Correia,1,36,2,44,Good
Japan,Fujieda,1,46,1,41,Good
France,Eragny,1,19,4,48,Good
Brazil,Forquilhinha,1,18,2,45,Good
India,Guruvayur,0,25,0,68,Moderate
Germany,Haltern,0,28,2,26,Good
United States of America,Holly Hill,1,30,6,43,Good
India,Digras,1,35,0,137,Unhealthy for Sensitive Groups
United States of America,Enterprise,2,12,8,81,Moderate
Greece,Florina,1,38,3,69,Moderate
Hungary,Kapuvar,1,38,1,57,Moderate
United States of America,Greenwich,1,42,7,58,Moderate
Germany,Grunstadt,1,35,1,28,Good
United Kingdom of Great Britain and Northern Ireland,Halifax,0,31,1,53,Moderate
Pakistan,Chak,1,46,0,166,Unhealthy
Brazil,Lucelia,1,8,1,22,Good
Gambia,Lamin,1,24,1,153,Unhealthy
France,La Motte Servolex,1,32,1,64,Moderate
Indonesia,Krian,3,137,1,161,Unhealthy
Russian Federation,Manturovo,1,29,1,50,Good
Portugal,Peniche,1,30,3,19,Good
Libya,Darnah,1,53,0,33,Moderate
Nigeria,Wukari,3,19,1,91,Moderate
China,Ximei,3,167,3,97,Unhealthy
China,Yilan,1,46,0,46,Good
Mexico,Zacoalco,1,8,4,51,Moderate
Slovakia,Zvolen,1,42,1,69,Moderate
Brazil,Lavras,1,10,2,44,Good
France,Le Moule,0,25,0,101,Unhealthy for Sensitive Groups
France,Lievin,0,26,2,35,Good
Bangladesh,Madaripur,2,36,4,172,Unhealthy
Indonesia,Manggar,0,19,0,34,Good
Japan,Tondabayashi,1,47,0,21,Good
India,Turaiyur,1,27,1,61,Moderate
Armenia,Vanadzor,1,27,0,30,Good
France,Vandoeuvre Les Nancy,1,22,3,28,Good
United States of America,Victorville,2,28,13,74,Moderate
Cuba,Placetas,1,19,3,55,Moderate
Japan,Shibetsu,0,35,0,16,Good
Ghana,Suhum,1,18,1,84,Moderate
Brazil,Poco Verde,0,7,1,28,Good
Côte d'Ivoire,Tiassale,1,17,0,64,Moderate
United States of America,Urbana,1,27,9,47,Good
Sweden,Varberg,0,40,0,20,Good
Russian Federation,Yurga,1,30,0,49,Good
Mexico,Zaragoza,1,20,6,49,Good
Uzbekistan,Zomin,1,40,0,153,Unhealthy
Germany,Werdohl,1,34,1,26,Good
Germany,Witten,1,34,2,27,Good
China,Xingyi,3,37,3,78,Moderate
China,Xuanzhou,3,156,3,111,Unhealthy
Austria,Vocklabruck,1,24,2,38,Good
United States of America,Waldorf,2,37,5,67,Moderate
Namibia,Omaruru,0,21,0,35,Good
Lithuania,Palanga,1,29,1,35,Good
Cyprus,Paralimni,1,57,1,58,Moderate
Germany,Lehrte,1,39,3,57,Moderate
China,Licheng,3,16,16,135,Unhealthy for Sensitive Groups
United States of America,Snellville,3,14,24,86,Moderate
India,Sojat,1,32,0,178,Unhealthy
Philippines,Agoo,0,24,1,54,Moderate
Germany,Alpen,1,31,2,40,Good
Peru,Arequipa,1,4,5,57,Moderate
Austria,Worgl,1,33,1,14,Good
China,Yingzhong,3,131,1,90,Unhealthy for Sensitive Groups
China,Yunjinghong,0,21,0,13,Good
Colombia,Zarzal,2,3,5,73,Moderate
Germany,Trossingen,1,23,2,42,Good
Ukraine,Vesele,1,40,0,27,Good
Hungary,Veszprem,1,34,2,84,Moderate
Russian Federation,Vyritsa,1,31,2,22,Good
Japan,Wajima,1,45,0,32,Good
Netherlands,Lisse,1,27,5,40,Good
Viet Nam,Long Xuyen,1,24,0,53,Moderate
Germany,Kolkwitz,0,33,1,27,Good
Kyrgyzstan,Kyzyl Suu,0,31,0,40,Good
India,Sagauli,4,166,1,253,Very Unhealthy
France,Sallanches,1,28,0,25,Good
Brazil,Queimados,4,16,13,151,Unhealthy
Brazil,Urussanga,1,13,4,43,Good
Italy,Valenzano,1,49,1,37,Good
Belgium,Tremelo,1,30,3,37,Good
Bolivia (Plurinational State of),Villazon,0,12,0,9,Good
Switzerland,Zollikon,1,28,1,32,Good
Belgium,Zottegem,1,26,3,36,Good
Nigeria,Pindiga,2,19,0,64,Moderate
United States of America,Saint Petersburg,1,21,9,54,Moderate
Guatemala,San Antonio Suchitepequez,3,10,12,103,Unhealthy for Sensitive Groups
Guatemala,San Cristobal Verapaz,2,5,5,74,Moderate
Brazil,Sao Jose,2,12,4,62,Moderate
Nepal,Siddharthanagar,3,102,0,135,Unhealthy for Sensitive Groups
Morocco,Sidi Qasim,2,22,6,46,Good
Philippines,Surigao,1,22,0,53,Moderate
Egypt,Tahta,1,44,2,162,Unhealthy
Colombia,Tame,1,10,0,20,Good
United States of America,Tampa,1,13,17,67,Moderate
Russian Federation,Tashtagol,1,32,0,29,Good
United States of America,Somers Point,1,35,2,29,Good
Netherlands,Steenwijk,0,35,1,34,Good
Poland,Kalisz,1,32,1,34,Good
Brazil,Independencia,0,10,1,22,Good
Norway,Honefoss,1,36,1,23,Good
China,Hutang,2,129,4,109,Unhealthy for Sensitive Groups
Germany,Halberstadt,1,38,1,26,Good
Peru,Nauta,1,1,0,32,Good
Viet Nam,Nha Trang,2,30,0,65,Moderate
United States of America,Oklahoma City,1,26,4,53,Moderate
United States of America,Schererville,2,10,26,72,Moderate
Belgium,Tervuren,1,25,4,44,Good
Canada,Thetford Mines,1,40,0,22,Good
India,Titagarh,4,106,4,183,Unhealthy
Brazil,Simao Dias,0,8,2,35,Good
United States of America,Smithtown,2,40,10,72,Moderate
Malaysia,Sungai Besar,1,41,1,50,Good
Madagascar,Taolanaro,0,30,0,9,Good
Russian Federation,Tarusa,0,31,2,41,Good
Russian Federation,Bataysk,1,45,2,20,Good
Monaco,Beausoleil,1,56,1,42,Moderate
Spain,Berga,1,40,0,35,Good
United States of America,Caldwell,1,31,1,41,Good
Republic of North Macedonia,Cegrane,1,39,0,108,Unhealthy for Sensitive Groups
India,Chandigarh,5,18,27,166,Unhealthy
Brazil,Embu Guacu,9,0,29,182,Unhealthy
Brazil,Esplanada,0,15,1,15,Good
Brazil,Angatuba,1,8,1,18,Good
Italy,Bagno A Ripoli,1,41,3,71,Moderate
Jordan,Madaba,3,47,8,144,Unhealthy for Sensitive Groups
Mexico,Manzanillo,1,20,1,29,Good
Sri Lanka,Kilinochchi,0,28,0,59,Moderate
Paraguay,San Estanislao,2,3,2,56,Moderate
Italy,San Pietro In Casale,1,46,1,63,Moderate
Italy,Treviso,1,41,2,73,Moderate
Russian Federation,Ugleuralskiy,1,33,0,32,Good
Ukraine,Ukrayinka,1,40,1,28,Good
Spain,Teruel,1,27,1,54,Moderate
United States of America,Texarkana,2,34,4,51,Moderate
United States of America,Torrance,2,13,28,86,Moderate
Russian Federation,Krasnoye Selo,1,26,4,19,Good
Germany,Limburgerhof,1,61,0,62,Moderate
Guatemala,Almolonga,3,7,11,90,Moderate
Slovakia,Revuca,1,40,0,89,Moderate
Sweden,Kristinehamn,1,32,0,13,Good
Germany,Neu Ulm,1,35,3,60,Moderate
United States of America,Newark,2,21,16,67,Moderate
Germany,Oberndorf,1,39,1,59,Moderate
Italy,Modica,1,42,1,65,Moderate
Bosnia and Herzegovina,Mrkonjic Grad,1,38,0,62,Moderate
India,Pudur,1,28,0,32,Good
Mauritius,Rose Belle,0,30,0,40,Good
Myanmar,Sagaing,1,26,0,24,Good
Latvia,Rezekne,1,38,0,41,Good
China,Pingtung,2,130,3,89,Unhealthy for Sensitive Groups
Russian Federation,Polyarnyye Zori,1,32,0,12,Good
Germany,Eutin,1,42,0,26,Good
India,Faridkot,3,108,5,163,Unhealthy
United States of America,Fremont,1,38,2,52,Moderate
France,Narbonne,1,48,0,33,Good
India,Sonipat,10,26,32,216,Very Unhealthy
Germany,Grevesmuhlen,1,29,2,45,Good
India,Firozabad,4,164,1,169,Unhealthy
Hungary,Dunakeszi,1,63,0,57,Moderate
Brazil,Piuma,0,26,0,29,Good
South Africa,Port Shepstone,1,29,0,39,Good
France,Saint Gratien,1,46,1,67,Moderate
Italy,San Bonifacio,1,51,0,84,Moderate
Guatemala,Santa Catarina Ixtahuacan,1,28,1,58,Moderate
United States of America,River Edge,1,46,2,52,Moderate
United States of America,Roanoke Rapids,1,41,1,42,Good
Kazakhstan,Petropavl,1,36,0,16,Good
Mozambique,Chibuto,1,19,0,46,Good
United States of America,Colorado Springs,1,20,6,68,Moderate
United States of America,Copiague,2,17,22,64,Moderate
Peru,Cutervo,1,8,0,31,Good
Spain,Colmenar Viejo,1,25,3,57,Moderate
Poland,Swinoujscie,1,35,1,45,Good
India,Surat,1,28,0,119,Unhealthy for Sensitive Groups
Japan,Takaoka,1,54,2,60,Moderate
Tunisia,Talah,1,43,0,21,Good
United States of America,Hewitt,1,26,2,34,Good
Nigeria,Ikot Ekpene,3,39,1,87,Moderate
United States of America,Ithaca,1,36,0,43,Good
Canada,Joliette,1,23,1,38,Good
Russian Federation,Kansk,1,35,0,20,Good
United Republic of Tanzania,Kasulu,2,14,0,25,Good
Pakistan,Dijkot,2,142,1,169,Unhealthy
India,Dumra,3,83,1,107,Unhealthy for Sensitive Groups
Germany,Eisenberg,1,26,3,46,Good
Madagascar,Andevoranto,0,24,0,16,Good
Slovakia,Bratislava,1,33,2,61,Moderate
Canada,Calgary,1,13,8,47,Good
Poland,Chodziez,1,30,1,30,Good
India,Belaguntha,1,48,0,159,Unhealthy
India,Bilari,4,158,4,457,Hazardous
Chile,Curico,3,1,10,93,Moderate
Pakistan,Dadu,1,40,0,166,Unhealthy
China,Dalian,4,97,5,79,Moderate
Philippines,Dapitan,1,17,0,37,Good
Italy,Forio,1,51,1,20,Moderate
United Kingdom,Tiverton,1,24,7,32,Good
Japan,Tobetsu,1,25,3,45,Good
Poland,Tychy,2,28,8,104,Unhealthy for Sensitive Groups
Thailand,Ubon Ratchathani,1,26,0,46,Good
India,Umarkot,1,31,1,159,Unhealthy
Brazil,Valente,0,11,1,30,Good
Cuba,Colon,1,20,2,53,Moderate
India,Rajakhera,1,39,1,250,Very Unhealthy
Germany,Betzdorf,1,29,3,29,Good
Brazil,Pirai Do Sul,0,14,0,6,Good
Italy,Porto Empedocle,1,40,2,65,Moderate
Croatia,Sibenik,1,59,0,41,Moderate
India,Sikandarabad,2,42,3,500,Hazardous
France,Auray,0,33,0,26,Good
Nigeria,Afikpo,5,22,4,126,Unhealthy for Sensitive Groups
Japan,Amagi,1,53,2,33,Moderate
Russian Federation,Aprelevka,1,26,10,63,Moderate
United States of America,Springboro,1,41,5,84,Moderate
United States of America,Suamico,2,25,7,58,Moderate
China,Shulin,1,41,2,60,Moderate
United States of America,Colonial Heights,1,46,1,46,Good
India,Mandawar,5,29,13,166,Unhealthy
Italy,Sorrento,1,45,3,61,Moderate
Portugal,Parede,1,36,4,17,Good
United States of America,Pittsburgh,2,36,10,53,Moderate
Romania,Belcesti,1,39,1,71,Moderate
Mexico,Boca Del Rio,2,28,4,85,Moderate
Spain,Campo De Criptana,1,24,2,33,Good
France,Vitre,1,30,2,42,Good
Russian Federation,Volokonovka,1,33,1,15,Good
Russian Federation,Vyborg,1,30,1,14,Good
Germany,Worms,1,30,3,54,Moderate
Germany,Xanten,0,32,2,39,Good
Brazil,Francisco Beltrao,0,17,0,12,Good
Ukraine,Illintsi,1,42,0,70,Moderate
Russian Federation,Dubinino,1,33,0,48,Good
Russian Federation,Enem,1,42,4,45,Good
Côte d'Ivoire,Biankouma,1,18,0,25,Good
Russian Federation,Bobrov,1,41,0,27,Good
Italy,Bresso,1,66,0,90,Moderate
Venezuela (Bolivarian Republic of),Chivacoa,1,23,0,53,Moderate
Poland,Piekary Slaskie,1,40,2,83,Moderate
India,Srikakulam,2,42,3,97,Moderate
Cuba,San Antonio De Los Banos,1,20,3,54,Moderate
Germany,Sankt Ingbert,1,39,2,41,Good
Iran (Islamic Republic of),Sarab,1,40,0,44,Good
Italy,Lauria,1,44,2,59,Moderate
Brazil,Lavras Da Mangabeira,0,11,2,37,Good
Cameroon,Idenao,2,26,0,80,Moderate
Philippines,Iligan,1,22,0,56,Moderate
Greece,Katerini,1,39,1,41,Good
Russian Federation,Mariinsk,1,31,0,29,Good
Ukraine,Mena,1,36,0,52,Moderate
Brazil,Mirandopolis,1,14,1,54,Moderate
Japan,Miyoshi,1,44,0,35,Good
Brazil,Monte Azul Paulista,1,11,1,38,Good
Japan,Hanno,1,42,3,29,Good
India,Amethi,4,167,1,160,Unhealthy
Brazil,Aparecida Do Taboado,0,13,0,28,Good
India,Barka Kana,3,103,1,153,Unhealthy
Brazil,Assare,0,13,1,18,Good
Germany,Dorfen,1,38,2,64,Moderate
France,Maromme,0,31,1,27,Good
India,Narasingapuram,0,30,0,81,Moderate
United Republic of Tanzania,Njombe,0,14,0,24,Good
Bangladesh,Laksham,2,36,3,162,Unhealthy
Sweden,Ludvika,1,31,0,12,Good
India,Manawar,0,31,0,152,Unhealthy
Japan,Suzaka,1,40,0,20,Good
Viet Nam,Tan An,2,48,1,97,Moderate
Hungary,Tata,1,34,3,66,Moderate
Brazil,Bom Jesus Dos Perdoes,2,7,10,87,Moderate
Uganda,Busia,5,37,2,86,Moderate
Czechia,Cheb,0,31,1,24,Good
Bolivia (Plurinational State of),Caranavi,1,3,0,17,Good
India,Nalgonda,1,38,0,142,Unhealthy for Sensitive Groups
United Kingdom of Great Britain and Northern Ireland,Bebington,1,27,4,46,Good
Peru,Chincha Alta,1,14,1,30,Good
Romania,Ciurea,1,37,1,30,Good
Brazil,Condado,0,17,2,38,Good
Guatemala,Cuyotenango,4,6,14,105,Unhealthy for Sensitive Groups
Poland,Brzeg,1,42,1,81,Moderate
United States of America,Mason City,1,39,2,38,Good
United States of America,Medway,2,15,19,73,Moderate
United States of America,Lynbrook,4,14,34,116,Unhealthy for Sensitive Groups
Chad,Abeche,1,43,0,108,Unhealthy for Sensitive Groups
Central African Republic,Alindao,1,14,0,60,Moderate
Italy,Amantea,1,48,0,53,Moderate
India,Ambarnath,7,8,17,181,Unhealthy
Madagascar,Amboasary,0,24,0,25,Good
Russian Federation,Yasnogorsk,1,39,0,22,Good
China,Yunyang,5,58,16,156,Unhealthy
India,Dhari,0,27,0,149,Unhealthy for Sensitive Groups
Brazil,Diamantino,3,9,1,75,Moderate
India,Telhara,2,30,3,155,Unhealthy
Iraq,Tikrit,1,71,0,84,Moderate
India,Tirumala,2,33,3,97,Moderate
Mexico,Tlaquepaque,1,30,0,54,Moderate
India,Uniara,2,22,7,177,Unhealthy
Brazil,Viradouro,1,23,0,55,Moderate
Romania,Vladimirescu,1,48,0,46,Good
Russian Federation,Vyselki,1,44,1,30,Good
Germany,Wadgassen,1,54,0,66,Moderate
Kenya,Wajir,0,19,0,20,Good
India,Jevargi,1,38,0,97,Moderate
Sweden,Uppsala,1,29,0,9,Good
France,Vesoul,1,29,2,53,Moderate
Russian Federation,Vuktyl,1,31,0,45,Good
Sudan,Wagar,1,24,0,81,Moderate
United States of America,West Mifflin,3,11,28,89,Moderate
India,Guru Har Sahai,2,141,1,171,Unhealthy
Brazil,Guaiuba,0,21,1,34,Good
United States of America,Hutchinson,1,38,2,47,Good
United States of America,Kalamazoo,2,11,12,68,Moderate
Pakistan,Daro,1,44,0,165,Unhealthy
United Kingdom of Great Britain and Northern Ireland,Failsworth,1,22,5,30,Good
Venezuela (Bolivarian Republic of),Tinaquillo,3,1,10,151,Unhealthy
Georgia,Tkvarcheli,1,36,0,11,Good
Switzerland,Affoltern,1,26,3,111,Unhealthy for Sensitive Groups
United States of America,Citrus Heights,2,9,22,67,Moderate
Zimbabwe,Bulawayo,1,17,1,65,Moderate
Czechia,Vyskov,1,39,2,69,Moderate
China,Zouxian,4,187,5,137,Unhealthy
Russian Federation,Suoyarvi,1,32,0,14,Good
Italy,Surbo,1,61,1,70,Moderate
Poland,Szprotawa,1,27,1,32,Good
Mexico,Tala,1,4,7,62,Moderate
Sudan,Talawdi,1,9,2,64,Moderate
France,Tinqueux,1,25,2,30,Good
India,Udankudi,0,28,0,51,Moderate
Czechia,Usti,1,23,5,42,Good
Serbia,Uzice,1,27,0,63,Moderate
France,Tourlaville,1,8,16,33,Good
Poland,Pszczyna,2,31,7,71,Moderate
Russian Federation,Pushchino,1,32,2,36,Good
Hungary,Puspokladany,1,30,2,69,Moderate
Azerbaijan,Quba,1,34,0,40,Good
Netherlands,Vriezenveen,1,25,5,46,Good
China,Wuzhou,2,23,3,51,Moderate
Brazil,Divinopolis,2,3,6,68,Moderate
Nicaragua,Masatepe,1,18,1,43,Good
United States of America,Mechanicsville,1,30,6,37,Good
Poland,Lobez,1,37,1,46,Good
China,Luchou,1,36,3,61,Moderate
Russian Federation,Kimovsk,0,31,0,44,Good
France,Kingersheim,1,30,1,34,Good
France,Lormont,0,42,0,24,Good
Italy,Merate,1,33,3,27,Good
Thailand,Kuchinarai,0,26,0,51,Moderate
Myanmar,Kyaikkami,0,20,0,54,Moderate
France,La Valette Du Var,1,28,7,59,Moderate
Mexico,Xochitepec,2,35,3,138,Unhealthy for Sensitive Groups
Greece,Papagos,1,45,0,48,Good
Russian Federation,Norilsk,1,32,1,22,Good
United States of America,Myrtle Beach,2,43,2,32,Good
Indonesia,Mojokerto,3,91,1,150,Unhealthy
Mexico,Tecalitlan,1,3,5,40,Good
Malaysia,Temerloh,1,34,0,56,Moderate
Spain,Totana,1,32,1,30,Good
Hungary,Szarvas,1,32,1,40,Good
India,Bagaha,4,31,8,151,Unhealthy
United States of America,Jackson,1,41,3,51,Moderate
Belgium,Kapellen,1,29,4,32,Good
India,Hosdurga,0,21,0,41,Good
Germany,Neuwied,1,35,3,61,Moderate
Colombia,El Carmen De Bolivar,2,3,7,60,Moderate
United States of America,Cottonwood,1,12,5,43,Good
Brazil,Curitiba,1,13,5,56,Moderate
Colombia,Barrancas,1,27,0,78,Moderate
United States of America,Beaverton,2,18,10,114,Unhealthy for Sensitive Groups
India,Biswan,3,40,8,152,Unhealthy
Italy,Boscotrecase,1,72,1,57,Moderate
United States of America,Boston,1,40,1,44,Good
Austria,Bruck An Der Mur,1,43,0,66,Moderate
Chile,Calama,0,16,0,184,Unhealthy
Guatemala,Cantel,1,27,1,57,Moderate
France,Cestas,1,42,0,19,Good
India,Chanderi,3,62,3,162,Unhealthy
Peru,Chaupimarca,0,11,0,6,Good
China,Yigou,3,176,4,127,Unhealthy
Russian Federation,Zheleznogorsk Ilimskiy,1,40,0,23,Good
India,Umrala,0,34,0,156,Unhealthy
United States of America,Urbandale,1,34,4,36,Good
China,Xiaolan,5,115,9,153,Unhealthy
Iran (Islamic Republic of),Khoy,1,39,0,52,Moderate
India,Kottayam,1,23,1,79,Moderate
India,Lakshettipet,1,23,1,108,Unhealthy for Sensitive Groups
Philippines,Koronadal,1,17,0,31,Good
Italy,Capaci,1,45,0,65,Moderate
United Kingdom of Great Britain and Northern Ireland,Cardiff,0,33,0,67,Moderate
Thailand,Bang Sai,0,24,0,56,Moderate
Brazil,Baturite,1,10,3,42,Good
Russian Federation,Bikin,1,31,0,27,Good
South Africa,Scottsburgh,12,10,15,185,Unhealthy
Germany,Norvenich,1,33,5,56,Moderate
United States of America,Chicago Heights,2,10,27,77,Moderate
Georgia,Gori,1,39,0,19,Good
Venezuela (Bolivarian Republic of),Guacara,3,4,16,159,Unhealthy
Venezuela (Bolivarian Republic of),Guanare,1,10,2,76,Moderate
Netherlands,Heiloo,1,38,3,40,Good
France,Epinay Sur Seine,2,28,5,71,Moderate
Russian Federation,Kropotkin,1,48,0,22,Good
Indonesia,Kualakapuas,1,11,2,71,Moderate
United States of America,Lakeland Highlands,1,65,3,16,Moderate
Ireland,Leixlip,1,41,0,37,Good
United States of America,American Fork,1,45,1,41,Good
China,Anshan,3,54,5,78,Moderate
India,Attayyampatti,2,25,6,95,Moderate
France,Cormeilles En Parisis,1,46,1,66,Moderate
United States of America,Macomb,1,45,1,58,Moderate
Slovakia,Malacky,1,57,0,68,Moderate
United States of America,Maplewood,1,46,2,51,Moderate
Chile,Lautaro,2,1,11,66,Moderate
Germany,Lichtenfels,1,26,2,32,Good
United States of America,Lutz,1,27,12,46,Good
Japan,Kamaishi,1,37,0,18,Good
Israel,Haifa,2,36,11,90,Moderate
China,Homei,4,204,9,156,Very Unhealthy
China,Honghu,3,90,3,93,Moderate
Denmark,Koge,0,33,0,35,Good
Pakistan,Kot Diji,1,46,0,179,Unhealthy
United States of America,Uniondale,2,15,24,75,Moderate
Hungary,Vac,1,42,1,74,Moderate
Brazil,Lambari,1,6,4,55,Moderate
Russian Federation,Lomonosov,1,38,4,27,Good
Ecuador,Macara,1,3,4,52,Moderate
Russian Federation,Kolomna,0,33,0,25,Good
Italy,Montalto Uffugo,1,46,0,16,Good
Zimbabwe,Beitbridge,2,19,1,52,Moderate
Turkey,Biga,1,36,0,44,Good
Russian Federation,Kaliningrad,1,31,2,38,Good
Germany,Geisenheim,1,27,3,53,Moderate
Russian Federation,Ekazhevo,1,37,1,37,Good
United States of America,Berea,2,22,10,68,Moderate
United States of America,Abilene,1,25,1,52,Moderate
India,Mariahu,4,156,2,166,Unhealthy
United States of America,Neosho,1,32,2,61,Moderate
India,Jhanjharpur,3,102,1,70,Unhealthy for Sensitive Groups
China,Chengzihe,1,39,1,50,Good
United States of America,Cuyahoga Falls,2,33,5,41,Good
Germany,Prenzlau,0,36,1,29,Good
Japan,Komoro,1,32,1,10,Good
Germany,Darmstadt,1,36,3,66,Moderate
India,Deori Khas,1,40,0,193,Unhealthy
Indonesia,Boyolangu,1,28,0,48,Good
Mexico,Zitacuaro,1,33,0,51,Moderate
Brazil,Santa Quiteria Do Maranhao,1,11,1,38,Good
India,Sapatgram,2,48,0,63,Moderate
Germany,Balingen,1,39,1,58,Moderate
Spain,Ingenio,1,37,0,17,Good
India,Jagalur,0,23,0,52,Moderate
Italy,Todi,1,73,0,39,Moderate
Finland,Turku,1,36,0,5,Good
United States of America,Vienna,1,45,3,38,Good
United States of America,Worthington,1,39,1,44,Good
Poland,Wroclaw,1,44,0,50,Good
Chile,Talca,3,2,8,70,Moderate
Indonesia,Tanete,1,23,1,57,Moderate
United States of America,Wauconda,1,28,4,58,Moderate
China,Xixiang,9,5,44,181,Unhealthy
Indonesia,Ngunut,1,26,0,51,Moderate
Honduras,Talanga,2,0,4,81,Moderate
France,Talant,1,25,2,42,Good
Senegal,Tambacounda,1,17,0,115,Unhealthy for Sensitive Groups
United Republic of Tanzania,Tarime,1,12,0,60,Moderate
United States of America,Vega Baja,0,22,0,79,Moderate
Germany,Sindelfingen,1,37,2,61,Moderate
India,Surandai,1,26,0,48,Good
Uzbekistan,Termiz,1,49,0,172,Unhealthy
Italy,Tezze Sul Brenta,1,38,2,65,Moderate
Russian Federation,Tikhoretsk,1,35,0,6,Good
France,Saint Orens De Gameville,1,32,2,23,Good
Thailand,Sam Roi Yot,0,19,0,30,Good
Myanmar,Letpadan,1,26,0,27,Good
Malaysia,Kudat,1,23,0,40,Good
Spain,Villanueva De La Serena,1,27,2,22,Good
Italy,Vimodrone,1,34,6,102,Unhealthy for Sensitive Groups
India,Wai,0,23,0,86,Moderate
Germany,Wallenhorst,0,34,1,36,Good
Brazil,Urbano Santos,1,11,1,71,Moderate
United States of America,Tahlequah,1,26,3,75,Moderate
Brazil,Tatui,2,7,5,71,Moderate
United States of America,Aguadilla,1,24,0,134,Unhealthy for Sensitive Groups
India,Ajnala,3,157,1,148,Unhealthy
Australia,Caloundra,0,28,2,17,Good
Indonesia,Bima,1,25,0,24,Good
Sri Lanka,Beruwala,0,26,0,65,Moderate
Kenya,Molo,2,26,0,60,Moderate
South Africa,Mooi River,2,20,1,58,Moderate
Ethiopia,Kembolcha,1,37,0,159,Unhealthy
United States of America,Meridian,2,30,3,52,Moderate
United States of America,Saint Marys,2,27,8,68,Moderate
India,Rawatbhata,1,39,0,175,Unhealthy
Brazil,Rio Real,0,9,1,24,Good
Poland,Drawsko Pomorskie,1,28,1,33,Good
China,Lichuan,2,72,0,76,Moderate
Japan,Rifu,1,45,0,24,Good
Spain,Siero,1,30,4,42,Good
China,Yingcheng,4,174,5,128,Unhealthy
Philippines,Trapiche,1,19,0,51,Moderate
Germany,Trebur,1,37,1,30,Good
Germany,Ubach Palenberg,1,33,2,34,Good
France,Vence,1,35,3,69,Moderate
United States of America,West Monroe,1,21,3,51,Moderate
India,Gubbi,0,22,0,53,Moderate
Dominican Republic,Fantino,2,5,15,90,Moderate
Brazil,Guaramirim,2,6,6,72,Moderate
Italy,Portogruaro,2,36,4,84,Moderate
Germany,Mohnesee,0,31,2,51,Moderate
Japan,Nagaoka,1,39,1,27,Good
Russian Federation,Nizhniy Odes,1,37,0,10,Good
India,Revadanda,0,24,0,113,Unhealthy for Sensitive Groups
Brazil,Santa Ines,0,11,1,19,Good
Russian Federation,Labytnangi,1,26,0,3,Good
Colombia,Manzanares,2,6,4,61,Moderate
India,Siruguppa,0,26,0,63,Moderate
Serbia,Sombor,1,39,1,67,Moderate
United Kingdom of Great Britain and Northern Ireland,Hove,0,28,3,36,Good
Belgium,Poperinge,1,25,3,38,Good
India,Tenali,1,42,0,137,Unhealthy for Sensitive Groups
India,Tirukkoyilur,1,39,1,76,Moderate
Hungary,Szigethalom,1,27,2,52,Moderate
Albania,Kamze,1,44,2,60,Moderate
India,Wokha,1,26,0,57,Moderate
China,Xuchang,4,202,3,151,Very Unhealthy
United States of America,Weatherford,1,26,2,42,Good
Indonesia,Welahan,2,87,2,96,Moderate
Ecuador,Zaruma,1,6,3,44,Good
Croatia,Sisak,2,32,1,64,Moderate
Russian Federation,Birobidzhan,1,31,0,41,Good
Brazil,Braganca Paulista,3,8,8,104,Unhealthy for Sensitive Groups
Brazil,Cajueiro,0,14,2,29,Good
Russian Federation,Degtyarsk,1,30,1,26,Good
United States of America,Dudley,1,47,2,46,Good
India,Gajendragarh,0,26,0,92,Moderate
Italy,Finale Emilia,1,36,3,68,Moderate
Pakistan,Mianwali,2,159,1,153,Unhealthy
Indonesia,Muncar,1,24,0,37,Good
United States of America,Lake Magdalene,1,27,13,49,Good
Latvia,Ludza,1,31,0,28,Good
Brazil,Surubim,0,11,3,36,Good
United States of America,Brigham City,1,3,10,48,Good
India,Alibag,0,22,0,114,Unhealthy for Sensitive Groups
Cameroon,Bogo,2,16,0,75,Moderate
United States of America,Elkhart,2,8,19,64,Moderate
Belgium,De Pinte,1,25,3,36,Good
Germany,Erlenbach,0,35,1,27,Good
Gambia,Farafenni,1,24,1,111,Unhealthy for Sensitive Groups
Poland,Garwolin,1,30,3,92,Moderate
Germany,Gutersloh,2,22,11,72,Moderate
Italy,Forli,1,47,2,70,Moderate
India,Tharad,1,27,1,188,Unhealthy
United Kingdom of Great Britain and Northern Ireland,Totton,1,32,2,37,Good
Spain,Valdepenas,0,43,0,11,Good
Italy,Sona,1,51,0,83,Moderate
Malaysia,Taiping,3,24,10,131,Unhealthy for Sensitive Groups
Belgium,Vise,1,40,1,56,Moderate
Thailand,Nong Phai,0,21,0,44,Good
India,Phek,1,44,0,33,Good
Portugal,Povoa De Santo Adriao,0,42,0,14,Good
Russian Federation,Prokhorovka,1,39,0,35,Good
Suriname,Paramaribo,0,19,0,21,Good
United Kingdom of Great Britain and Northern Ireland,Portadown,0,35,0,64,Moderate
Ecuador,Portoviejo,1,19,2,38,Good
India,Rajauri,1,97,0,111,Unhealthy for Sensitive Groups
China,Shiyan,3,151,1,100,Unhealthy
Poland,Strzelce Opolskie,1,29,1,40,Good
Mexico,San Bartolo Del Llano,2,8,8,68,Moderate
Italy,Rosa,1,28,2,20,Good
Burundi,Rutana,2,15,0,42,Good
India,Godhra,1,36,0,152,Unhealthy
Mexico,Tlalancaleca,4,4,17,355,Hazardous
Belgium,Tubize,1,25,5,48,Good
Italy,Urbino,1,37,4,29,Good
Serbia,Veternik,1,40,2,76,Moderate
Italy,Taggia,1,45,1,36,Good
United States of America,South Houston,1,20,3,36,Good
Germany,Sulzbach Rosenberg,1,35,2,42,Good
South Africa,Zeerust,2,36,1,77,Moderate
Germany,Maintal,1,27,3,52,Moderate
Netherlands,Oud Beijerland,0,34,2,31,Good
Peru,Salas,1,8,2,48,Good
Italy,Santa Maria Di Sala,2,30,7,87,Moderate
Burundi,Kayanza,5,21,2,62,Moderate
China,Keelung,1,49,2,63,Moderate
Netherlands,Kesteren,1,31,3,37,Good
Belgium,Jabbeke,1,26,3,39,Good
Azerbaijan,Imisli,1,43,0,90,Moderate
Brazil,Ji Parana,1,6,0,42,Good
United States of America,Kaneohe,0,35,0,36,Good
Italy,San Giuliano Terme,1,42,4,76,Moderate
China,Sanchazi,2,39,1,37,Good
Sri Lanka,Matara,1,17,2,43,Good
Netherlands,Meerssen,1,39,1,55,Moderate
Serbia,Cacak,1,32,0,61,Moderate
Italy,Darfo,1,22,3,64,Moderate
Greece,Aiyion,1,40,0,78,Moderate
Russian Federation,Odintsovo,1,32,6,36,Good
Uganda,Bushenyi,3,21,0,74,Moderate
Germany,Beckum,2,29,8,68,Moderate
Pakistan,Faruka,2,120,0,178,Unhealthy
Netherlands,Duiven,1,30,2,21,Good
Belgium,Blegny,1,32,4,61,Moderate
India,Hindupur,1,24,0,21,Good
Thailand,Warin Chamrap,1,26,0,58,Moderate
Portugal,Torres Vedras,1,39,2,47,Good
Brazil,Tupancireta,0,22,0,11,Good
United States of America,Westwood,1,34,5,50,Good
United States of America,Woodland,2,25,12,77,Moderate
Sierra Leone,Yengema,1,8,0,54,Moderate
Sierra Leone,Koidu,1,17,0,34,Good
Russian Federation,Kumertau,1,37,0,33,Good
Canada,Lacombe,1,39,0,10,Good
United States of America,Woonsocket,1,27,8,42,Good
United States of America,Dalton,1,15,11,58,Moderate
Germany,Dieburg,0,37,0,29,Good
Ghana,Aburi,1,17,1,63,Moderate
El Salvador,Gotera,3,0,16,95,Moderate
Brazil,Ibirite,3,1,7,122,Unhealthy for Sensitive Groups
Italy,Barberino Di Mugello,1,39,2,67,Moderate
France,Cugnaux,1,33,1,22,Good
Poland,Rydultowy,1,38,2,96,Moderate
Brazil,Bom Conselho,0,9,2,35,Good
Spain,Torrox,2,21,7,50,Good
Ghana,Techiman,1,19,0,55,Moderate
Israel,Tel Aviv Yafo,2,39,11,127,Unhealthy for Sensitive Groups
Russian Federation,Gigant,1,35,0,25,Good
Sweden,Trollhattan,1,39,2,28,Good
United States of America,Truckee,1,16,6,45,Good
Brazil,Umirim,0,20,1,40,Good
United States of America,Weehawken,1,24,13,64,Moderate
China,Linqing,3,178,3,132,Unhealthy
Italy,Luino,1,35,0,13,Good
United States of America,Garden Grove,3,12,25,93,Moderate
Ethiopia,Gimbi,1,17,0,64,Moderate
United Republic of Tanzania,Mlowo,1,16,0,40,Good
Poland,Mosina,1,29,1,35,Good
Mexico,San Jose Iturbide,1,19,4,36,Good
Pakistan,Sarai Alamgir,2,170,1,181,Unhealthy
Papua New Guinea,Tari,0,8,0,7,Good
Russian Federation,Tulskiy,1,47,0,25,Good
Russian Federation,Uglovoye,2,62,3,106,Unhealthy for Sensitive Groups
United States of America,Vermilion,1,36,2,56,Moderate
Zimbabwe,Victoria Falls,0,26,0,14,Good
United States of America,Superior,1,30,5,32,Good
United States of America,Sparks,3,18,7,138,Unhealthy for Sensitive Groups
France,Oloron Sainte Marie,1,36,0,16,Good
Bulgaria,Pernik,1,46,0,53,Moderate
Germany,Weilheim,1,59,0,65,Moderate
Cuba,Yaguajay,1,28,1,43,Good
Italy,Riesi,1,45,1,52,Moderate
United Republic of Tanzania,Magole,0,18,0,20,Good
Indonesia,Margahayu,2,73,1,98,Moderate
United Republic of Tanzania,Kigoma,2,24,0,56,Moderate
United States of America,Bay Shore,1,26,13,53,Moderate
Brazil,Guariba,1,5,2,53,Moderate
Belgium,Zwevegem,1,25,3,37,Good
United States of America,Wallington,1,43,6,57,Moderate
Togo,Niamtougou,1,29,0,56,Moderate
Russian Federation,Kirsanov,1,35,0,51,Moderate
United Republic of Tanzania,Lushoto,0,17,0,22,Good
Philippines,Maranding,0,15,0,42,Good
Germany,Kamenz,1,40,1,71,Moderate
India,Ramjibanpur,1,85,1,189,Unhealthy
Croatia,Petrinja,1,32,1,67,Moderate
Brazil,Guaratingueta,3,1,8,88,Moderate
India,Banmankhi,2,67,1,74,Moderate
Brazil,Arroio Grande,0,16,0,10,Good
Germany,Weener,0,36,0,34,Good
Netherlands,Woudrichem,0,33,2,34,Good
Italy,Tavagnacco,1,38,3,83,Moderate
Malaysia,Teluk Intan,2,57,1,90,Moderate
Mexico,Tierra Colorada,3,2,7,84,Moderate
United States of America,Venice,1,18,12,55,Moderate
Russian Federation,Kantemirovka,1,41,0,50,Good
India,Uttiramerur,1,38,0,81,Moderate
Italy,Terzigno,1,42,2,15,Good
United Kingdom of Great Britain and Northern Ireland,Tyldesley,0,29,1,45,Good
United States of America,San Bernardino,2,6,21,74,Moderate
Peru,Talara,0,24,0,37,Good
Mexico,Tepoztlan,2,6,15,152,Unhealthy
Brazil,Marapanim,1,15,0,25,Good
France,Maubeuge,1,22,4,39,Good
India,Palkonda,2,35,3,110,Unhealthy for Sensitive Groups
United States of America,Sault Sainte Marie,1,24,3,46,Good
Sudan,Sinjah,1,14,0,57,Moderate
Hungary,Gyula,1,47,0,52,Moderate
France,Hericourt,1,48,0,60,Moderate
Brazil,Jaboatao,0,24,0,20,Good
Greece,Kallithea,1,42,5,80,Moderate
India,Keshorai Patan,2,57,2,187,Unhealthy
Azerbaijan,Qobustan,1,48,0,81,Moderate
Malaysia,Rawang,6,8,25,163,Unhealthy
Brazil,Viana,0,12,0,22,Good
United States of America,Farmingville,2,17,19,51,Moderate
United States of America,Fords,2,17,18,60,Moderate
Zambia,Ndola,1,19,0,43,Good
Italy,Ovada,1,32,3,64,Moderate
India,Umarkhed,1,35,0,110,Unhealthy for Sensitive Groups
Russian Federation,Aleksin,1,40,0,20,Good
Iran (Islamic Republic of),Azad Shahr,2,34,3,101,Unhealthy for Sensitive Groups
Poland,Staszow,1,29,4,81,Moderate
United Kingdom of Great Britain and Northern Ireland,Stirling,1,17,7,39,Good
Tunisia,Jammal,1,41,2,54,Moderate
Myanmar,Taungdwingyi,0,25,0,28,Good
Canada,Thompson,1,33,0,45,Good
Brazil,Pinheiro Machado,0,16,1,26,Good
Russian Federation,Surovikino,1,36,0,22,Good
Japan,Iwaki,1,23,7,57,Moderate
Argentina,La Rioja,0,11,0,5,Good
India,Dhupgari,5,15,11,154,Unhealthy
China,Suifenhe,1,33,0,29,Good
France,Etampes,1,22,3,41,Good
Russian Federation,Zhukovo,1,39,0,18,Good
India,Vayalar,1,26,1,86,Moderate
Chile,Calbuco,1,15,3,36,Good
Egypt,Cairo,2,53,5,81,Moderate
Thailand,Chiang Mai,0,20,0,20,Good
Pakistan,Dajal,2,121,0,176,Unhealthy
Russian Federation,Belgorod,1,30,2,55,Moderate
Ukraine,Ochakiv,1,34,1,26,Good
Russian Federation,Poykovskiy,1,28,0,43,Good
Japan,Miyata,1,44,0,37,Good
United States of America,Rapid City,1,26,2,49,Good
India,Sainthia,3,108,2,120,Unhealthy for Sensitive Groups
India,Kuppam,1,24,0,24,Good
Spain,Lleida,1,33,1,24,Good
United States of America,Girard,1,40,3,29,Good
Belgium,Harelbeke,0,29,2,36,Good
Russian Federation,Novokubansk,1,47,1,20,Good
Indonesia,Prambanan,1,27,0,55,Moderate
Germany,Rottenburg,0,31,1,27,Good
Germany,Torgau,1,36,1,30,Good
Sweden,Trelleborg,0,38,0,19,Good
Poland,Wloszczowa,1,30,1,38,Good
Germany,Ludwigshafen,0,36,1,27,Good
Brazil,Macaiba,0,17,1,35,Good
France,Creil,1,21,5,50,Good
Brazil,Maracai,1,7,1,25,Good
United Republic of Tanzania,Tanga,0,20,0,40,Good
Spain,Vigo,1,22,2,20,Good
Portugal,Viseu,0,27,1,16,Good
Pakistan,Mian Channun,2,135,1,252,Very Unhealthy
South Africa,Wesselsbron,6,11,5,128,Unhealthy for Sensitive Groups
United States of America,Willow Grove,2,29,10,55,Moderate
United States of America,Wrentham,1,27,10,46,Good
Poland,Gdynia,0,33,0,27,Good
Bulgaria,Etropole,1,41,1,70,Moderate
Russian Federation,Fokino,1,31,1,54,Moderate
Mexico,Cocula,1,15,3,33,Good
Kazakhstan,Arys,1,38,0,66,Moderate
Mexico,Santa Catarina,2,5,10,86,Moderate
United States of America,Salina,1,34,1,51,Moderate
Japan,Mitsukaido,1,24,18,76,Moderate
Japan,Umi,1,49,3,38,Good
Latvia,Ventspils,1,34,0,29,Good
France,Villeurbanne,1,54,0,70,Moderate
Viet Nam,Vinh,4,27,6,105,Unhealthy for Sensitive Groups
United States of America,West Palm Beach,1,37,0,20,Good
Germany,Hochheim,2,24,8,74,Moderate
Mexico,Huetamo,1,18,2,43,Good
Italy,Paullo,1,64,0,85,Moderate
Myanmar,Paungde,1,17,0,33,Good
Poland,Sokolow Podlaski,1,35,2,89,Moderate
India,Chalakudi,1,26,1,69,Moderate
Germany,Meschede,1,39,4,71,Moderate
India,Hazaribag,1,45,1,166,Unhealthy
United States of America,Brawley,1,18,8,36,Good
France,Soyaux,1,38,1,26,Good
India,Madhavaram,2,26,3,93,Moderate
Italy,Mandello Del Lario,1,23,4,61,Moderate
India,Tamluk,2,85,2,185,Unhealthy
United States of America,Upland,3,9,26,98,Moderate
El Salvador,Usulutan,2,17,7,69,Moderate
Sweden,Vetlanda,1,34,0,24,Good
Spain,Alhama De Murcia,1,22,2,44,Good
United States of America,Converse,1,18,2,31,Good
Niger,Abalak,1,40,0,101,Unhealthy for Sensitive Groups
Tajikistan,Gafurov,1,36,1,98,Moderate
India,Ghatanji,2,36,2,156,Unhealthy
Poland,Swidnik,1,46,0,47,Good
United States of America,Benton Harbor,1,32,2,60,Moderate
Somalia,Borama,1,32,0,113,Unhealthy for Sensitive Groups
Brazil,Caete,1,20,0,46,Good
Yemen,Lahij,1,44,1,152,Unhealthy
Thailand,Nakhon Si Thammarat,1,32,0,58,Moderate
Sweden,Kiruna,1,32,0,11,Good
Japan,Yukuhashi,1,53,2,50,Moderate
Japan,Hita,1,34,1,16,Good
Germany,Vellmar,1,34,2,31,Good
Indonesia,Sungairaya,1,12,0,49,Good
Brazil,Barro,1,8,2,34,Good
South Africa,Greytown,2,25,2,64,Moderate
Spain,Mula,1,37,0,37,Good
Indonesia,Kabanjahe,0,18,0,22,Good
Ukraine,Tatarbunary,1,38,0,25,Good
United States of America,Coldwater,2,9,13,74,Moderate
Argentina,Nueve De Julio,0,15,0,20,Good
United States of America,Union,1,47,2,51,Moderate
Mexico,Tlaltelulco,3,2,11,181,Unhealthy
Bangladesh,Bheramara,3,86,2,82,Moderate
United States of America,Guaynabo,0,23,0,84,Moderate
Germany,Rutesheim,1,28,3,50,Good
Peru,Chiclayo,1,24,0,50,Good
Germany,Eberswalde,0,33,1,36,Good
Serbia,Lacarak,1,47,1,62,Moderate
Nigeria,Hadejia,4,42,2,141,Unhealthy for Sensitive Groups
Philippines,Teresa,1,25,2,65,Moderate
Tajikistan,Vakhsh,1,46,0,77,Moderate
Venezuela (Bolivarian Republic of),Villa De Cura,2,9,10,131,Unhealthy for Sensitive Groups
United States of America,Reston,1,40,5,60,Moderate
Brazil,Vitoria Da Conquista,1,3,2,38,Good
Mexico,Tonala,1,7,7,63,Moderate
Brazil,Tres Pontas,1,26,0,36,Good
Japan,Takehara,1,46,3,54,Moderate
United States of America,Sand Springs,1,49,2,56,Moderate
Japan,Tatsuno,1,42,0,24,Good
Canada,Haileybury,1,44,0,56,Moderate
Colombia,Viterbo,1,24,0,55,Moderate
China,Wangqing,3,35,2,101,Unhealthy for Sensitive Groups
United States of America,El Reno,1,39,1,35,Good
Sri Lanka,Wattala,1,24,1,72,Moderate
Pakistan,Havelian,1,124,0,85,Unhealthy for Sensitive Groups
United Kingdom of Great Britain and Northern Ireland,Urmston,1,30,3,33,Good
India,Konnur,0,23,0,86,Moderate
China,Shaoguan,3,160,1,79,Unhealthy
United States of America,Highland Springs,1,34,5,54,Moderate
Slovakia,Martin,1,39,1,71,Moderate
India,Gursahaiganj,3,154,2,184,Unhealthy
France,Sceaux,1,20,5,50,Good
India,Mormugao,1,22,1,50,Good
United States of America,Westerville,1,44,2,71,Moderate
Malaysia,Marang,1,38,0,70,Moderate
